Tuổi,Nghỉ_việc,Tần_suất_công_tác,Mức_tính_theo_ngày,Phòng_ban,Khoảng_cách_từ_nhà,Trình_độ_học_vấn,Chuyên_ngành_đào_tạo,Số_lượng_nhân_viên,Mã_nhân_viên,Mức_hài_lòng_môi_trường,Giới_tính,Mức_tính_theo_giờ,Mức_độ_gắn_kết_công_việc,Cấp_bậc_công_việc,Vai_trò_công_việc,Mức_hài_lòng_công_việc,Tình_trạng_hôn_nhân,Thu_nhập_hàng_tháng,Mức_tính_theo_tháng,Số_công_ty_đã_làm,Trên_18_tuổi,Làm_thêm_giờ,Tỷ_lệ_tăng_lương_phần_trăm,Đánh_giá_hiệu_suất,Mức_hài_lòng_mối_quan_hệ,Số_giờ_tiêu_chuẩn,Mức_quyền_chọn_cổ_phiếu,Tổng_số_năm_làm_việc,Số_lần_đào_tạo_năm_trước,Cân_bằng_công_việc_cuộc_sống,Số_năm_tại_công_ty,Số_năm_ở_vai_trò_hiện_tại,Số_năm_từ_lần_thăng_chức_gần_nhất,Số_năm_làm_với_quản_lý_hiện_tại
41,Có,Ít_khi_công_tác,1102,Kinh_doanh,1,2,Khoa_học_sự_sống,1,1,2,Nữ,94,3,2,Chuyên_viên_kinh_doanh,4,Độc_thân,5993,19479,8,Có,Có,11,3,1,80,0,8,0,1,6,4,0,5
49,Không,Thường_xuyên_công_tác,279,Nghiên_cứu_và_Phát_triển,8,1,Khoa_học_sự_sống,1,2,3,Nam,61,2,2,Nhà_nghiên_cứu_khoa_học,2,Đã_kết_hôn,5130,24907,1,Có,Không,23,4,4,80,1,10,3,3,10,7,1,7
37,Có,Ít_khi_công_tác,1373,Nghiên_cứu_và_Phát_triển,2,2,Khác,1,4,4,Nam,92,2,1,Kỹ_thuật_viên_phòng_thí_nghiệm,3,Độc_thân,2090,2396,6,Có,Có,15,3,2,80,0,7,3,3,0,0,0,0
33,Không,Thường_xuyên_công_tác,1392,Nghiên_cứu_và_Phát_triển,3,4,Khoa_học_sự_sống,1,5,4,Nữ,56,3,1,Nhà_nghiên_cứu_khoa_học,3,Đã_kết_hôn,2909,23159,1,Có,Có,11,3,3,80,0,8,3,3,8,7,3,0
27,Không,Ít_khi_công_tác,591,Nghiên_cứu_và_Phát_triển,2,1,Y_khoa,1,7,1,Nam,40,3,1,Kỹ_thuật_viên_phòng_thí_nghiệm,2,Đã_kết_hôn,3468,16632,9,Có,Không,12,3,4,80,1,6,3,3,2,2,2,2
32,Không,Thường_xuyên_công_tác,1005,Nghiên_cứu_và_Phát_triển,2,2,Khoa_học_sự_sống,1,8,4,Nam,79,3,1,Kỹ_thuật_viên_phòng_thí_nghiệm,4,Độc_thân,3068,11864,0,Có,Không,13,3,3,80,0,8,2,2,7,7,3,6
59,Không,Ít_khi_công_tác,1324,Nghiên_cứu_và_Phát_triển,3,3,Y_khoa,1,10,3,Nữ,81,4,1,Kỹ_thuật_viên_phòng_thí_nghiệm,1,Đã_kết_hôn,2670,9964,4,Có,Có,20,4,1,80,3,12,3,2,1,0,0,0
30,Không,Ít_khi_công_tác,1358,Nghiên_cứu_và_Phát_triển,24,1,Khoa_học_sự_sống,1,11,4,Nam,67,3,1,Kỹ_thuật_viên_phòng_thí_nghiệm,3,Ly_hôn,2693,13335,1,Có,Không,22,4,2,80,1,1,2,3,1,0,0,0
38,Không,Thường_xuyên_công_tác,216,Nghiên_cứu_và_Phát_triển,23,3,Khoa_học_sự_sống,1,12,4,Nam,44,2,3,Giám_đốc_sản_xuất,3,Độc_thân,9526,8787,0,Có,Không,21,4,2,80,0,10,2,3,9,7,1,8
36,Không,Ít_khi_công_tác,1299,Nghiên_cứu_và_Phát_triển,27,3,Y_khoa,1,13,3,Nam,94,3,2,Đại_diện_chăm_sóc_sức_khỏe,3,Đã_kết_hôn,5237,16577,6,Có,Không,13,3,2,80,2,17,3,2,7,7,7,7
35,Không,Ít_khi_công_tác,809,Nghiên_cứu_và_Phát_triển,16,3,Y_khoa,1,14,1,Nam,84,4,1,Kỹ_thuật_viên_phòng_thí_nghiệm,2,Đã_kết_hôn,2426,16479,0,Có,Không,13,3,3,80,1,6,5,3,5,4,0,3
29,Không,Ít_khi_công_tác,153,Nghiên_cứu_và_Phát_triển,15,2,Khoa_học_sự_sống,1,15,4,Nữ,49,2,2,Kỹ_thuật_viên_phòng_thí_nghiệm,3,Độc_thân,4193,12682,0,Có,Có,12,3,4,80,0,10,3,3,9,5,0,8
31,Không,Ít_khi_công_tác,670,Nghiên_cứu_và_Phát_triển,26,1,Khoa_học_sự_sống,1,16,1,Nam,31,3,1,Nhà_nghiên_cứu_khoa_học,3,Ly_hôn,2911,15170,1,Có,Không,17,3,4,80,1,5,1,2,5,2,4,3
34,Không,Ít_khi_công_tác,1346,Nghiên_cứu_và_Phát_triển,19,2,Y_khoa,1,18,2,Nam,93,3,1,Kỹ_thuật_viên_phòng_thí_nghiệm,4,Ly_hôn,2661,8758,0,Có,Không,11,3,3,80,1,3,2,3,2,2,1,2
28,Có,Ít_khi_công_tác,103,Nghiên_cứu_và_Phát_triển,24,3,Khoa_học_sự_sống,1,19,3,Nam,50,2,1,Kỹ_thuật_viên_phòng_thí_nghiệm,3,Độc_thân,2028,12947,5,Có,Có,14,3,2,80,0,6,4,3,4,2,0,3
29,Không,Ít_khi_công_tác,1389,Nghiên_cứu_và_Phát_triển,21,4,Khoa_học_sự_sống,1,20,2,Nữ,51,4,3,Giám_đốc_sản_xuất,1,Ly_hôn,9980,10195,1,Có,Không,11,3,3,80,1,10,1,3,10,9,8,8
32,Không,Ít_khi_công_tác,334,Nghiên_cứu_và_Phát_triển,5,2,Khoa_học_sự_sống,1,21,1,Nam,80,4,1,Nhà_nghiên_cứu_khoa_học,2,Ly_hôn,3298,15053,0,Có,Có,12,3,4,80,2,7,5,2,6,2,0,5
22,Không,Không_công_tác,1123,Nghiên_cứu_và_Phát_triển,16,2,Y_khoa,1,22,4,Nam,96,4,1,Kỹ_thuật_viên_phòng_thí_nghiệm,4,Ly_hôn,2935,7324,1,Có,Có,13,3,2,80,2,1,2,2,1,0,0,0
53,Không,Ít_khi_công_tác,1219,Kinh_doanh,2,4,Khoa_học_sự_sống,1,23,1,Nữ,78,2,4,Quản_lý,4,Đã_kết_hôn,15427,22021,2,Có,Không,16,3,3,80,0,31,3,3,25,8,3,7
38,Không,Ít_khi_công_tác,371,Nghiên_cứu_và_Phát_triển,2,3,Khoa_học_sự_sống,1,24,4,Nam,45,3,1,Nhà_nghiên_cứu_khoa_học,4,Độc_thân,3944,4306,5,Có,Có,11,3,3,80,0,6,3,3,3,2,1,2
24,Không,Không_công_tác,673,Nghiên_cứu_và_Phát_triển,11,2,Khác,1,26,1,Nữ,96,4,2,Giám_đốc_sản_xuất,3,Ly_hôn,4011,8232,0,Có,Không,18,3,4,80,1,5,5,2,4,2,1,3
36,Có,Ít_khi_công_tác,1218,Kinh_doanh,9,4,Khoa_học_sự_sống,1,27,3,Nam,82,2,1,Đại_diện_kinh_doanh,1,Độc_thân,3407,6986,7,Có,Không,23,4,2,80,0,10,4,3,5,3,0,3
34,Không,Ít_khi_công_tác,419,Nghiên_cứu_và_Phát_triển,7,4,Khoa_học_sự_sống,1,28,1,Nữ,53,3,3,Giám_đốc_nghiên_cứu,2,Độc_thân,11994,21293,0,Có,Không,11,3,3,80,0,13,4,3,12,6,2,11
21,Không,Ít_khi_công_tác,391,Nghiên_cứu_và_Phát_triển,15,2,Khoa_học_sự_sống,1,30,3,Nam,96,3,1,Nhà_nghiên_cứu_khoa_học,4,Độc_thân,1232,19281,1,Có,Không,14,3,4,80,0,0,6,3,0,0,0,0
34,Có,Ít_khi_công_tác,699,Nghiên_cứu_và_Phát_triển,6,1,Y_khoa,1,31,2,Nam,83,3,1,Nhà_nghiên_cứu_khoa_học,1,Độc_thân,2960,17102,2,Có,Không,11,3,3,80,0,8,2,3,4,2,1,3
53,Không,Ít_khi_công_tác,1282,Nghiên_cứu_và_Phát_triển,5,3,Khác,1,32,3,Nữ,58,3,5,Quản_lý,3,Ly_hôn,19094,10735,4,Có,Không,11,3,4,80,1,26,3,2,14,13,4,8
32,Có,Thường_xuyên_công_tác,1125,Nghiên_cứu_và_Phát_triển,16,1,Khoa_học_sự_sống,1,33,2,Nữ,72,1,1,Nhà_nghiên_cứu_khoa_học,1,Độc_thân,3919,4681,1,Có,Có,22,4,2,80,0,10,5,3,10,2,6,7
42,Không,Ít_khi_công_tác,691,Kinh_doanh,8,4,Tiếp_thị,1,35,3,Nam,48,3,2,Chuyên_viên_kinh_doanh,2,Đã_kết_hôn,6825,21173,0,Có,Không,11,3,4,80,1,10,2,3,9,7,4,2
44,Không,Ít_khi_công_tác,477,Nghiên_cứu_và_Phát_triển,7,4,Y_khoa,1,36,1,Nữ,42,2,3,Đại_diện_chăm_sóc_sức_khỏe,4,Đã_kết_hôn,10248,2094,3,Có,Không,14,3,4,80,1,24,4,3,22,6,5,17
46,Không,Ít_khi_công_tác,705,Kinh_doanh,2,4,Tiếp_thị,1,38,2,Nữ,83,3,5,Quản_lý,1,Độc_thân,18947,22822,3,Có,Không,12,3,4,80,0,22,2,2,2,2,2,1
33,Không,Ít_khi_công_tác,924,Nghiên_cứu_và_Phát_triển,2,3,Y_khoa,1,39,3,Nam,78,3,1,Kỹ_thuật_viên_phòng_thí_nghiệm,4,Độc_thân,2496,6670,4,Có,Không,11,3,4,80,0,7,3,3,1,1,0,0
44,Không,Ít_khi_công_tác,1459,Nghiên_cứu_và_Phát_triển,10,4,Khác,1,40,4,Nam,41,3,2,Đại_diện_chăm_sóc_sức_khỏe,4,Đã_kết_hôn,6465,19121,2,Có,Có,13,3,4,80,0,9,5,4,4,2,1,3
30,Không,Ít_khi_công_tác,125,Nghiên_cứu_và_Phát_triển,9,2,Y_khoa,1,41,4,Nam,83,2,1,Kỹ_thuật_viên_phòng_thí_nghiệm,3,Độc_thân,2206,16117,1,Có,Không,13,3,1,80,0,10,5,3,10,0,1,8
39,Có,Ít_khi_công_tác,895,Kinh_doanh,5,3,Bằng_kỹ_thuật,1,42,4,Nam,56,3,2,Đại_diện_kinh_doanh,4,Đã_kết_hôn,2086,3335,3,Có,Không,14,3,3,80,1,19,6,4,1,0,0,0
24,Có,Ít_khi_công_tác,813,Nghiên_cứu_và_Phát_triển,1,3,Y_khoa,1,45,2,Nam,61,3,1,Nhà_nghiên_cứu_khoa_học,4,Đã_kết_hôn,2293,3020,2,Có,Có,16,3,1,80,1,6,2,2,2,0,2,0
43,Không,Ít_khi_công_tác,1273,Nghiên_cứu_và_Phát_triển,2,2,Y_khoa,1,46,4,Nữ,72,4,1,Nhà_nghiên_cứu_khoa_học,3,Ly_hôn,2645,21923,1,Có,Không,12,3,4,80,2,6,3,2,5,3,1,4
50,Có,Ít_khi_công_tác,869,Kinh_doanh,3,2,Tiếp_thị,1,47,1,Nam,86,2,1,Đại_diện_kinh_doanh,3,Đã_kết_hôn,2683,3810,1,Có,Có,14,3,3,80,0,3,2,3,3,2,0,2
35,Không,Ít_khi_công_tác,890,Kinh_doanh,2,3,Tiếp_thị,1,49,4,Nữ,97,3,1,Đại_diện_kinh_doanh,4,Đã_kết_hôn,2014,9687,1,Có,Không,13,3,1,80,0,2,3,3,2,2,2,2
36,Không,Ít_khi_công_tác,852,Nghiên_cứu_và_Phát_triển,5,4,Khoa_học_sự_sống,1,51,2,Nữ,82,2,1,Nhà_nghiên_cứu_khoa_học,1,Đã_kết_hôn,3419,13072,9,Có,Có,14,3,4,80,1,6,3,4,1,1,0,0
33,Không,Thường_xuyên_công_tác,1141,Kinh_doanh,1,3,Khoa_học_sự_sống,1,52,3,Nữ,42,4,2,Chuyên_viên_kinh_doanh,1,Đã_kết_hôn,5376,3193,2,Có,Không,19,3,1,80,2,10,3,3,5,3,1,3
35,Không,Ít_khi_công_tác,464,Nghiên_cứu_và_Phát_triển,4,2,Khác,1,53,3,Nam,75,3,1,Kỹ_thuật_viên_phòng_thí_nghiệm,4,Ly_hôn,1951,10910,1,Có,Không,12,3,3,80,1,1,3,3,1,0,0,0
27,Không,Ít_khi_công_tác,1240,Nghiên_cứu_và_Phát_triển,2,4,Khoa_học_sự_sống,1,54,4,Nữ,33,3,1,Kỹ_thuật_viên_phòng_thí_nghiệm,1,Ly_hôn,2341,19715,1,Có,Không,13,3,4,80,1,1,6,3,1,0,0,0
26,Có,Ít_khi_công_tác,1357,Nghiên_cứu_và_Phát_triển,25,3,Khoa_học_sự_sống,1,55,1,Nam,48,1,1,Kỹ_thuật_viên_phòng_thí_nghiệm,3,Độc_thân,2293,10558,1,Có,Không,12,3,3,80,0,1,2,2,1,0,0,1
27,Không,Thường_xuyên_công_tác,994,Kinh_doanh,8,3,Khoa_học_sự_sống,1,56,4,Nam,37,3,3,Chuyên_viên_kinh_doanh,3,Độc_thân,8726,2975,1,Có,Không,15,3,4,80,0,9,0,3,9,8,1,7
30,Không,Thường_xuyên_công_tác,721,Nghiên_cứu_và_Phát_triển,1,2,Y_khoa,1,57,3,Nữ,58,3,2,Kỹ_thuật_viên_phòng_thí_nghiệm,4,Độc_thân,4011,10781,1,Có,Không,23,4,4,80,0,12,2,3,12,8,3,7
41,Có,Ít_khi_công_tác,1360,Nghiên_cứu_và_Phát_triển,12,3,Bằng_kỹ_thuật,1,58,2,Nữ,49,3,5,Giám_đốc_nghiên_cứu,3,Đã_kết_hôn,19545,16280,1,Có,Không,12,3,4,80,0,23,0,3,22,15,15,8
34,Không,Không_công_tác,1065,Kinh_doanh,23,4,Tiếp_thị,1,60,2,Nam,72,3,2,Chuyên_viên_kinh_doanh,3,Độc_thân,4568,10034,0,Có,Không,20,4,3,80,0,10,2,3,9,5,8,7
37,Không,Ít_khi_công_tác,408,Nghiên_cứu_và_Phát_triển,19,2,Khoa_học_sự_sống,1,61,2,Nam,73,3,1,Nhà_nghiên_cứu_khoa_học,2,Đã_kết_hôn,3022,10227,4,Có,Không,21,4,1,80,0,8,1,3,1,0,0,0
46,Không,Thường_xuyên_công_tác,1211,Kinh_doanh,5,4,Tiếp_thị,1,62,1,Nam,98,3,2,Chuyên_viên_kinh_doanh,4,Độc_thân,5772,20445,4,Có,Có,21,4,3,80,0,14,4,3,9,6,0,8
35,Không,Ít_khi_công_tác,1229,Nghiên_cứu_và_Phát_triển,8,1,Khoa_học_sự_sống,1,63,4,Nam,36,4,1,Kỹ_thuật_viên_phòng_thí_nghiệm,4,Đã_kết_hôn,2269,4892,1,Có,Không,19,3,4,80,0,1,2,3,1,0,0,1
48,Có,Ít_khi_công_tác,626,Nghiên_cứu_và_Phát_triển,1,2,Khoa_học_sự_sống,1,64,1,Nam,98,2,3,Kỹ_thuật_viên_phòng_thí_nghiệm,3,Độc_thân,5381,19294,9,Có,Có,13,3,4,80,0,23,2,3,1,0,0,0
28,Có,Ít_khi_công_tác,1434,Nghiên_cứu_và_Phát_triển,5,4,Bằng_kỹ_thuật,1,65,3,Nam,50,3,1,Kỹ_thuật_viên_phòng_thí_nghiệm,3,Độc_thân,3441,11179,1,Có,Có,13,3,3,80,0,2,3,2,2,2,2,2
44,Không,Ít_khi_công_tác,1488,Kinh_doanh,1,5,Tiếp_thị,1,68,2,Nữ,75,3,2,Chuyên_viên_kinh_doanh,1,Ly_hôn,5454,4009,5,Có,Có,21,4,3,80,1,9,2,2,4,3,1,3
35,Không,Không_công_tác,1097,Nghiên_cứu_và_Phát_triển,11,2,Y_khoa,1,70,3,Nam,79,2,3,Đại_diện_chăm_sóc_sức_khỏe,1,Đã_kết_hôn,9884,8302,2,Có,Có,13,3,3,80,1,10,3,3,4,0,2,3
26,Không,Ít_khi_công_tác,1443,Kinh_doanh,23,3,Tiếp_thị,1,72,3,Nữ,47,2,2,Chuyên_viên_kinh_doanh,4,Đã_kết_hôn,4157,21436,7,Có,Có,19,3,3,80,1,5,2,2,2,2,0,0
33,Không,Thường_xuyên_công_tác,515,Nghiên_cứu_và_Phát_triển,1,2,Khoa_học_sự_sống,1,73,1,Nữ,98,3,3,Giám_đốc_nghiên_cứu,4,Độc_thân,13458,15146,1,Có,Có,12,3,3,80,0,15,1,3,15,14,8,12
35,Không,Thường_xuyên_công_tác,853,Kinh_doanh,18,5,Khoa_học_sự_sống,1,74,2,Nam,71,3,3,Chuyên_viên_kinh_doanh,1,Đã_kết_hôn,9069,11031,1,Có,Không,22,4,4,80,1,9,3,2,9,8,1,8
35,Không,Ít_khi_công_tác,1142,Nghiên_cứu_và_Phát_triển,23,4,Y_khoa,1,75,3,Nữ,30,3,1,Kỹ_thuật_viên_phòng_thí_nghiệm,1,Đã_kết_hôn,4014,16002,3,Có,Có,15,3,3,80,1,4,3,3,2,2,2,2
31,Không,Ít_khi_công_tác,655,Nghiên_cứu_và_Phát_triển,7,4,Khoa_học_sự_sống,1,76,4,Nam,48,3,2,Kỹ_thuật_viên_phòng_thí_nghiệm,4,Ly_hôn,5915,9528,3,Có,Không,22,4,4,80,1,10,3,2,7,7,1,7
37,Không,Ít_khi_công_tác,1115,Nghiên_cứu_và_Phát_triển,1,4,Khoa_học_sự_sống,1,77,1,Nam,51,2,2,Giám_đốc_sản_xuất,3,Ly_hôn,5993,2689,1,Có,Không,18,3,3,80,1,7,2,4,7,5,0,7
32,Không,Ít_khi_công_tác,427,Nghiên_cứu_và_Phát_triển,1,3,Y_khoa,1,78,1,Nam,33,3,2,Giám_đốc_sản_xuất,4,Đã_kết_hôn,6162,10877,1,Có,Có,22,4,2,80,1,9,3,3,9,8,7,8
38,Không,Thường_xuyên_công_tác,653,Nghiên_cứu_và_Phát_triển,29,5,Khoa_học_sự_sống,1,79,4,Nữ,50,3,2,Kỹ_thuật_viên_phòng_thí_nghiệm,4,Độc_thân,2406,5456,1,Có,Không,11,3,4,80,0,10,2,3,10,3,9,9
50,Không,Ít_khi_công_tác,989,Nghiên_cứu_và_Phát_triển,7,2,Y_khoa,1,80,2,Nữ,43,2,5,Giám_đốc_nghiên_cứu,3,Ly_hôn,18740,16701,5,Có,Có,12,3,4,80,1,29,2,2,27,3,13,8
59,Không,Ít_khi_công_tác,1435,Kinh_doanh,25,3,Khoa_học_sự_sống,1,81,1,Nữ,99,3,3,Chuyên_viên_kinh_doanh,1,Độc_thân,7637,2354,7,Có,Không,11,3,4,80,0,28,3,2,21,16,7,9
36,Không,Ít_khi_công_tác,1223,Nghiên_cứu_và_Phát_triển,8,3,Bằng_kỹ_thuật,1,83,3,Nữ,59,3,3,Đại_diện_chăm_sóc_sức_khỏe,3,Ly_hôn,10096,8202,1,Có,Không,13,3,2,80,3,17,2,3,17,14,12,8
55,Không,Ít_khi_công_tác,836,Nghiên_cứu_và_Phát_triển,8,3,Y_khoa,1,84,4,Nữ,33,3,4,Quản_lý,3,Ly_hôn,14756,19730,2,Có,Có,14,3,3,80,3,21,2,3,5,0,0,2
36,Không,Thường_xuyên_công_tác,1195,Nghiên_cứu_và_Phát_triển,11,3,Khoa_học_sự_sống,1,85,2,Nam,95,2,2,Giám_đốc_sản_xuất,2,Độc_thân,6499,22656,1,Có,Không,13,3,3,80,0,6,3,3,6,5,0,3
45,Không,Ít_khi_công_tác,1339,Nghiên_cứu_và_Phát_triển,7,3,Khoa_học_sự_sống,1,86,2,Nam,59,3,3,Nhà_nghiên_cứu_khoa_học,1,Ly_hôn,9724,18787,2,Có,Không,17,3,3,80,1,25,2,3,1,0,0,0
35,Không,Thường_xuyên_công_tác,664,Nghiên_cứu_và_Phát_triển,1,3,Y_khoa,1,88,2,Nam,79,3,1,Nhà_nghiên_cứu_khoa_học,1,Đã_kết_hôn,2194,5868,4,Có,Không,13,3,4,80,1,5,2,2,3,2,1,2
36,Có,Ít_khi_công_tác,318,Nghiên_cứu_và_Phát_triển,9,3,Y_khoa,1,90,4,Nam,79,2,1,Nhà_nghiên_cứu_khoa_học,3,Đã_kết_hôn,3388,21777,0,Có,Có,17,3,1,80,1,2,0,2,1,0,0,0
59,Không,Thường_xuyên_công_tác,1225,Kinh_doanh,1,1,Khoa_học_sự_sống,1,91,1,Nữ,57,2,2,Chuyên_viên_kinh_doanh,3,Độc_thân,5473,24668,7,Có,Không,11,3,4,80,0,20,2,2,4,3,1,3
29,Không,Ít_khi_công_tác,1328,Nghiên_cứu_và_Phát_triển,2,3,Khoa_học_sự_sống,1,94,3,Nam,76,3,1,Nhà_nghiên_cứu_khoa_học,2,Đã_kết_hôn,2703,4956,0,Có,Không,23,4,4,80,1,6,3,3,5,4,0,4
31,Không,Ít_khi_công_tác,1082,Nghiên_cứu_và_Phát_triển,1,4,Y_khoa,1,95,3,Nam,87,3,1,Nhà_nghiên_cứu_khoa_học,2,Độc_thân,2501,18775,1,Có,Không,17,3,2,80,0,1,4,3,1,1,1,0
32,Không,Ít_khi_công_tác,548,Nghiên_cứu_và_Phát_triển,1,3,Khoa_học_sự_sống,1,96,2,Nam,66,3,2,Nhà_nghiên_cứu_khoa_học,2,Đã_kết_hôn,6220,7346,1,Có,Không,17,3,2,80,2,10,3,3,10,4,0,9
36,Không,Ít_khi_công_tác,132,Nghiên_cứu_và_Phát_triển,6,3,Khoa_học_sự_sống,1,97,2,Nữ,55,4,1,Kỹ_thuật_viên_phòng_thí_nghiệm,4,Đã_kết_hôn,3038,22002,3,Có,Không,12,3,2,80,0,5,3,3,1,0,0,0
31,Không,Ít_khi_công_tác,746,Nghiên_cứu_và_Phát_triển,8,4,Khoa_học_sự_sống,1,98,3,Nữ,61,3,2,Giám_đốc_sản_xuất,4,Độc_thân,4424,20682,1,Có,Không,23,4,4,80,0,11,2,3,11,7,1,8
35,Không,Ít_khi_công_tác,776,Kinh_doanh,1,4,Tiếp_thị,1,100,3,Nam,32,2,2,Chuyên_viên_kinh_doanh,1,Độc_thân,4312,23016,0,Có,Không,14,3,2,80,0,16,2,3,15,13,2,8
45,Không,Ít_khi_công_tác,193,Nghiên_cứu_và_Phát_triển,6,4,Khác,1,101,4,Nam,52,3,3,Giám_đốc_nghiên_cứu,1,Đã_kết_hôn,13245,15067,4,Có,Có,14,3,2,80,0,17,3,4,0,0,0,0
37,Không,Ít_khi_công_tác,397,Nghiên_cứu_và_Phát_triển,7,4,Y_khoa,1,102,1,Nam,30,3,3,Giám_đốc_nghiên_cứu,3,Độc_thân,13664,25258,4,Có,Không,13,3,1,80,0,16,3,4,5,2,0,2
46,Không,Ít_khi_công_tác,945,Nhân_sự,5,2,Y_khoa,1,103,2,Nam,80,3,2,Nhân_sự,2,Ly_hôn,5021,10425,8,Có,Có,22,4,4,80,1,16,2,3,4,2,0,2
30,Không,Ít_khi_công_tác,852,Nghiên_cứu_và_Phát_triển,1,1,Khoa_học_sự_sống,1,104,4,Nam,55,2,2,Kỹ_thuật_viên_phòng_thí_nghiệm,4,Đã_kết_hôn,5126,15998,1,Có,Có,12,3,3,80,2,10,1,2,10,8,3,0
35,Không,Ít_khi_công_tác,1214,Nghiên_cứu_và_Phát_triển,1,3,Y_khoa,1,105,2,Nam,30,2,1,Nhà_nghiên_cứu_khoa_học,3,Độc_thân,2859,26278,1,Có,Không,18,3,1,80,0,6,3,3,6,4,0,4
55,Không,Ít_khi_công_tác,111,Kinh_doanh,1,2,Khoa_học_sự_sống,1,106,1,Nam,70,3,3,Chuyên_viên_kinh_doanh,4,Đã_kết_hôn,10239,18092,3,Có,Không,14,3,4,80,1,24,4,3,1,0,1,0
38,Không,Không_công_tác,573,Nghiên_cứu_và_Phát_triển,6,3,Y_khoa,1,107,2,Nữ,79,1,2,Nhà_nghiên_cứu_khoa_học,4,Ly_hôn,5329,15717,7,Có,Có,12,3,4,80,3,17,3,3,13,11,1,9
34,Không,Ít_khi_công_tác,1153,Nghiên_cứu_và_Phát_triển,1,2,Y_khoa,1,110,1,Nam,94,3,2,Giám_đốc_sản_xuất,2,Đã_kết_hôn,4325,17736,1,Có,Không,15,3,3,80,0,5,2,3,5,2,1,3
56,Không,Ít_khi_công_tác,1400,Nghiên_cứu_và_Phát_triển,7,3,Khoa_học_sự_sống,1,112,4,Nam,49,1,3,Giám_đốc_sản_xuất,4,Độc_thân,7260,21698,4,Có,Không,11,3,1,80,0,37,3,2,6,4,0,2
23,Không,Ít_khi_công_tác,541,Kinh_doanh,2,1,Bằng_kỹ_thuật,1,113,3,Nam,62,3,1,Đại_diện_kinh_doanh,1,Ly_hôn,2322,9518,3,Có,Không,13,3,3,80,1,3,3,3,0,0,0,0
51,Không,Ít_khi_công_tác,432,Nghiên_cứu_và_Phát_triển,9,4,Khoa_học_sự_sống,1,116,4,Nam,96,3,1,Kỹ_thuật_viên_phòng_thí_nghiệm,4,Đã_kết_hôn,2075,18725,3,Có,Không,23,4,2,80,2,10,4,3,4,2,0,3
30,Không,Ít_khi_công_tác,288,Nghiên_cứu_và_Phát_triển,2,3,Khoa_học_sự_sống,1,117,3,Nam,99,2,2,Đại_diện_chăm_sóc_sức_khỏe,4,Đã_kết_hôn,4152,15830,1,Có,Không,19,3,1,80,3,11,3,3,11,10,10,8
46,Có,Ít_khi_công_tác,669,Kinh_doanh,9,2,Y_khoa,1,118,3,Nam,64,2,3,Chuyên_viên_kinh_doanh,4,Độc_thân,9619,13596,1,Có,Không,16,3,4,80,0,9,3,3,9,8,4,7
40,Không,Thường_xuyên_công_tác,530,Nghiên_cứu_và_Phát_triển,1,4,Khoa_học_sự_sống,1,119,3,Nam,78,2,4,Đại_diện_chăm_sóc_sức_khỏe,2,Đã_kết_hôn,13503,14115,1,Có,Không,22,4,4,80,1,22,3,2,22,3,11,11
51,Không,Ít_khi_công_tác,632,Kinh_doanh,21,4,Tiếp_thị,1,120,3,Nam,71,3,2,Chuyên_viên_kinh_doanh,4,Độc_thân,5441,8423,0,Có,Có,22,4,4,80,0,11,2,1,10,7,1,0
30,Không,Ít_khi_công_tác,1334,Kinh_doanh,4,2,Y_khoa,1,121,3,Nữ,63,2,2,Chuyên_viên_kinh_doanh,2,Ly_hôn,5209,19760,1,Có,Có,12,3,2,80,3,11,4,2,11,8,2,7
46,Không,Thường_xuyên_công_tác,638,Nghiên_cứu_và_Phát_triển,1,3,Y_khoa,1,124,3,Nam,40,2,3,Đại_diện_chăm_sóc_sức_khỏe,1,Đã_kết_hôn,10673,3142,2,Có,Có,13,3,3,80,1,21,5,2,10,9,9,5
32,Không,Ít_khi_công_tác,1093,Kinh_doanh,6,4,Y_khoa,1,125,2,Nam,87,3,2,Chuyên_viên_kinh_doanh,3,Độc_thân,5010,24301,1,Có,Không,16,3,1,80,0,12,0,3,11,8,5,7
54,Không,Ít_khi_công_tác,1217,Nghiên_cứu_và_Phát_triển,2,4,Bằng_kỹ_thuật,1,126,1,Nữ,60,3,3,Giám_đốc_nghiên_cứu,3,Đã_kết_hôn,13549,24001,9,Có,Không,12,3,1,80,1,16,5,1,4,3,0,3
24,Không,Ít_khi_công_tác,1353,Kinh_doanh,3,2,Khác,1,128,1,Nữ,33,3,2,Chuyên_viên_kinh_doanh,3,Đã_kết_hôn,4999,17519,0,Có,Không,21,4,1,80,1,4,2,2,3,2,0,2
28,Không,Không_công_tác,120,Kinh_doanh,4,3,Y_khoa,1,129,2,Nam,43,3,2,Chuyên_viên_kinh_doanh,3,Đã_kết_hôn,4221,8863,1,Có,Không,15,3,2,80,0,5,3,4,5,4,0,4
58,Không,Ít_khi_công_tác,682,Kinh_doanh,10,4,Y_khoa,1,131,4,Nam,37,3,4,Chuyên_viên_kinh_doanh,3,Độc_thân,13872,24409,0,Có,Không,13,3,3,80,0,38,1,2,37,10,1,8
44,Không,Không_công_tác,489,Nghiên_cứu_và_Phát_triển,23,3,Y_khoa,1,132,2,Nam,67,3,2,Kỹ_thuật_viên_phòng_thí_nghiệm,2,Đã_kết_hôn,2042,25043,4,Có,Không,12,3,3,80,1,17,3,4,3,2,1,2
37,Có,Ít_khi_công_tác,807,Nhân_sự,6,4,Nhân_sự,1,133,3,Nam,63,3,1,Nhân_sự,1,Ly_hôn,2073,23648,4,Có,Có,22,4,4,80,0,7,3,3,3,2,0,2
32,Không,Ít_khi_công_tác,827,Nghiên_cứu_và_Phát_triển,1,1,Khoa_học_sự_sống,1,134,4,Nam,71,3,1,Nhà_nghiên_cứu_khoa_học,1,Độc_thân,2956,15178,1,Có,Không,13,3,4,80,0,1,2,3,1,0,0,0
20,Có,Thường_xuyên_công_tác,871,Nghiên_cứu_và_Phát_triển,6,3,Khoa_học_sự_sống,1,137,4,Nữ,66,2,1,Kỹ_thuật_viên_phòng_thí_nghiệm,4,Độc_thân,2926,19783,1,Có,Có,18,3,2,80,0,1,5,3,1,0,1,0
34,Không,Ít_khi_công_tác,665,Nghiên_cứu_và_Phát_triển,6,4,Khác,1,138,1,Nữ,41,3,2,Nhà_nghiên_cứu_khoa_học,3,Độc_thân,4809,12482,1,Có,Không,14,3,3,80,0,16,3,3,16,13,2,10
37,Không,Không_công_tác,1040,Nghiên_cứu_và_Phát_triển,2,2,Khoa_học_sự_sống,1,139,3,Nam,100,2,2,Đại_diện_chăm_sóc_sức_khỏe,4,Ly_hôn,5163,15850,5,Có,Không,14,3,4,80,1,17,2,4,1,0,0,0
59,Không,Không_công_tác,1420,Nhân_sự,2,4,Nhân_sự,1,140,3,Nữ,32,2,5,Quản_lý,4,Đã_kết_hôn,18844,21922,9,Có,Không,21,4,4,80,1,30,3,3,3,2,2,2
50,Không,Thường_xuyên_công_tác,1115,Nghiên_cứu_và_Phát_triển,1,3,Khoa_học_sự_sống,1,141,1,Nữ,73,3,5,Giám_đốc_nghiên_cứu,2,Đã_kết_hôn,18172,9755,3,Có,Có,19,3,1,80,0,28,1,2,8,3,0,7
25,Có,Ít_khi_công_tác,240,Kinh_doanh,5,3,Tiếp_thị,1,142,3,Nam,46,2,2,Chuyên_viên_kinh_doanh,3,Độc_thân,5744,26959,1,Có,Có,11,3,4,80,0,6,1,3,6,4,0,3
25,Không,Ít_khi_công_tác,1280,Nghiên_cứu_và_Phát_triển,7,1,Y_khoa,1,143,4,Nam,64,2,1,Nhà_nghiên_cứu_khoa_học,4,Đã_kết_hôn,2889,26897,1,Có,Không,11,3,3,80,2,2,2,3,2,2,2,1
22,Không,Ít_khi_công_tác,534,Nghiên_cứu_và_Phát_triển,15,3,Y_khoa,1,144,2,Nữ,59,3,1,Kỹ_thuật_viên_phòng_thí_nghiệm,4,Độc_thân,2871,23785,1,Có,Không,15,3,3,80,0,1,5,3,0,0,0,0
51,Không,Thường_xuyên_công_tác,1456,Nghiên_cứu_và_Phát_triển,1,4,Y_khoa,1,145,1,Nữ,30,2,3,Đại_diện_chăm_sóc_sức_khỏe,1,Độc_thân,7484,25796,3,Có,Không,20,4,3,80,0,23,1,2,13,12,12,8
34,Có,Thường_xuyên_công_tác,658,Nghiên_cứu_và_Phát_triển,7,3,Khoa_học_sự_sống,1,147,1,Nam,66,1,2,Kỹ_thuật_viên_phòng_thí_nghiệm,3,Độc_thân,6074,22887,1,Có,Có,24,4,4,80,0,9,3,3,9,7,0,6
54,Không,Không_công_tác,142,Nhân_sự,26,3,Nhân_sự,1,148,4,Nữ,30,4,4,Quản_lý,4,Độc_thân,17328,13871,2,Có,Có,12,3,3,80,0,23,3,3,5,3,4,4
24,Không,Ít_khi_công_tác,1127,Nghiên_cứu_và_Phát_triển,18,1,Khoa_học_sự_sống,1,150,2,Nam,52,3,1,Kỹ_thuật_viên_phòng_thí_nghiệm,3,Đã_kết_hôn,2774,13257,0,Có,Không,12,3,3,80,1,6,2,3,5,3,1,2
34,Không,Ít_khi_công_tác,1031,Nghiên_cứu_và_Phát_triển,6,4,Khoa_học_sự_sống,1,151,3,Nữ,45,2,2,Nhà_nghiên_cứu_khoa_học,2,Ly_hôn,4505,15000,6,Có,Không,15,3,3,80,1,12,3,3,1,0,0,0
37,Không,Ít_khi_công_tác,1189,Kinh_doanh,3,3,Khoa_học_sự_sống,1,152,3,Nam,87,3,3,Chuyên_viên_kinh_doanh,4,Độc_thân,7428,14506,2,Có,Không,12,3,1,80,0,12,3,3,5,3,1,3
34,Không,Ít_khi_công_tác,1354,Nghiên_cứu_và_Phát_triển,5,3,Y_khoa,1,153,3,Nữ,45,2,3,Quản_lý,1,Độc_thân,11631,5615,2,Có,Không,12,3,4,80,0,14,6,3,11,10,5,8
36,Không,Thường_xuyên_công_tác,1467,Kinh_doanh,11,2,Bằng_kỹ_thuật,1,154,2,Nữ,92,3,3,Chuyên_viên_kinh_doanh,4,Đã_kết_hôn,9738,22952,0,Có,Không,14,3,3,80,1,10,6,3,9,7,2,8
36,Không,Ít_khi_công_tác,922,Nghiên_cứu_và_Phát_triển,3,2,Khoa_học_sự_sống,1,155,1,Nữ,39,3,1,Kỹ_thuật_viên_phòng_thí_nghiệm,4,Ly_hôn,2835,2561,5,Có,Không,22,4,1,80,1,7,2,3,1,0,0,0
43,Không,Thường_xuyên_công_tác,394,Kinh_doanh,26,2,Khoa_học_sự_sống,1,158,3,Nam,92,3,4,Quản_lý,4,Đã_kết_hôn,16959,19494,1,Có,Có,12,3,4,80,2,25,3,4,25,12,4,12
30,Không,Thường_xuyên_công_tác,1312,Nghiên_cứu_và_Phát_triển,23,3,Khoa_học_sự_sống,1,159,1,Nam,96,1,1,Nhà_nghiên_cứu_khoa_học,3,Ly_hôn,2613,22310,1,Có,Không,25,4,3,80,3,10,2,2,10,7,0,9
33,Không,Không_công_tác,750,Kinh_doanh,22,2,Tiếp_thị,1,160,3,Nam,95,3,2,Chuyên_viên_kinh_doanh,2,Đã_kết_hôn,6146,15480,0,Có,Không,13,3,1,80,1,8,2,4,7,7,0,7
56,Có,Ít_khi_công_tác,441,Nghiên_cứu_và_Phát_triển,14,4,Khoa_học_sự_sống,1,161,2,Nữ,72,3,1,Nhà_nghiên_cứu_khoa_học,2,Đã_kết_hôn,4963,4510,9,Có,Có,18,3,1,80,3,7,2,3,5,4,4,3
51,Không,Ít_khi_công_tác,684,Nghiên_cứu_và_Phát_triển,6,3,Khoa_học_sự_sống,1,162,1,Nam,51,3,5,Giám_đốc_nghiên_cứu,3,Độc_thân,19537,6462,7,Có,Không,13,3,3,80,0,23,5,3,20,18,15,15
31,Có,Ít_khi_công_tác,249,Kinh_doanh,6,4,Khoa_học_sự_sống,1,163,2,Nam,76,1,2,Chuyên_viên_kinh_doanh,3,Đã_kết_hôn,6172,20739,4,Có,Có,18,3,2,80,0,12,3,2,7,7,7,7
26,Không,Ít_khi_công_tác,841,Nghiên_cứu_và_Phát_triển,6,3,Khác,1,164,3,Nữ,46,2,1,Nhà_nghiên_cứu_khoa_học,2,Đã_kết_hôn,2368,23300,1,Có,Không,19,3,3,80,0,5,3,2,5,4,4,3
58,Có,Ít_khi_công_tác,147,Nghiên_cứu_và_Phát_triển,23,4,Y_khoa,1,165,4,Nữ,94,3,3,Đại_diện_chăm_sóc_sức_khỏe,4,Đã_kết_hôn,10312,3465,1,Có,Không,12,3,4,80,1,40,3,2,40,10,15,6
19,Có,Ít_khi_công_tác,528,Kinh_doanh,22,1,Tiếp_thị,1,167,4,Nam,50,3,1,Đại_diện_kinh_doanh,3,Độc_thân,1675,26820,1,Có,Có,19,3,4,80,0,0,2,2,0,0,0,0
22,Không,Ít_khi_công_tác,594,Nghiên_cứu_và_Phát_triển,2,1,Bằng_kỹ_thuật,1,169,3,Nam,100,3,1,Kỹ_thuật_viên_phòng_thí_nghiệm,4,Đã_kết_hôn,2523,19299,0,Có,Không,14,3,3,80,1,3,2,3,2,1,2,1
49,Không,Ít_khi_công_tác,470,Nghiên_cứu_và_Phát_triển,20,4,Y_khoa,1,170,3,Nữ,96,3,2,Giám_đốc_sản_xuất,1,Đã_kết_hôn,6567,5549,1,Có,Không,14,3,3,80,0,16,2,2,15,11,5,11
43,Không,Thường_xuyên_công_tác,957,Nghiên_cứu_và_Phát_triển,28,3,Y_khoa,1,171,2,Nữ,72,4,1,Nhà_nghiên_cứu_khoa_học,3,Độc_thân,4739,16090,4,Có,Không,12,3,4,80,0,18,2,3,3,2,1,2
50,Không,Thường_xuyên_công_tác,809,Kinh_doanh,12,3,Tiếp_thị,1,174,3,Nữ,77,3,3,Chuyên_viên_kinh_doanh,4,Độc_thân,9208,6645,4,Có,Không,11,3,4,80,0,16,3,3,2,2,2,1
31,Có,Ít_khi_công_tác,542,Kinh_doanh,20,3,Khoa_học_sự_sống,1,175,2,Nữ,71,1,2,Chuyên_viên_kinh_doanh,3,Đã_kết_hôn,4559,24788,3,Có,Có,11,3,3,80,1,4,2,3,2,2,2,2
41,Không,Ít_khi_công_tác,802,Kinh_doanh,9,1,Khoa_học_sự_sống,1,176,3,Nam,96,3,3,Chuyên_viên_kinh_doanh,3,Ly_hôn,8189,21196,3,Có,Có,13,3,3,80,1,12,2,3,9,7,0,7
26,Không,Ít_khi_công_tác,1355,Nhân_sự,25,1,Khoa_học_sự_sống,1,177,3,Nữ,61,3,1,Nhân_sự,3,Đã_kết_hôn,2942,8916,1,Có,Không,23,4,4,80,1,8,3,3,8,7,5,7
36,Không,Ít_khi_công_tác,216,Nghiên_cứu_và_Phát_triển,6,2,Y_khoa,1,178,2,Nam,84,3,2,Giám_đốc_sản_xuất,2,Ly_hôn,4941,2819,6,Có,Không,20,4,4,80,2,7,0,3,3,2,0,1
51,Có,Thường_xuyên_công_tác,1150,Nghiên_cứu_và_Phát_triển,8,4,Khoa_học_sự_sống,1,179,1,Nam,53,1,3,Giám_đốc_sản_xuất,4,Độc_thân,10650,25150,2,Có,Không,15,3,4,80,0,18,2,3,4,2,0,3
39,Không,Ít_khi_công_tác,1329,Kinh_doanh,4,4,Khoa_học_sự_sống,1,182,4,Nữ,47,2,2,Chuyên_viên_kinh_doanh,3,Đã_kết_hôn,5902,14590,4,Có,Không,14,3,3,80,1,17,1,4,15,11,5,9
25,Không,Ít_khi_công_tác,959,Kinh_doanh,28,3,Khoa_học_sự_sống,1,183,1,Nam,41,2,2,Chuyên_viên_kinh_doanh,3,Đã_kết_hôn,8639,24835,2,Có,Không,18,3,4,80,0,6,3,3,2,2,2,2
30,Không,Ít_khi_công_tác,1240,Nhân_sự,9,3,Nhân_sự,1,184,3,Nam,48,3,2,Nhân_sự,4,Đã_kết_hôn,6347,13982,0,Có,Có,19,3,4,80,0,12,2,1,11,9,4,7
32,Có,Ít_khi_công_tác,1033,Nghiên_cứu_và_Phát_triển,9,3,Y_khoa,1,190,1,Nữ,41,3,1,Kỹ_thuật_viên_phòng_thí_nghiệm,1,Độc_thân,4200,10224,7,Có,Không,22,4,1,80,0,10,2,4,5,4,0,4
45,Không,Ít_khi_công_tác,1316,Nghiên_cứu_và_Phát_triển,29,3,Y_khoa,1,192,3,Nam,83,3,1,Nhà_nghiên_cứu_khoa_học,4,Độc_thân,3452,9752,5,Có,Không,13,3,2,80,0,9,2,2,6,5,0,3
38,Không,Ít_khi_công_tác,364,Nghiên_cứu_và_Phát_triển,3,5,Bằng_kỹ_thuật,1,193,4,Nữ,32,3,2,Nhà_nghiên_cứu_khoa_học,3,Độc_thân,4317,2302,3,Có,Có,20,4,2,80,0,19,2,3,3,2,2,2
30,Không,Ít_khi_công_tác,438,Nghiên_cứu_và_Phát_triển,18,3,Khoa_học_sự_sống,1,194,1,Nữ,75,3,1,Nhà_nghiên_cứu_khoa_học,3,Độc_thân,2632,23910,1,Có,Không,14,3,3,80,0,5,4,2,5,4,0,4
32,Không,Thường_xuyên_công_tác,689,Kinh_doanh,9,2,Y_khoa,1,195,4,Nam,35,1,2,Chuyên_viên_kinh_doanh,4,Ly_hôn,4668,22812,0,Có,Không,17,3,4,80,3,9,2,4,8,7,0,7
30,Không,Ít_khi_công_tác,201,Nghiên_cứu_và_Phát_triển,5,3,Bằng_kỹ_thuật,1,197,4,Nữ,84,3,1,Nhà_nghiên_cứu_khoa_học,1,Ly_hôn,3204,10415,5,Có,Không,14,3,4,80,1,8,3,3,3,2,2,2
30,Không,Ít_khi_công_tác,1427,Nghiên_cứu_và_Phát_triển,2,1,Y_khoa,1,198,2,Nam,35,2,1,Kỹ_thuật_viên_phòng_thí_nghiệm,4,Độc_thân,2720,11162,0,Có,Không,13,3,4,80,0,6,3,3,5,3,1,2
41,Không,Thường_xuyên_công_tác,857,Nghiên_cứu_và_Phát_triển,10,3,Khoa_học_sự_sống,1,199,4,Nam,91,2,4,Quản_lý,1,Ly_hôn,17181,12888,4,Có,Không,13,3,2,80,1,21,2,2,7,6,7,7
41,Không,Ít_khi_công_tác,933,Nghiên_cứu_và_Phát_triển,9,4,Khoa_học_sự_sống,1,200,3,Nam,94,3,1,Kỹ_thuật_viên_phòng_thí_nghiệm,1,Đã_kết_hôn,2238,6961,2,Có,Không,21,4,4,80,1,7,2,3,5,0,1,4
19,Không,Ít_khi_công_tác,1181,Nghiên_cứu_và_Phát_triển,3,1,Y_khoa,1,201,2,Nữ,79,3,1,Kỹ_thuật_viên_phòng_thí_nghiệm,2,Độc_thân,1483,16102,1,Có,Không,14,3,4,80,0,1,3,3,1,0,0,0
40,Không,Thường_xuyên_công_tác,1395,Nghiên_cứu_và_Phát_triển,26,3,Y_khoa,1,202,2,Nữ,54,3,2,Nhà_nghiên_cứu_khoa_học,2,Ly_hôn,5605,8504,1,Có,Không,11,3,1,80,1,20,2,3,20,7,2,13
35,Không,Ít_khi_công_tác,662,Kinh_doanh,1,5,Tiếp_thị,1,204,3,Nam,94,3,3,Chuyên_viên_kinh_doanh,2,Đã_kết_hôn,7295,11439,1,Có,Không,13,3,1,80,2,10,3,3,10,8,0,6
53,Không,Ít_khi_công_tác,1436,Kinh_doanh,6,2,Tiếp_thị,1,205,2,Nam,34,3,2,Đại_diện_kinh_doanh,3,Đã_kết_hôn,2306,16047,2,Có,Có,20,4,4,80,1,13,3,1,7,7,4,5
45,Không,Ít_khi_công_tác,194,Nghiên_cứu_và_Phát_triển,9,3,Khoa_học_sự_sống,1,206,2,Nam,60,3,2,Kỹ_thuật_viên_phòng_thí_nghiệm,2,Ly_hôn,2348,10901,8,Có,Không,18,3,3,80,1,20,2,1,17,9,0,15
32,Không,Thường_xuyên_công_tác,967,Kinh_doanh,8,3,Tiếp_thị,1,207,2,Nữ,43,3,3,Chuyên_viên_kinh_doanh,4,Độc_thân,8998,15589,1,Có,Không,14,3,4,80,0,9,2,3,9,8,3,7
29,Không,Không_công_tác,1496,Nghiên_cứu_và_Phát_triển,1,1,Bằng_kỹ_thuật,1,208,4,Nam,41,3,2,Giám_đốc_sản_xuất,3,Đã_kết_hôn,4319,26283,1,Có,Không,13,3,1,80,1,10,1,3,10,7,0,9
51,Không,Ít_khi_công_tác,1169,Nghiên_cứu_và_Phát_triển,7,4,Y_khoa,1,211,2,Nam,34,2,2,Giám_đốc_sản_xuất,3,Đã_kết_hôn,6132,13983,2,Có,Không,17,3,3,80,0,10,2,3,1,0,0,0
58,Không,Ít_khi_công_tác,1145,Nghiên_cứu_và_Phát_triển,9,3,Y_khoa,1,214,2,Nữ,75,2,1,Nhà_nghiên_cứu_khoa_học,2,Đã_kết_hôn,3346,11873,4,Có,Có,20,4,2,80,1,9,3,2,1,0,0,0
40,Không,Ít_khi_công_tác,630,Kinh_doanh,4,4,Tiếp_thị,1,215,3,Nam,67,2,3,Chuyên_viên_kinh_doanh,4,Đã_kết_hôn,10855,8552,7,Có,Không,11,3,1,80,1,15,2,2,12,11,2,11
34,Không,Thường_xuyên_công_tác,303,Kinh_doanh,2,4,Tiếp_thị,1,216,3,Nữ,75,3,1,Đại_diện_kinh_doanh,3,Đã_kết_hôn,2231,11314,6,Có,Không,18,3,4,80,1,6,3,3,4,3,1,2
22,Không,Ít_khi_công_tác,1256,Nghiên_cứu_và_Phát_triển,19,1,Y_khoa,1,217,3,Nam,80,3,1,Nhà_nghiên_cứu_khoa_học,4,Đã_kết_hôn,2323,11992,1,Có,Không,24,4,1,80,2,2,6,3,2,2,2,2
27,Không,Không_công_tác,691,Nghiên_cứu_và_Phát_triển,9,3,Y_khoa,1,218,4,Nam,57,3,1,Nhà_nghiên_cứu_khoa_học,2,Ly_hôn,2024,5970,6,Có,Không,18,3,4,80,1,6,1,1,2,2,2,2
28,Không,Ít_khi_công_tác,440,Nghiên_cứu_và_Phát_triển,21,3,Y_khoa,1,221,3,Nam,42,3,1,Nhà_nghiên_cứu_khoa_học,4,Đã_kết_hôn,2713,6672,1,Có,Không,11,3,3,80,1,5,2,1,5,2,0,2
57,Không,Ít_khi_công_tác,334,Nghiên_cứu_và_Phát_triển,24,2,Khoa_học_sự_sống,1,223,3,Nam,83,4,3,Đại_diện_chăm_sóc_sức_khỏe,4,Ly_hôn,9439,23402,3,Có,Có,16,3,2,80,1,12,2,1,5,3,1,4
27,Không,Không_công_tác,1450,Nghiên_cứu_và_Phát_triển,3,3,Y_khoa,1,224,3,Nam,79,2,1,Nhà_nghiên_cứu_khoa_học,3,Ly_hôn,2566,25326,1,Có,Có,15,3,4,80,1,1,2,2,1,1,0,1
50,Không,Ít_khi_công_tác,1452,Nghiên_cứu_và_Phát_triển,11,3,Khoa_học_sự_sống,1,226,3,Nữ,53,3,5,Quản_lý,2,Độc_thân,19926,17053,3,Có,Không,15,3,2,80,0,21,5,3,5,4,4,4
41,Không,Ít_khi_công_tác,465,Nghiên_cứu_và_Phát_triển,14,3,Khoa_học_sự_sống,1,227,1,Nam,56,3,1,Nhà_nghiên_cứu_khoa_học,3,Ly_hôn,2451,4609,4,Có,Không,12,3,1,80,1,13,2,3,9,8,1,8
30,Không,Ít_khi_công_tác,1339,Kinh_doanh,5,3,Khoa_học_sự_sống,1,228,2,Nữ,41,3,3,Chuyên_viên_kinh_doanh,4,Đã_kết_hôn,9419,8053,2,Có,Không,12,3,3,80,1,12,2,3,10,9,7,4
38,Không,Ít_khi_công_tác,702,Kinh_doanh,1,4,Khoa_học_sự_sống,1,230,1,Nữ,59,2,2,Chuyên_viên_kinh_doanh,4,Độc_thân,8686,12930,4,Có,Không,22,4,3,80,0,12,2,4,8,3,0,7
32,Không,Ít_khi_công_tác,120,Nghiên_cứu_và_Phát_triển,6,5,Khoa_học_sự_sống,1,231,3,Nam,43,3,1,Nhà_nghiên_cứu_khoa_học,3,Độc_thân,3038,12430,3,Có,Không,20,4,1,80,0,8,2,3,5,4,1,4
27,Không,Ít_khi_công_tác,1157,Nghiên_cứu_và_Phát_triển,17,3,Bằng_kỹ_thuật,1,233,3,Nam,51,3,1,Nhà_nghiên_cứu_khoa_học,2,Đã_kết_hôn,3058,13364,0,Có,Có,16,3,4,80,1,6,3,2,5,2,1,1
19,Có,Thường_xuyên_công_tác,602,Kinh_doanh,1,1,Bằng_kỹ_thuật,1,235,3,Nữ,100,1,1,Đại_diện_kinh_doanh,1,Độc_thân,2325,20989,0,Có,Không,21,4,1,80,0,1,5,4,0,0,0,0
36,Không,Thường_xuyên_công_tác,1480,Nghiên_cứu_và_Phát_triển,3,2,Y_khoa,1,238,4,Nam,30,3,1,Kỹ_thuật_viên_phòng_thí_nghiệm,2,Độc_thân,2088,15062,4,Có,Không,12,3,3,80,0,13,3,2,8,7,7,2
30,Không,Không_công_tác,111,Nghiên_cứu_và_Phát_triển,9,3,Y_khoa,1,239,3,Nam,66,3,2,Kỹ_thuật_viên_phòng_thí_nghiệm,1,Ly_hôn,3072,11012,1,Có,Không,11,3,3,80,2,12,4,3,12,9,6,10
45,Không,Ít_khi_công_tác,1268,Kinh_doanh,4,2,Khoa_học_sự_sống,1,240,3,Nữ,30,3,2,Chuyên_viên_kinh_doanh,1,Ly_hôn,5006,6319,4,Có,Có,11,3,1,80,1,9,3,4,5,4,0,3
56,Không,Ít_khi_công_tác,713,Nghiên_cứu_và_Phát_triển,8,3,Khoa_học_sự_sống,1,241,3,Nữ,67,3,1,Nhà_nghiên_cứu_khoa_học,1,Ly_hôn,4257,13939,4,Có,Có,18,3,3,80,1,19,3,3,2,2,2,2
33,Không,Ít_khi_công_tác,134,Nghiên_cứu_và_Phát_triển,2,3,Khoa_học_sự_sống,1,242,3,Nam,90,3,1,Nhà_nghiên_cứu_khoa_học,4,Độc_thân,2500,10515,0,Có,Không,14,3,1,80,0,4,2,4,3,1,0,2
19,Có,Ít_khi_công_tác,303,Nghiên_cứu_và_Phát_triển,2,3,Khoa_học_sự_sống,1,243,2,Nam,47,2,1,Kỹ_thuật_viên_phòng_thí_nghiệm,4,Độc_thân,1102,9241,1,Có,Không,22,4,3,80,0,1,3,2,1,0,1,0
46,Không,Ít_khi_công_tác,526,Kinh_doanh,1,2,Tiếp_thị,1,244,2,Nữ,92,3,3,Chuyên_viên_kinh_doanh,1,Ly_hôn,10453,2137,1,Có,Không,25,4,3,80,3,24,2,3,24,13,15,7
38,Không,Ít_khi_công_tác,1380,Nghiên_cứu_và_Phát_triển,9,2,Khoa_học_sự_sống,1,245,3,Nữ,75,3,1,Kỹ_thuật_viên_phòng_thí_nghiệm,4,Độc_thân,2288,6319,1,Có,Không,12,3,3,80,0,2,3,3,2,2,2,1
31,Không,Ít_khi_công_tác,140,Nghiên_cứu_và_Phát_triển,12,1,Y_khoa,1,246,3,Nữ,95,3,1,Nhà_nghiên_cứu_khoa_học,4,Đã_kết_hôn,3929,6984,8,Có,Có,23,4,3,80,1,7,0,3,4,2,0,2
34,Không,Ít_khi_công_tác,629,Nghiên_cứu_và_Phát_triển,27,2,Y_khoa,1,247,4,Nữ,95,3,1,Nhà_nghiên_cứu_khoa_học,2,Độc_thân,2311,5711,2,Có,Không,15,3,4,80,0,9,3,3,3,2,1,2
41,Có,Ít_khi_công_tác,1356,Kinh_doanh,20,2,Tiếp_thị,1,248,2,Nữ,70,3,1,Đại_diện_kinh_doanh,2,Độc_thân,3140,21728,1,Có,Có,22,4,4,80,0,4,5,2,4,3,0,2
50,Không,Ít_khi_công_tác,328,Nghiên_cứu_và_Phát_triển,1,3,Y_khoa,1,249,3,Nam,86,2,1,Kỹ_thuật_viên_phòng_thí_nghiệm,3,Đã_kết_hôn,3690,3425,2,Có,Không,15,3,4,80,1,5,2,2,3,2,0,2
53,Không,Ít_khi_công_tác,1084,Nghiên_cứu_và_Phát_triển,13,2,Y_khoa,1,250,4,Nữ,57,4,2,Giám_đốc_sản_xuất,1,Ly_hôn,4450,26250,1,Có,Không,11,3,3,80,2,5,3,3,4,2,1,3
33,Không,Ít_khi_công_tác,931,Nghiên_cứu_và_Phát_triển,14,3,Y_khoa,1,252,4,Nữ,72,3,1,Nhà_nghiên_cứu_khoa_học,2,Đã_kết_hôn,2756,4673,1,Có,Không,13,3,4,80,1,8,5,3,8,7,1,6
40,Không,Ít_khi_công_tác,989,Nghiên_cứu_và_Phát_triển,4,1,Y_khoa,1,253,4,Nữ,46,3,5,Quản_lý,3,Đã_kết_hôn,19033,6499,1,Có,Không,14,3,2,80,1,21,2,3,20,8,9,9
55,Không,Ít_khi_công_tác,692,Nghiên_cứu_và_Phát_triển,14,4,Y_khoa,1,254,3,Nam,61,4,5,Giám_đốc_nghiên_cứu,2,Độc_thân,18722,13339,8,Có,Không,11,3,4,80,0,36,3,3,24,15,2,15
34,Không,Thường_xuyên_công_tác,1069,Nghiên_cứu_và_Phát_triển,2,1,Khoa_học_sự_sống,1,256,4,Nam,45,2,2,Giám_đốc_sản_xuất,3,Đã_kết_hôn,9547,14074,1,Có,Không,17,3,3,80,0,10,2,2,10,9,1,9
51,Không,Ít_khi_công_tác,313,Nghiên_cứu_và_Phát_triển,3,3,Y_khoa,1,258,4,Nữ,98,3,4,Đại_diện_chăm_sóc_sức_khỏe,2,Độc_thân,13734,7192,3,Có,Không,18,3,3,80,0,21,6,3,7,7,1,0
52,Không,Ít_khi_công_tác,699,Nghiên_cứu_và_Phát_triển,1,4,Khoa_học_sự_sống,1,259,3,Nam,65,2,5,Quản_lý,3,Đã_kết_hôn,19999,5678,0,Có,Không,14,3,1,80,1,34,5,3,33,18,11,9
27,Không,Ít_khi_công_tác,894,Nghiên_cứu_và_Phát_triển,9,3,Y_khoa,1,260,4,Nữ,99,3,1,Nhà_nghiên_cứu_khoa_học,2,Độc_thân,2279,11781,1,Có,Không,16,3,4,80,0,7,2,2,7,7,0,3
35,Có,Ít_khi_công_tác,556,Nghiên_cứu_và_Phát_triển,23,2,Khoa_học_sự_sống,1,261,2,Nam,50,2,2,Giám_đốc_sản_xuất,3,Đã_kết_hôn,5916,15497,3,Có,Có,13,3,1,80,0,8,1,3,1,0,0,1
43,Không,Không_công_tác,1344,Nghiên_cứu_và_Phát_triển,7,3,Y_khoa,1,262,4,Nam,37,4,1,Nhà_nghiên_cứu_khoa_học,4,Ly_hôn,2089,5228,4,Có,Không,14,3,4,80,3,7,3,4,5,4,2,2
45,Không,Không_công_tác,1195,Nghiên_cứu_và_Phát_triển,2,2,Y_khoa,1,264,1,Nam,65,2,4,Quản_lý,4,Đã_kết_hôn,16792,20462,9,Có,Không,23,4,4,80,1,22,1,3,20,8,11,8
37,Không,Ít_khi_công_tác,290,Nghiên_cứu_và_Phát_triển,21,3,Khoa_học_sự_sống,1,267,2,Nam,65,4,1,Nhà_nghiên_cứu_khoa_học,1,Đã_kết_hôn,3564,22977,1,Có,Có,12,3,1,80,1,8,3,2,8,7,1,7
35,Không,Thường_xuyên_công_tác,138,Nghiên_cứu_và_Phát_triển,2,3,Y_khoa,1,269,2,Nữ,37,3,2,Kỹ_thuật_viên_phòng_thí_nghiệm,2,Độc_thân,4425,15986,5,Có,Không,11,3,4,80,0,10,5,3,6,2,1,2
42,Không,Không_công_tác,926,Nghiên_cứu_và_Phát_triển,21,2,Y_khoa,1,270,3,Nữ,36,3,2,Giám_đốc_sản_xuất,3,Ly_hôn,5265,16439,2,Có,Không,16,3,2,80,1,11,5,3,5,3,0,2
38,Không,Ít_khi_công_tác,1261,Nghiên_cứu_và_Phát_triển,2,4,Khoa_học_sự_sống,1,271,4,Nam,88,3,2,Giám_đốc_sản_xuất,3,Đã_kết_hôn,6553,7259,9,Có,Không,14,3,2,80,0,14,3,3,1,0,0,0
38,Không,Ít_khi_công_tác,1084,Nghiên_cứu_và_Phát_triển,29,3,Bằng_kỹ_thuật,1,273,4,Nam,54,3,2,Giám_đốc_sản_xuất,4,Đã_kết_hôn,6261,4185,3,Có,Không,18,3,1,80,1,9,3,1,7,7,1,7
27,Không,Thường_xuyên_công_tác,472,Nghiên_cứu_và_Phát_triển,1,1,Bằng_kỹ_thuật,1,274,3,Nam,60,2,2,Giám_đốc_sản_xuất,1,Đã_kết_hôn,4298,9679,5,Có,Không,19,3,3,80,1,6,1,3,2,2,2,0
49,Không,Không_công_tác,1002,Nghiên_cứu_và_Phát_triển,18,4,Khoa_học_sự_sống,1,275,4,Nam,92,3,2,Giám_đốc_sản_xuất,4,Ly_hôn,6804,23793,1,Có,Có,15,3,1,80,2,7,0,3,7,7,1,7
34,Không,Thường_xuyên_công_tác,878,Nghiên_cứu_và_Phát_triển,10,4,Y_khoa,1,277,4,Nam,43,3,1,Nhà_nghiên_cứu_khoa_học,3,Ly_hôn,3815,5972,1,Có,Có,17,3,4,80,1,5,4,4,5,3,2,0
40,Không,Ít_khi_công_tác,905,Nghiên_cứu_và_Phát_triển,19,2,Y_khoa,1,281,3,Nam,99,3,2,Kỹ_thuật_viên_phòng_thí_nghiệm,4,Đã_kết_hôn,2741,16523,8,Có,Có,15,3,3,80,1,15,2,4,7,2,3,7
38,Có,Ít_khi_công_tác,1180,Nghiên_cứu_và_Phát_triển,29,1,Y_khoa,1,282,2,Nam,70,3,2,Đại_diện_chăm_sóc_sức_khỏe,1,Đã_kết_hôn,6673,11354,7,Có,Có,19,3,2,80,0,17,2,3,1,0,0,0
29,Có,Ít_khi_công_tác,121,Kinh_doanh,27,3,Tiếp_thị,1,283,2,Nữ,35,3,3,Chuyên_viên_kinh_doanh,4,Đã_kết_hôn,7639,24525,1,Có,Không,22,4,4,80,3,10,3,2,10,4,1,9
22,Không,Ít_khi_công_tác,1136,Nghiên_cứu_và_Phát_triển,5,3,Khoa_học_sự_sống,1,284,4,Nam,60,4,1,Nhà_nghiên_cứu_khoa_học,2,Ly_hôn,2328,12392,1,Có,Có,16,3,1,80,1,4,2,2,4,2,2,2
36,Không,Thường_xuyên_công_tác,635,Nghiên_cứu_và_Phát_triển,18,1,Y_khoa,1,286,2,Nữ,73,3,1,Kỹ_thuật_viên_phòng_thí_nghiệm,4,Độc_thân,2153,7703,1,Có,Không,13,3,1,80,0,8,2,3,8,1,1,7
40,Không,Không_công_tác,1151,Nghiên_cứu_và_Phát_triển,9,5,Khoa_học_sự_sống,1,287,4,Nam,63,2,2,Đại_diện_chăm_sóc_sức_khỏe,4,Đã_kết_hôn,4876,14242,9,Có,Không,14,3,4,80,1,5,5,1,3,2,0,2
46,Không,Ít_khi_công_tác,644,Nghiên_cứu_và_Phát_triển,1,4,Y_khoa,1,288,4,Nam,97,3,3,Đại_diện_chăm_sóc_sức_khỏe,1,Ly_hôn,9396,12368,7,Có,Không,16,3,3,80,1,17,3,3,4,2,0,3
32,Có,Ít_khi_công_tác,1045,Kinh_doanh,4,4,Y_khoa,1,291,4,Nam,32,1,3,Chuyên_viên_kinh_doanh,4,Đã_kết_hôn,10400,25812,1,Có,Không,11,3,3,80,0,14,2,2,14,8,9,8
30,Không,Không_công_tác,829,Nghiên_cứu_và_Phát_triển,1,1,Khoa_học_sự_sống,1,292,3,Nam,88,2,3,Giám_đốc_sản_xuất,3,Độc_thân,8474,20925,1,Có,Không,22,4,3,80,0,12,2,3,11,8,5,8
27,Không,Thường_xuyên_công_tác,1242,Kinh_doanh,20,3,Khoa_học_sự_sống,1,293,4,Nữ,90,3,2,Chuyên_viên_kinh_doanh,3,Độc_thân,9981,12916,1,Có,Không,14,3,4,80,0,7,2,3,7,7,0,7
51,Không,Ít_khi_công_tác,1469,Nghiên_cứu_và_Phát_triển,8,4,Khoa_học_sự_sống,1,296,2,Nam,81,2,3,Giám_đốc_nghiên_cứu,2,Đã_kết_hôn,12490,15736,5,Có,Không,16,3,4,80,2,16,5,1,10,9,4,7
30,Có,Ít_khi_công_tác,1005,Nghiên_cứu_và_Phát_triển,3,3,Bằng_kỹ_thuật,1,297,4,Nữ,88,3,1,Nhà_nghiên_cứu_khoa_học,1,Độc_thân,2657,8556,5,Có,Có,11,3,3,80,0,8,5,3,5,2,0,4
41,Không,Ít_khi_công_tác,896,Kinh_doanh,6,3,Khoa_học_sự_sống,1,298,4,Nữ,75,3,3,Quản_lý,4,Độc_thân,13591,14674,3,Có,Có,18,3,3,80,0,16,3,3,1,0,0,0
30,Có,Thường_xuyên_công_tác,334,Kinh_doanh,26,4,Tiếp_thị,1,299,3,Nữ,52,2,2,Chuyên_viên_kinh_doanh,1,Độc_thân,6696,22967,5,Có,Không,15,3,3,80,0,9,5,2,6,3,0,1
29,Có,Ít_khi_công_tác,992,Nghiên_cứu_và_Phát_triển,1,3,Bằng_kỹ_thuật,1,300,3,Nam,85,3,1,Nhà_nghiên_cứu_khoa_học,3,Độc_thân,2058,19757,0,Có,Không,14,3,4,80,0,7,1,2,6,2,1,5
45,Không,Không_công_tác,1052,Kinh_doanh,6,3,Y_khoa,1,302,4,Nữ,57,2,3,Chuyên_viên_kinh_doanh,4,Độc_thân,8865,16840,6,Có,Không,12,3,4,80,0,23,2,3,19,7,12,8
54,Không,Ít_khi_công_tác,1147,Kinh_doanh,3,3,Tiếp_thị,1,303,4,Nữ,52,3,2,Chuyên_viên_kinh_doanh,1,Đã_kết_hôn,5940,17011,2,Có,Không,14,3,4,80,1,16,4,3,6,2,0,5
36,Không,Ít_khi_công_tác,1396,Nghiên_cứu_và_Phát_triển,5,2,Khoa_học_sự_sống,1,304,4,Nam,62,3,2,Kỹ_thuật_viên_phòng_thí_nghiệm,2,Độc_thân,5914,9945,8,Có,Không,16,3,4,80,0,16,3,4,13,11,3,7
33,Không,Ít_khi_công_tác,147,Nghiên_cứu_và_Phát_triển,4,4,Y_khoa,1,305,3,Nữ,47,2,1,Nhà_nghiên_cứu_khoa_học,2,Đã_kết_hôn,2622,13248,6,Có,Không,21,4,4,80,0,7,3,3,3,2,1,1
37,Không,Thường_xuyên_công_tác,663,Nghiên_cứu_và_Phát_triển,11,3,Khác,1,306,2,Nam,47,3,3,Giám_đốc_nghiên_cứu,4,Ly_hôn,12185,10056,1,Có,Có,14,3,3,80,3,10,1,3,10,8,0,7
38,Không,Ít_khi_công_tác,119,Kinh_doanh,3,3,Khoa_học_sự_sống,1,307,1,Nam,76,3,3,Chuyên_viên_kinh_doanh,3,Ly_hôn,10609,9647,0,Có,Không,12,3,3,80,2,17,6,2,16,10,5,13
31,Không,Không_công_tác,979,Nghiên_cứu_và_Phát_triển,1,4,Y_khoa,1,308,3,Nam,90,1,2,Giám_đốc_sản_xuất,3,Đã_kết_hôn,4345,4381,0,Có,Không,12,3,4,80,1,6,2,3,5,4,1,4
59,Không,Ít_khi_công_tác,142,Nghiên_cứu_và_Phát_triển,3,3,Khoa_học_sự_sống,1,309,3,Nam,70,2,1,Nhà_nghiên_cứu_khoa_học,4,Đã_kết_hôn,2177,8456,3,Có,Không,17,3,1,80,1,7,6,3,1,0,0,0
37,Không,Thường_xuyên_công_tác,319,Kinh_doanh,4,4,Tiếp_thị,1,311,1,Nam,41,3,1,Đại_diện_kinh_doanh,4,Ly_hôn,2793,2539,4,Có,Không,17,3,3,80,1,13,2,3,9,8,5,8
29,Không,Thường_xuyên_công_tác,1413,Kinh_doanh,1,1,Y_khoa,1,312,2,Nữ,42,3,3,Chuyên_viên_kinh_doanh,4,Đã_kết_hôn,7918,6599,1,Có,Không,14,3,4,80,1,11,5,3,11,10,4,1
35,Không,Thường_xuyên_công_tác,944,Kinh_doanh,1,3,Tiếp_thị,1,314,3,Nữ,92,3,3,Chuyên_viên_kinh_doanh,3,Độc_thân,8789,9096,1,Có,Không,14,3,1,80,0,10,3,4,10,7,0,8
29,Có,Ít_khi_công_tác,896,Nghiên_cứu_và_Phát_triển,18,1,Y_khoa,1,315,3,Nam,86,2,1,Nhà_nghiên_cứu_khoa_học,4,Độc_thân,2389,14961,1,Có,Có,13,3,3,80,0,4,3,2,4,3,0,1
52,Không,Ít_khi_công_tác,1323,Nghiên_cứu_và_Phát_triển,2,3,Khoa_học_sự_sống,1,316,3,Nữ,89,2,1,Kỹ_thuật_viên_phòng_thí_nghiệm,4,Độc_thân,3212,3300,7,Có,Không,15,3,2,80,0,6,3,2,2,2,2,2
42,Không,Ít_khi_công_tác,532,Nghiên_cứu_và_Phát_triển,4,2,Bằng_kỹ_thuật,1,319,3,Nam,58,3,5,Quản_lý,4,Đã_kết_hôn,19232,4933,1,Có,Không,11,3,4,80,0,22,3,3,22,17,11,15
59,Không,Ít_khi_công_tác,818,Nhân_sự,6,2,Y_khoa,1,321,2,Nam,52,3,1,Nhân_sự,3,Đã_kết_hôn,2267,25657,8,Có,Không,17,3,4,80,0,7,2,2,2,2,2,2
50,Không,Ít_khi_công_tác,854,Kinh_doanh,1,4,Y_khoa,1,323,4,Nữ,68,3,5,Quản_lý,4,Ly_hôn,19517,24118,3,Có,Không,11,3,3,80,1,32,3,2,7,0,0,6
33,Có,Ít_khi_công_tác,813,Nghiên_cứu_và_Phát_triển,14,3,Y_khoa,1,325,3,Nam,58,3,1,Kỹ_thuật_viên_phòng_thí_nghiệm,4,Đã_kết_hôn,2436,22149,5,Có,Có,13,3,3,80,1,8,2,1,5,4,0,4
43,Không,Ít_khi_công_tác,1034,Kinh_doanh,16,3,Tiếp_thị,1,327,4,Nữ,80,3,4,Quản_lý,4,Đã_kết_hôn,16064,7744,5,Có,Có,22,4,3,80,1,22,3,3,17,13,1,9
33,Có,Ít_khi_công_tác,465,Nghiên_cứu_và_Phát_triển,2,2,Khoa_học_sự_sống,1,328,1,Nữ,39,3,1,Kỹ_thuật_viên_phòng_thí_nghiệm,1,Đã_kết_hôn,2707,21509,7,Có,Không,20,4,1,80,0,13,3,4,9,7,1,7
52,Không,Không_công_tác,771,Kinh_doanh,2,4,Khoa_học_sự_sống,1,329,1,Nam,79,2,5,Quản_lý,3,Độc_thân,19068,21030,1,Có,Có,18,3,4,80,0,33,2,4,33,7,15,12
32,Không,Ít_khi_công_tác,1401,Kinh_doanh,4,2,Khoa_học_sự_sống,1,330,3,Nữ,56,3,1,Đại_diện_kinh_doanh,2,Đã_kết_hôn,3931,20990,2,Có,Không,11,3,1,80,1,6,5,3,4,3,1,2
32,Có,Ít_khi_công_tác,515,Nghiên_cứu_và_Phát_triển,1,3,Khoa_học_sự_sống,1,331,4,Nam,62,2,1,Kỹ_thuật_viên_phòng_thí_nghiệm,3,Độc_thân,3730,9571,0,Có,Có,14,3,4,80,0,4,2,1,3,2,1,2
39,Không,Ít_khi_công_tác,1431,Nghiên_cứu_và_Phát_triển,1,4,Y_khoa,1,332,3,Nữ,96,3,1,Kỹ_thuật_viên_phòng_thí_nghiệm,3,Ly_hôn,2232,15417,7,Có,Không,14,3,3,80,3,7,1,3,3,2,1,2
32,Không,Không_công_tác,976,Kinh_doanh,26,4,Tiếp_thị,1,333,3,Nam,100,3,2,Chuyên_viên_kinh_doanh,4,Đã_kết_hôn,4465,12069,0,Có,Không,18,3,1,80,0,4,2,3,3,2,2,2
41,Không,Ít_khi_công_tác,1411,Nghiên_cứu_và_Phát_triển,19,2,Khoa_học_sự_sống,1,334,3,Nam,36,3,2,Nhà_nghiên_cứu_khoa_học,1,Ly_hôn,3072,19877,2,Có,Không,16,3,1,80,2,17,2,2,1,0,0,0
40,Không,Ít_khi_công_tác,1300,Nghiên_cứu_và_Phát_triển,24,2,Bằng_kỹ_thuật,1,335,1,Nam,62,3,2,Nhà_nghiên_cứu_khoa_học,4,Ly_hôn,3319,24447,1,Có,Không,17,3,1,80,2,9,3,3,9,8,4,7
45,Không,Ít_khi_công_tác,252,Nghiên_cứu_và_Phát_triển,1,3,Khác,1,336,3,Nam,70,4,5,Quản_lý,4,Đã_kết_hôn,19202,15970,0,Có,Không,11,3,3,80,1,25,2,3,24,0,1,7
31,Không,Thường_xuyên_công_tác,1327,Nghiên_cứu_và_Phát_triển,3,4,Y_khoa,1,337,2,Nam,73,3,3,Giám_đốc_nghiên_cứu,3,Ly_hôn,13675,13523,9,Có,Không,12,3,1,80,1,9,3,3,2,2,2,2
33,Không,Ít_khi_công_tác,832,Nghiên_cứu_và_Phát_triển,5,4,Khoa_học_sự_sống,1,338,3,Nữ,63,2,1,Nhà_nghiên_cứu_khoa_học,4,Đã_kết_hôn,2911,14776,1,Có,Không,13,3,3,80,1,2,2,2,2,2,0,2
34,Không,Ít_khi_công_tác,470,Nghiên_cứu_và_Phát_triển,2,4,Khoa_học_sự_sống,1,339,4,Nam,84,2,2,Giám_đốc_sản_xuất,1,Đã_kết_hôn,5957,23687,6,Có,Không,13,3,2,80,1,13,3,3,11,9,5,9
37,Không,Ít_khi_công_tác,1017,Nghiên_cứu_và_Phát_triển,1,2,Y_khoa,1,340,3,Nữ,83,2,1,Nhà_nghiên_cứu_khoa_học,1,Đã_kết_hôn,3920,18697,2,Có,Không,14,3,1,80,1,17,2,2,3,1,0,2
45,Không,Thường_xuyên_công_tác,1199,Nghiên_cứu_và_Phát_triển,7,4,Khoa_học_sự_sống,1,341,1,Nam,77,4,2,Giám_đốc_sản_xuất,3,Đã_kết_hôn,6434,5118,4,Có,Không,17,3,4,80,1,9,1,3,3,2,0,2
37,Có,Thường_xuyên_công_tác,504,Nghiên_cứu_và_Phát_triển,10,3,Y_khoa,1,342,1,Nam,61,3,3,Giám_đốc_sản_xuất,3,Ly_hôn,10048,22573,6,Có,Không,11,3,2,80,2,17,5,3,1,0,0,0
39,Không,Thường_xuyên_công_tác,505,Nghiên_cứu_và_Phát_triển,2,4,Bằng_kỹ_thuật,1,343,3,Nữ,64,3,3,Đại_diện_chăm_sóc_sức_khỏe,3,Độc_thân,10938,6420,0,Có,Không,25,4,4,80,0,20,1,3,19,6,11,8
29,Không,Ít_khi_công_tác,665,Nghiên_cứu_và_Phát_triển,15,3,Khoa_học_sự_sống,1,346,3,Nam,60,3,1,Nhà_nghiên_cứu_khoa_học,4,Độc_thân,2340,22673,1,Có,Không,19,3,1,80,0,6,1,3,6,5,1,5
42,Không,Ít_khi_công_tác,916,Nghiên_cứu_và_Phát_triển,17,2,Khoa_học_sự_sống,1,347,4,Nữ,82,4,2,Nhà_nghiên_cứu_khoa_học,1,Độc_thân,6545,23016,3,Có,Có,13,3,3,80,0,10,1,3,3,2,0,2
29,Không,Ít_khi_công_tác,1247,Kinh_doanh,20,2,Tiếp_thị,1,349,4,Nam,45,3,2,Chuyên_viên_kinh_doanh,4,Ly_hôn,6931,10732,2,Có,Không,14,3,4,80,1,10,2,3,3,2,0,2
25,Không,Ít_khi_công_tác,685,Nghiên_cứu_và_Phát_triển,1,3,Khoa_học_sự_sống,1,350,1,Nữ,62,3,2,Giám_đốc_sản_xuất,3,Đã_kết_hôn,4898,7505,0,Có,Không,12,3,4,80,2,5,3,3,4,2,1,2
42,Không,Ít_khi_công_tác,269,Nghiên_cứu_và_Phát_triển,2,3,Y_khoa,1,351,4,Nữ,56,2,1,Kỹ_thuật_viên_phòng_thí_nghiệm,1,Ly_hôn,2593,8007,0,Có,Có,11,3,3,80,1,10,4,3,9,6,7,8
40,Không,Ít_khi_công_tác,1416,Nghiên_cứu_và_Phát_triển,2,2,Y_khoa,1,352,1,Nam,49,3,5,Giám_đốc_nghiên_cứu,3,Ly_hôn,19436,5949,0,Có,Không,19,3,4,80,1,22,5,3,21,7,3,9
51,Không,Ít_khi_công_tác,833,Nghiên_cứu_và_Phát_triển,1,3,Khoa_học_sự_sống,1,353,3,Nam,96,3,1,Nhà_nghiên_cứu_khoa_học,4,Đã_kết_hôn,2723,23231,1,Có,Không,11,3,2,80,0,1,0,2,1,0,0,0
31,Có,Thường_xuyên_công_tác,307,Nghiên_cứu_và_Phát_triển,29,2,Y_khoa,1,355,3,Nam,71,2,1,Kỹ_thuật_viên_phòng_thí_nghiệm,2,Độc_thân,3479,11652,0,Có,Không,11,3,2,80,0,6,2,4,5,4,1,4
32,Không,Thường_xuyên_công_tác,1311,Nghiên_cứu_và_Phát_triển,7,3,Khoa_học_sự_sống,1,359,2,Nam,100,4,1,Kỹ_thuật_viên_phòng_thí_nghiệm,2,Đã_kết_hôn,2794,26062,1,Có,Không,20,4,3,80,0,5,3,1,5,1,0,3
38,Không,Không_công_tác,1327,Kinh_doanh,2,2,Khoa_học_sự_sống,1,361,4,Nam,39,2,2,Chuyên_viên_kinh_doanh,4,Đã_kết_hôn,5249,19682,3,Có,Không,18,3,4,80,1,13,0,3,8,7,7,5
32,Không,Ít_khi_công_tác,128,Nghiên_cứu_và_Phát_triển,2,1,Bằng_kỹ_thuật,1,362,4,Nam,84,2,2,Kỹ_thuật_viên_phòng_thí_nghiệm,1,Độc_thân,2176,19737,4,Có,Không,13,3,4,80,0,9,5,3,6,2,0,4
46,Không,Ít_khi_công_tác,488,Kinh_doanh,2,3,Bằng_kỹ_thuật,1,363,3,Nữ,75,1,4,Quản_lý,2,Đã_kết_hôn,16872,14977,3,Có,Có,12,3,2,80,1,28,2,2,7,7,7,7
28,Có,Ít_khi_công_tác,529,Nghiên_cứu_và_Phát_triển,2,4,Khoa_học_sự_sống,1,364,1,Nam,79,3,1,Kỹ_thuật_viên_phòng_thí_nghiệm,3,Độc_thân,3485,14935,2,Có,Không,11,3,3,80,0,5,5,1,0,0,0,0
29,Không,Ít_khi_công_tác,1210,Kinh_doanh,2,3,Y_khoa,1,366,1,Nam,78,2,2,Chuyên_viên_kinh_doanh,2,Đã_kết_hôn,6644,3687,2,Có,Không,19,3,2,80,2,10,2,3,0,0,0,0
31,Không,Ít_khi_công_tác,1463,Nghiên_cứu_và_Phát_triển,23,3,Y_khoa,1,367,2,Nam,64,2,2,Đại_diện_chăm_sóc_sức_khỏe,4,Đã_kết_hôn,5582,14408,0,Có,Không,21,4,2,80,1,10,2,3,9,0,7,8
25,Không,Không_công_tác,675,Nghiên_cứu_và_Phát_triển,5,2,Khoa_học_sự_sống,1,369,2,Nam,85,4,2,Đại_diện_chăm_sóc_sức_khỏe,1,Ly_hôn,4000,18384,1,Có,Không,12,3,4,80,2,6,2,3,6,3,1,5
45,Không,Ít_khi_công_tác,1385,Nghiên_cứu_và_Phát_triển,20,2,Y_khoa,1,372,3,Nam,79,3,4,Đại_diện_chăm_sóc_sức_khỏe,4,Đã_kết_hôn,13496,7501,0,Có,Có,14,3,2,80,0,21,2,3,20,7,4,10
36,Không,Ít_khi_công_tác,1403,Nghiên_cứu_và_Phát_triển,6,3,Khoa_học_sự_sống,1,373,4,Nam,47,3,1,Kỹ_thuật_viên_phòng_thí_nghiệm,4,Đã_kết_hôn,3210,20251,0,Có,Không,11,3,3,80,1,16,4,3,15,13,10,11
55,Không,Ít_khi_công_tác,452,Nghiên_cứu_và_Phát_triển,1,3,Y_khoa,1,374,4,Nam,81,3,5,Quản_lý,1,Độc_thân,19045,18938,0,Có,Có,14,3,3,80,0,37,2,3,36,10,4,13
47,Có,Không_công_tác,666,Nghiên_cứu_và_Phát_triển,29,4,Khoa_học_sự_sống,1,376,1,Nam,88,3,3,Quản_lý,2,Đã_kết_hôn,11849,10268,1,Có,Có,12,3,4,80,1,10,2,2,10,7,9,9
28,Không,Ít_khi_công_tác,1158,Nghiên_cứu_và_Phát_triển,9,3,Y_khoa,1,377,4,Nam,94,3,1,Nhà_nghiên_cứu_khoa_học,4,Đã_kết_hôn,2070,2613,1,Có,Không,23,4,4,80,1,5,3,2,5,2,0,4
37,Không,Ít_khi_công_tác,228,Kinh_doanh,6,4,Y_khoa,1,378,3,Nam,98,3,2,Chuyên_viên_kinh_doanh,4,Đã_kết_hôn,6502,22825,4,Có,Không,14,3,2,80,1,7,5,4,5,4,0,1
21,Không,Ít_khi_công_tác,996,Nghiên_cứu_và_Phát_triển,3,2,Y_khoa,1,379,4,Nam,100,2,1,Nhà_nghiên_cứu_khoa_học,3,Độc_thân,3230,10531,1,Có,Không,17,3,1,80,0,3,4,4,3,2,1,0
37,Không,Không_công_tác,728,Nghiên_cứu_và_Phát_triển,1,4,Y_khoa,1,380,1,Nữ,80,3,3,Giám_đốc_nghiên_cứu,4,Ly_hôn,13603,11677,2,Có,Có,18,3,1,80,2,15,2,3,5,2,0,2
35,Không,Ít_khi_công_tác,1315,Nghiên_cứu_và_Phát_triển,22,3,Khoa_học_sự_sống,1,381,2,Nữ,71,4,3,Quản_lý,2,Ly_hôn,11996,19100,7,Có,Không,18,3,2,80,1,10,6,2,7,7,6,2
38,Không,Ít_khi_công_tác,322,Kinh_doanh,7,2,Y_khoa,1,382,1,Nữ,44,4,2,Chuyên_viên_kinh_doanh,1,Ly_hôn,5605,19191,1,Có,Có,24,4,3,80,1,8,3,3,8,0,7,7
26,Không,Thường_xuyên_công_tác,1479,Nghiên_cứu_và_Phát_triển,1,3,Khoa_học_sự_sống,1,384,3,Nữ,84,3,2,Giám_đốc_sản_xuất,2,Ly_hôn,6397,26767,1,Có,Không,20,4,1,80,1,6,6,1,6,5,1,4
50,Không,Ít_khi_công_tác,797,Nghiên_cứu_và_Phát_triển,4,1,Khoa_học_sự_sống,1,385,1,Nam,96,3,5,Giám_đốc_nghiên_cứu,2,Ly_hôn,19144,15815,3,Có,Không,14,3,1,80,2,28,4,2,10,4,1,6
53,Không,Ít_khi_công_tác,1070,Nghiên_cứu_và_Phát_triển,3,4,Y_khoa,1,386,3,Nam,45,3,4,Giám_đốc_nghiên_cứu,3,Đã_kết_hôn,17584,21016,3,Có,Có,16,3,4,80,3,21,5,2,5,3,1,3
42,Không,Ít_khi_công_tác,635,Kinh_doanh,1,1,Khoa_học_sự_sống,1,387,2,Nam,99,3,2,Chuyên_viên_kinh_doanh,3,Đã_kết_hôn,4907,24532,1,Có,Không,25,4,3,80,0,20,3,3,20,16,11,6
29,Không,Thường_xuyên_công_tác,442,Kinh_doanh,2,2,Khoa_học_sự_sống,1,388,2,Nam,44,3,2,Chuyên_viên_kinh_doanh,4,Độc_thân,4554,20260,1,Có,Không,18,3,1,80,0,10,3,2,10,7,0,9
55,Không,Ít_khi_công_tác,147,Nghiên_cứu_và_Phát_triển,20,2,Bằng_kỹ_thuật,1,389,2,Nam,37,3,2,Kỹ_thuật_viên_phòng_thí_nghiệm,4,Đã_kết_hôn,5415,15972,3,Có,Có,19,3,4,80,1,12,4,3,10,7,0,8
26,Không,Thường_xuyên_công_tác,496,Nghiên_cứu_và_Phát_triển,11,2,Y_khoa,1,390,1,Nam,60,3,2,Đại_diện_chăm_sóc_sức_khỏe,1,Đã_kết_hôn,4741,22722,1,Có,Có,13,3,3,80,1,5,3,3,5,3,3,3
37,Không,Ít_khi_công_tác,1372,Nghiên_cứu_và_Phát_triển,1,3,Khoa_học_sự_sống,1,391,4,Nữ,42,3,1,Nhà_nghiên_cứu_khoa_học,4,Độc_thân,2115,15881,1,Có,Không,12,3,2,80,0,17,3,3,17,12,5,7
44,Có,Thường_xuyên_công_tác,920,Nghiên_cứu_và_Phát_triển,24,3,Khoa_học_sự_sống,1,392,4,Nam,43,3,1,Kỹ_thuật_viên_phòng_thí_nghiệm,3,Ly_hôn,3161,19920,3,Có,Có,22,4,4,80,1,19,0,1,1,0,0,0
38,Không,Ít_khi_công_tác,688,Nghiên_cứu_và_Phát_triển,23,4,Khoa_học_sự_sống,1,393,4,Nam,82,3,2,Đại_diện_chăm_sóc_sức_khỏe,4,Ly_hôn,5745,18899,9,Có,Không,14,3,2,80,1,10,2,3,2,2,1,2
26,Có,Ít_khi_công_tác,1449,Nghiên_cứu_và_Phát_triển,16,4,Y_khoa,1,394,1,Nam,45,3,1,Kỹ_thuật_viên_phòng_thí_nghiệm,2,Ly_hôn,2373,14180,2,Có,Có,13,3,4,80,1,5,2,3,3,2,0,2
28,Không,Ít_khi_công_tác,1117,Nghiên_cứu_và_Phát_triển,8,2,Khoa_học_sự_sống,1,395,4,Nữ,66,3,1,Nhà_nghiên_cứu_khoa_học,4,Độc_thân,3310,4488,1,Có,Không,21,4,4,80,0,5,3,3,5,3,0,2
49,Không,Thường_xuyên_công_tác,636,Nghiên_cứu_và_Phát_triển,10,4,Khoa_học_sự_sống,1,396,3,Nữ,35,3,5,Giám_đốc_nghiên_cứu,1,Độc_thân,18665,25594,9,Có,Có,11,3,4,80,0,22,4,3,3,2,1,2
36,Không,Ít_khi_công_tác,506,Nghiên_cứu_và_Phát_triển,3,3,Bằng_kỹ_thuật,1,397,3,Nam,30,3,2,Nhà_nghiên_cứu_khoa_học,2,Độc_thân,4485,26285,4,Có,Không,12,3,4,80,0,10,2,3,8,0,7,7
31,Không,Thường_xuyên_công_tác,444,Kinh_doanh,5,3,Tiếp_thị,1,399,4,Nữ,84,3,1,Đại_diện_kinh_doanh,2,Ly_hôn,2789,3909,1,Có,Không,11,3,3,80,1,2,5,2,2,2,2,2
26,Có,Ít_khi_công_tác,950,Kinh_doanh,4,4,Tiếp_thị,1,401,4,Nam,48,2,2,Chuyên_viên_kinh_doanh,4,Độc_thân,5828,8450,1,Có,Có,12,3,2,80,0,8,0,3,8,7,7,4
37,Không,Thường_xuyên_công_tác,889,Nghiên_cứu_và_Phát_triển,9,3,Y_khoa,1,403,2,Nam,53,3,1,Nhà_nghiên_cứu_khoa_học,4,Đã_kết_hôn,2326,11411,1,Có,Có,12,3,3,80,3,4,3,2,4,2,1,2
42,Không,Thường_xuyên_công_tác,555,Kinh_doanh,26,3,Tiếp_thị,1,404,3,Nữ,77,3,4,Chuyên_viên_kinh_doanh,2,Đã_kết_hôn,13525,14864,5,Có,Không,14,3,4,80,1,23,2,4,20,4,4,8
18,Có,Ít_khi_công_tác,230,Nghiên_cứu_và_Phát_triển,3,3,Khoa_học_sự_sống,1,405,3,Nam,54,3,1,Kỹ_thuật_viên_phòng_thí_nghiệm,3,Độc_thân,1420,25233,1,Có,Không,13,3,3,80,0,0,2,3,0,0,0,0
35,Không,Ít_khi_công_tác,1232,Kinh_doanh,16,3,Tiếp_thị,1,406,3,Nam,96,3,3,Chuyên_viên_kinh_doanh,2,Đã_kết_hôn,8020,5100,0,Có,Không,15,3,3,80,2,12,3,2,11,9,6,9
36,Không,Thường_xuyên_công_tác,566,Nghiên_cứu_và_Phát_triển,18,4,Khoa_học_sự_sống,1,407,3,Nam,81,4,1,Kỹ_thuật_viên_phòng_thí_nghiệm,4,Đã_kết_hôn,3688,7122,4,Có,Không,18,3,4,80,2,4,2,3,1,0,0,0
51,Không,Ít_khi_công_tác,1302,Nghiên_cứu_và_Phát_triển,2,3,Y_khoa,1,408,4,Nam,84,1,2,Giám_đốc_sản_xuất,2,Ly_hôn,5482,16321,5,Có,Không,18,3,4,80,1,13,3,3,4,1,1,2
41,Không,Ít_khi_công_tác,334,Kinh_doanh,2,4,Khoa_học_sự_sống,1,410,4,Nam,88,3,4,Quản_lý,2,Độc_thân,16015,15896,1,Có,Không,19,3,2,80,0,22,2,3,22,10,0,4
18,Không,Ít_khi_công_tác,812,Kinh_doanh,10,3,Y_khoa,1,411,4,Nữ,69,2,1,Đại_diện_kinh_doanh,3,Độc_thân,1200,9724,1,Có,Không,12,3,1,80,0,0,2,3,0,0,0,0
28,Không,Ít_khi_công_tác,1476,Nghiên_cứu_và_Phát_triển,16,2,Y_khoa,1,412,2,Nam,68,4,2,Đại_diện_chăm_sóc_sức_khỏe,1,Độc_thân,5661,4824,0,Có,Không,19,3,3,80,0,9,2,3,8,3,0,7
31,Không,Ít_khi_công_tác,218,Kinh_doanh,7,3,Bằng_kỹ_thuật,1,416,2,Nam,100,4,2,Chuyên_viên_kinh_doanh,4,Đã_kết_hôn,6929,12241,4,Có,Không,11,3,2,80,1,10,3,2,8,7,7,7
39,Không,Ít_khi_công_tác,1132,Nghiên_cứu_và_Phát_triển,1,3,Y_khoa,1,417,3,Nam,48,4,3,Đại_diện_chăm_sóc_sức_khỏe,4,Ly_hôn,9613,10942,0,Có,Không,17,3,1,80,3,19,5,2,18,10,3,7
36,Không,Không_công_tác,1105,Nghiên_cứu_và_Phát_triển,24,4,Khoa_học_sự_sống,1,419,2,Nữ,47,3,2,Kỹ_thuật_viên_phòng_thí_nghiệm,2,Đã_kết_hôn,5674,6927,7,Có,Không,15,3,3,80,1,11,3,3,9,8,0,8
32,Không,Ít_khi_công_tác,906,Kinh_doanh,7,3,Khoa_học_sự_sống,1,420,4,Nam,91,2,2,Chuyên_viên_kinh_doanh,3,Đã_kết_hôn,5484,16985,1,Có,Không,14,3,3,80,1,13,3,2,13,8,4,8
38,Không,Ít_khi_công_tác,849,Nghiên_cứu_và_Phát_triển,25,2,Khoa_học_sự_sống,1,421,1,Nữ,81,2,3,Giám_đốc_nghiên_cứu,2,Đã_kết_hôn,12061,26707,3,Có,Không,17,3,3,80,1,19,2,3,10,8,0,1
58,Không,Không_công_tác,390,Nghiên_cứu_và_Phát_triển,1,4,Khoa_học_sự_sống,1,422,4,Nam,32,1,2,Đại_diện_chăm_sóc_sức_khỏe,3,Ly_hôn,5660,17056,2,Có,Có,13,3,4,80,1,12,2,3,5,3,1,2
31,Không,Ít_khi_công_tác,691,Nghiên_cứu_và_Phát_triển,5,4,Bằng_kỹ_thuật,1,423,3,Nam,86,3,1,Nhà_nghiên_cứu_khoa_học,4,Đã_kết_hôn,4821,10077,0,Có,Có,12,3,3,80,1,6,4,3,5,2,0,3
31,Không,Ít_khi_công_tác,106,Nhân_sự,2,3,Nhân_sự,1,424,1,Nam,62,2,2,Nhân_sự,1,Đã_kết_hôn,6410,17822,3,Có,Không,12,3,4,80,0,9,1,3,2,2,1,0
45,Không,Thường_xuyên_công_tác,1249,Nghiên_cứu_và_Phát_triển,7,3,Khoa_học_sự_sống,1,425,1,Nam,97,3,3,Kỹ_thuật_viên_phòng_thí_nghiệm,1,Ly_hôn,5210,20308,1,Có,Không,18,3,1,80,1,24,2,3,24,9,9,11
31,Không,Ít_khi_công_tác,192,Nghiên_cứu_và_Phát_triển,2,4,Khoa_học_sự_sống,1,426,3,Nam,32,3,1,Nhà_nghiên_cứu_khoa_học,4,Ly_hôn,2695,7747,0,Có,Có,18,3,2,80,1,3,2,1,2,2,2,2
33,Không,Thường_xuyên_công_tác,553,Nghiên_cứu_và_Phát_triển,5,4,Khoa_học_sự_sống,1,428,4,Nữ,74,3,3,Quản_lý,2,Đã_kết_hôn,11878,23364,6,Có,Không,11,3,2,80,2,12,2,3,10,6,8,8
39,Không,Ít_khi_công_tác,117,Nghiên_cứu_và_Phát_triển,10,1,Y_khoa,1,429,3,Nam,99,3,4,Quản_lý,1,Đã_kết_hôn,17068,5355,1,Có,Có,14,3,4,80,0,21,3,3,21,9,11,10
43,Không,Thường_xuyên_công_tác,185,Nghiên_cứu_và_Phát_triển,10,4,Khoa_học_sự_sống,1,430,3,Nữ,33,3,1,Kỹ_thuật_viên_phòng_thí_nghiệm,4,Độc_thân,2455,10675,0,Có,Không,19,3,1,80,0,9,5,3,8,7,1,7
49,Không,Ít_khi_công_tác,1091,Nghiên_cứu_và_Phát_triển,1,2,Bằng_kỹ_thuật,1,431,3,Nữ,90,2,4,Đại_diện_chăm_sóc_sức_khỏe,3,Độc_thân,13964,17810,7,Có,Có,12,3,4,80,0,25,2,3,7,1,0,7
52,Có,Ít_khi_công_tác,723,Nghiên_cứu_và_Phát_triển,8,4,Y_khoa,1,433,3,Nam,85,2,2,Nhà_nghiên_cứu_khoa_học,2,Đã_kết_hôn,4941,17747,2,Có,Không,15,3,1,80,0,11,3,2,8,2,7,7
27,Không,Ít_khi_công_tác,1220,Nghiên_cứu_và_Phát_triển,5,3,Khoa_học_sự_sống,1,434,3,Nữ,85,3,1,Nhà_nghiên_cứu_khoa_học,2,Độc_thân,2478,20938,1,Có,Có,12,3,2,80,0,4,2,2,4,3,1,2
32,Không,Ít_khi_công_tác,588,Kinh_doanh,8,2,Bằng_kỹ_thuật,1,436,3,Nữ,65,2,2,Chuyên_viên_kinh_doanh,2,Đã_kết_hôn,5228,24624,1,Có,Có,11,3,4,80,0,13,2,3,13,12,11,9
27,Không,Ít_khi_công_tác,1377,Kinh_doanh,2,3,Khoa_học_sự_sống,1,437,4,Nam,74,3,2,Chuyên_viên_kinh_doanh,3,Độc_thân,4478,5242,1,Có,Có,11,3,1,80,0,5,3,3,5,4,0,4
31,Không,Ít_khi_công_tác,691,Kinh_doanh,7,3,Tiếp_thị,1,438,4,Nam,73,3,2,Chuyên_viên_kinh_doanh,4,Ly_hôn,7547,7143,4,Có,Không,12,3,4,80,3,13,3,3,7,7,1,7
32,Không,Ít_khi_công_tác,1018,Nghiên_cứu_và_Phát_triển,2,4,Y_khoa,1,439,1,Nữ,74,4,2,Nhà_nghiên_cứu_khoa_học,4,Độc_thân,5055,10557,7,Có,Không,16,3,3,80,0,10,0,2,7,7,0,7
28,Có,Ít_khi_công_tác,1157,Nghiên_cứu_và_Phát_triển,2,4,Y_khoa,1,440,1,Nam,84,1,1,Nhà_nghiên_cứu_khoa_học,4,Đã_kết_hôn,3464,24737,5,Có,Có,13,3,4,80,0,5,4,2,3,2,2,2
30,Không,Ít_khi_công_tác,1275,Nghiên_cứu_và_Phát_triển,28,2,Y_khoa,1,441,4,Nữ,64,3,2,Nhà_nghiên_cứu_khoa_học,4,Đã_kết_hôn,5775,11934,1,Có,Không,13,3,4,80,2,11,2,3,10,8,1,9
31,Không,Thường_xuyên_công_tác,798,Nghiên_cứu_và_Phát_triển,7,2,Khoa_học_sự_sống,1,442,3,Nữ,48,2,3,Giám_đốc_sản_xuất,3,Đã_kết_hôn,8943,14034,1,Có,Không,24,4,1,80,1,10,2,3,10,9,8,9
39,Không,Thường_xuyên_công_tác,672,Nghiên_cứu_và_Phát_triển,7,2,Y_khoa,1,444,3,Nam,54,2,5,Quản_lý,4,Đã_kết_hôn,19272,21141,1,Có,Không,15,3,1,80,1,21,2,3,21,9,13,3
39,Có,Ít_khi_công_tác,1162,Kinh_doanh,3,2,Y_khoa,1,445,4,Nữ,41,3,2,Chuyên_viên_kinh_doanh,3,Đã_kết_hôn,5238,17778,4,Có,Có,18,3,1,80,0,12,3,2,1,0,0,0
33,Không,Thường_xuyên_công_tác,508,Kinh_doanh,10,3,Tiếp_thị,1,446,2,Nam,46,2,2,Chuyên_viên_kinh_doanh,4,Độc_thân,4682,4317,3,Có,Không,14,3,3,80,0,9,6,2,7,7,0,1
47,Không,Ít_khi_công_tác,1482,Nghiên_cứu_và_Phát_triển,5,5,Khoa_học_sự_sống,1,447,4,Nam,42,3,5,Giám_đốc_nghiên_cứu,3,Đã_kết_hôn,18300,16375,4,Có,Không,11,3,2,80,1,21,2,3,3,2,1,1
43,Không,Thường_xuyên_công_tác,559,Nghiên_cứu_và_Phát_triển,10,4,Khoa_học_sự_sống,1,448,3,Nữ,82,2,2,Kỹ_thuật_viên_phòng_thí_nghiệm,3,Ly_hôn,5257,6227,1,Có,Không,11,3,2,80,1,9,3,4,9,7,0,0
27,Không,Không_công_tác,210,Kinh_doanh,1,1,Tiếp_thị,1,449,3,Nam,73,3,2,Chuyên_viên_kinh_doanh,2,Đã_kết_hôn,6349,22107,0,Có,Có,13,3,4,80,1,6,0,3,5,4,1,4
54,Không,Thường_xuyên_công_tác,928,Nghiên_cứu_và_Phát_triển,20,4,Khoa_học_sự_sống,1,450,4,Nữ,31,3,2,Nhà_nghiên_cứu_khoa_học,3,Độc_thân,4869,16885,3,Có,Không,12,3,4,80,0,20,4,2,4,3,0,3
43,Không,Ít_khi_công_tác,1001,Nghiên_cứu_và_Phát_triển,7,3,Khoa_học_sự_sống,1,451,3,Nữ,43,3,3,Đại_diện_chăm_sóc_sức_khỏe,1,Đã_kết_hôn,9985,9262,8,Có,Không,16,3,1,80,1,10,1,2,1,0,0,0
45,Không,Ít_khi_công_tác,549,Nghiên_cứu_và_Phát_triển,8,4,Khác,1,452,4,Nam,75,3,2,Nhà_nghiên_cứu_khoa_học,4,Đã_kết_hôn,3697,9278,9,Có,Không,14,3,1,80,2,12,3,3,10,9,9,8
40,Không,Ít_khi_công_tác,1124,Kinh_doanh,1,2,Y_khoa,1,453,2,Nam,57,1,2,Chuyên_viên_kinh_doanh,4,Đã_kết_hôn,7457,13273,2,Có,Có,22,4,3,80,3,6,2,2,4,3,0,2
29,Có,Ít_khi_công_tác,318,Nghiên_cứu_và_Phát_triển,8,4,Khác,1,454,2,Nam,77,1,1,Kỹ_thuật_viên_phòng_thí_nghiệm,1,Đã_kết_hôn,2119,4759,1,Có,Có,11,3,4,80,0,7,4,2,7,7,0,7
29,Không,Ít_khi_công_tác,738,Nghiên_cứu_và_Phát_triển,9,5,Khác,1,455,2,Nam,30,2,1,Kỹ_thuật_viên_phòng_thí_nghiệm,4,Độc_thân,3983,7621,0,Có,Không,17,3,3,80,0,4,2,3,3,2,2,2
30,Không,Ít_khi_công_tác,570,Kinh_doanh,5,3,Tiếp_thị,1,456,4,Nữ,30,2,2,Chuyên_viên_kinh_doanh,3,Ly_hôn,6118,5431,1,Có,Không,13,3,3,80,3,10,2,3,10,9,1,2
27,Không,Ít_khi_công_tác,1130,Kinh_doanh,8,4,Tiếp_thị,1,458,2,Nữ,56,3,2,Chuyên_viên_kinh_doanh,2,Đã_kết_hôn,6214,3415,1,Có,Không,18,3,1,80,1,8,3,3,8,7,0,7
37,Không,Ít_khi_công_tác,1192,Nghiên_cứu_và_Phát_triển,5,2,Y_khoa,1,460,4,Nam,61,3,2,Giám_đốc_sản_xuất,4,Ly_hôn,6347,23177,7,Có,Không,16,3,3,80,2,8,2,2,6,2,0,4
38,Không,Ít_khi_công_tác,343,Nghiên_cứu_và_Phát_triển,15,2,Khoa_học_sự_sống,1,461,3,Nam,92,2,3,Giám_đốc_nghiên_cứu,4,Ly_hôn,11510,15682,0,Có,Có,14,3,2,80,1,12,3,3,11,10,2,9
31,Không,Ít_khi_công_tác,1232,Nghiên_cứu_và_Phát_triển,7,4,Y_khoa,1,462,3,Nữ,39,3,3,Giám_đốc_sản_xuất,4,Độc_thân,7143,25713,1,Có,Có,14,3,3,80,0,11,2,2,11,9,4,10
29,Không,Ít_khi_công_tác,144,Kinh_doanh,10,1,Tiếp_thị,1,463,4,Nữ,39,2,2,Chuyên_viên_kinh_doanh,2,Ly_hôn,8268,11866,1,Có,Có,14,3,1,80,2,7,2,3,7,7,1,7
35,Không,Ít_khi_công_tác,1296,Nghiên_cứu_và_Phát_triển,5,4,Bằng_kỹ_thuật,1,464,3,Nam,62,3,3,Giám_đốc_sản_xuất,2,Độc_thân,8095,18264,0,Có,Không,13,3,4,80,0,17,5,3,16,6,0,13
23,Không,Ít_khi_công_tác,1309,Nghiên_cứu_và_Phát_triển,26,1,Khoa_học_sự_sống,1,465,3,Nam,83,3,1,Nhà_nghiên_cứu_khoa_học,4,Ly_hôn,2904,16092,1,Có,Không,12,3,3,80,2,4,2,2,4,2,0,2
41,Không,Ít_khi_công_tác,483,Nghiên_cứu_và_Phát_triển,6,3,Y_khoa,1,466,4,Nam,95,2,2,Giám_đốc_sản_xuất,2,Độc_thân,6032,10110,6,Có,Có,15,3,4,80,0,8,3,3,5,4,1,2
47,Không,Thường_xuyên_công_tác,1309,Kinh_doanh,4,1,Y_khoa,1,467,2,Nam,99,3,2,Đại_diện_kinh_doanh,3,Độc_thân,2976,25751,3,Có,Không,19,3,1,80,0,5,3,3,0,0,0,0
42,Không,Ít_khi_công_tác,810,Nghiên_cứu_và_Phát_triển,23,5,Khoa_học_sự_sống,1,468,1,Nữ,44,3,4,Giám_đốc_nghiên_cứu,4,Độc_thân,15992,15901,2,Có,Không,14,3,2,80,0,16,2,3,1,0,0,0
29,Không,Không_công_tác,746,Kinh_doanh,2,3,Khoa_học_sự_sống,1,469,4,Nam,61,3,2,Chuyên_viên_kinh_doanh,3,Đã_kết_hôn,4649,16928,1,Có,Không,14,3,1,80,1,4,3,2,4,3,0,2
42,Không,Ít_khi_công_tác,544,Nhân_sự,2,1,Bằng_kỹ_thuật,1,470,3,Nam,52,3,1,Nhân_sự,3,Ly_hôn,2696,24017,0,Có,Có,11,3,3,80,1,4,5,3,3,2,1,0
32,Không,Ít_khi_công_tác,1062,Nghiên_cứu_và_Phát_triển,2,3,Y_khoa,1,471,3,Nữ,75,3,1,Kỹ_thuật_viên_phòng_thí_nghiệm,2,Đã_kết_hôn,2370,3956,1,Có,Không,13,3,3,80,1,8,4,3,8,0,0,7
48,Không,Ít_khi_công_tác,530,Kinh_doanh,29,1,Y_khoa,1,473,1,Nữ,91,3,3,Quản_lý,3,Đã_kết_hôn,12504,23978,3,Có,Không,21,4,2,80,1,15,3,1,0,0,0,0
37,Không,Ít_khi_công_tác,1319,Nghiên_cứu_và_Phát_triển,6,3,Y_khoa,1,474,3,Nam,51,4,2,Nhà_nghiên_cứu_khoa_học,1,Ly_hôn,5974,17001,4,Có,Có,13,3,1,80,2,13,2,3,7,7,6,7
30,Không,Không_công_tác,641,Kinh_doanh,25,2,Bằng_kỹ_thuật,1,475,4,Nữ,85,3,2,Chuyên_viên_kinh_doanh,3,Đã_kết_hôn,4736,6069,7,Có,Có,12,3,2,80,1,4,2,4,2,2,2,2
26,Không,Ít_khi_công_tác,933,Kinh_doanh,1,3,Khoa_học_sự_sống,1,476,3,Nam,57,3,2,Chuyên_viên_kinh_doanh,3,Đã_kết_hôn,5296,20156,1,Có,Không,17,3,2,80,1,8,3,3,8,7,7,7
42,Không,Ít_khi_công_tác,1332,Nghiên_cứu_và_Phát_triển,2,4,Khác,1,477,1,Nam,98,2,2,Đại_diện_chăm_sóc_sức_khỏe,4,Độc_thân,6781,17078,3,Có,Không,23,4,2,80,0,14,6,3,1,0,0,0
21,Có,Thường_xuyên_công_tác,756,Kinh_doanh,1,1,Bằng_kỹ_thuật,1,478,1,Nữ,99,2,1,Đại_diện_kinh_doanh,2,Độc_thân,2174,9150,1,Có,Có,11,3,3,80,0,3,3,3,3,2,1,2
36,Không,Không_công_tác,845,Kinh_doanh,1,5,Y_khoa,1,479,4,Nữ,45,3,2,Chuyên_viên_kinh_doanh,4,Độc_thân,6653,15276,4,Có,Không,15,3,2,80,0,7,6,3,1,0,0,0
36,Không,Thường_xuyên_công_tác,541,Kinh_doanh,3,4,Y_khoa,1,481,1,Nam,48,2,3,Chuyên_viên_kinh_doanh,4,Đã_kết_hôn,9699,7246,4,Có,Không,11,3,1,80,1,16,2,3,13,9,1,12
57,Không,Ít_khi_công_tác,593,Nghiên_cứu_và_Phát_triển,1,4,Y_khoa,1,482,4,Nam,88,3,2,Đại_diện_chăm_sóc_sức_khỏe,3,Đã_kết_hôn,6755,2967,2,Có,Không,11,3,3,80,0,15,2,3,3,2,1,2
40,Không,Ít_khi_công_tác,1171,Nghiên_cứu_và_Phát_triển,10,4,Khoa_học_sự_sống,1,483,4,Nữ,46,4,1,Kỹ_thuật_viên_phòng_thí_nghiệm,3,Đã_kết_hôn,2213,22495,3,Có,Có,13,3,3,80,1,10,3,3,7,7,1,7
21,Không,Không_công_tác,895,Kinh_doanh,9,2,Y_khoa,1,484,1,Nam,39,3,1,Đại_diện_kinh_doanh,4,Độc_thân,2610,2851,1,Có,Không,24,4,3,80,0,3,3,2,3,2,2,2
33,Có,Ít_khi_công_tác,350,Kinh_doanh,5,3,Tiếp_thị,1,485,4,Nữ,34,3,1,Đại_diện_kinh_doanh,3,Độc_thân,2851,9150,1,Có,Có,13,3,2,80,0,1,2,3,1,0,0,0
37,Không,Ít_khi_công_tác,921,Nghiên_cứu_và_Phát_triển,10,3,Y_khoa,1,486,3,Nữ,98,3,1,Kỹ_thuật_viên_phòng_thí_nghiệm,1,Đã_kết_hôn,3452,17663,6,Có,Không,20,4,2,80,1,17,3,3,5,4,0,3
46,Không,Không_công_tác,1144,Nghiên_cứu_và_Phát_triển,7,4,Y_khoa,1,487,3,Nữ,30,3,2,Giám_đốc_sản_xuất,3,Đã_kết_hôn,5258,16044,2,Có,Không,14,3,3,80,0,7,2,4,1,0,0,0
41,Có,Thường_xuyên_công_tác,143,Kinh_doanh,4,3,Tiếp_thị,1,488,1,Nam,56,3,2,Chuyên_viên_kinh_doanh,2,Độc_thân,9355,9558,1,Có,Không,18,3,3,80,0,8,5,3,8,7,7,7
50,Không,Ít_khi_công_tác,1046,Nghiên_cứu_và_Phát_triển,10,3,Bằng_kỹ_thuật,1,491,4,Nam,100,2,3,Đại_diện_chăm_sóc_sức_khỏe,4,Độc_thân,10496,2755,6,Có,Không,15,3,4,80,0,20,2,3,4,3,1,3
40,Có,Ít_khi_công_tác,575,Kinh_doanh,22,2,Tiếp_thị,1,492,3,Nam,68,2,2,Chuyên_viên_kinh_doanh,3,Đã_kết_hôn,6380,6110,2,Có,Có,12,3,1,80,2,8,6,3,6,4,1,0
31,Không,Ít_khi_công_tác,408,Nghiên_cứu_và_Phát_triển,9,4,Khoa_học_sự_sống,1,493,3,Nam,42,2,1,Nhà_nghiên_cứu_khoa_học,2,Độc_thân,2657,7551,0,Có,Có,16,3,4,80,0,3,5,3,2,2,2,2
21,Có,Ít_khi_công_tác,156,Kinh_doanh,12,3,Khoa_học_sự_sống,1,494,3,Nữ,90,4,1,Đại_diện_kinh_doanh,2,Độc_thân,2716,25422,1,Có,Không,15,3,4,80,0,1,0,3,1,0,0,0
29,Không,Ít_khi_công_tác,1283,Nghiên_cứu_và_Phát_triển,23,3,Khoa_học_sự_sống,1,495,4,Nam,54,3,1,Nhà_nghiên_cứu_khoa_học,4,Độc_thân,2201,18168,9,Có,Không,16,3,4,80,0,6,4,3,3,2,1,2
35,Không,Ít_khi_công_tác,755,Nghiên_cứu_và_Phát_triển,9,4,Khoa_học_sự_sống,1,496,3,Nam,97,2,2,Đại_diện_chăm_sóc_sức_khỏe,2,Độc_thân,6540,19394,9,Có,Không,19,3,3,80,0,10,5,3,1,1,0,0
27,Không,Ít_khi_công_tác,1469,Nghiên_cứu_và_Phát_triển,1,2,Y_khoa,1,497,4,Nam,82,3,1,Kỹ_thuật_viên_phòng_thí_nghiệm,2,Ly_hôn,3816,17881,1,Có,Không,11,3,2,80,1,5,2,3,5,2,0,4
28,Không,Ít_khi_công_tác,304,Kinh_doanh,9,4,Khoa_học_sự_sống,1,498,2,Nam,92,3,2,Chuyên_viên_kinh_doanh,4,Độc_thân,5253,20750,1,Có,Không,16,3,4,80,0,7,1,3,7,5,0,7
49,Không,Ít_khi_công_tác,1261,Nghiên_cứu_và_Phát_triển,7,3,Khác,1,499,2,Nam,31,2,3,Đại_diện_chăm_sóc_sức_khỏe,3,Độc_thân,10965,12066,8,Có,Không,24,4,3,80,0,26,2,3,5,2,0,0
51,Không,Ít_khi_công_tác,1178,Kinh_doanh,14,2,Khoa_học_sự_sống,1,500,3,Nữ,87,3,2,Chuyên_viên_kinh_doanh,4,Đã_kết_hôn,4936,14862,4,Có,Không,11,3,3,80,1,18,2,2,7,7,0,7
36,Không,Ít_khi_công_tác,329,Nghiên_cứu_và_Phát_triển,2,3,Khoa_học_sự_sống,1,501,4,Nữ,96,3,1,Nhà_nghiên_cứu_khoa_học,3,Đã_kết_hôn,2543,11868,4,Có,Không,13,3,2,80,1,6,3,3,2,2,2,2
34,Có,Không_công_tác,1362,Kinh_doanh,19,3,Tiếp_thị,1,502,1,Nam,67,4,2,Chuyên_viên_kinh_doanh,4,Độc_thân,5304,4652,8,Có,Có,13,3,2,80,0,9,3,2,5,2,0,4
55,Không,Ít_khi_công_tác,1311,Nghiên_cứu_và_Phát_triển,2,3,Khoa_học_sự_sống,1,505,3,Nữ,97,3,4,Quản_lý,4,Độc_thân,16659,23258,2,Có,Có,13,3,3,80,0,30,2,3,5,4,1,2
24,Không,Ít_khi_công_tác,1371,Kinh_doanh,10,4,Tiếp_thị,1,507,4,Nữ,77,3,2,Chuyên_viên_kinh_doanh,3,Ly_hôn,4260,5915,1,Có,Có,12,3,4,80,1,5,2,4,5,2,0,3
30,Không,Ít_khi_công_tác,202,Kinh_doanh,2,1,Bằng_kỹ_thuật,1,508,3,Nam,72,3,1,Đại_diện_kinh_doanh,2,Đã_kết_hôn,2476,17434,1,Có,Không,18,3,1,80,1,1,3,3,1,0,0,0
26,Có,Thường_xuyên_công_tác,575,Nghiên_cứu_và_Phát_triển,3,1,Bằng_kỹ_thuật,1,510,3,Nam,73,3,1,Nhà_nghiên_cứu_khoa_học,1,Độc_thân,3102,6582,0,Có,Không,22,4,3,80,0,7,2,3,6,4,0,4
22,Không,Ít_khi_công_tác,253,Nghiên_cứu_và_Phát_triển,11,3,Y_khoa,1,511,1,Nữ,43,3,1,Nhà_nghiên_cứu_khoa_học,2,Đã_kết_hôn,2244,24440,1,Có,Không,13,3,4,80,1,2,1,3,2,1,1,2
36,Không,Ít_khi_công_tác,164,Kinh_doanh,2,2,Y_khoa,1,513,2,Nam,61,2,3,Chuyên_viên_kinh_doanh,3,Đã_kết_hôn,7596,3809,1,Có,Không,13,3,2,80,2,10,2,3,10,9,9,0
30,Có,Thường_xuyên_công_tác,464,Nghiên_cứu_và_Phát_triển,4,3,Bằng_kỹ_thuật,1,514,3,Nam,40,3,1,Nhà_nghiên_cứu_khoa_học,4,Độc_thân,2285,3427,9,Có,Có,23,4,3,80,0,3,4,3,1,0,0,0
37,Không,Ít_khi_công_tác,1107,Nghiên_cứu_và_Phát_triển,14,3,Khoa_học_sự_sống,1,515,4,Nữ,95,3,1,Kỹ_thuật_viên_phòng_thí_nghiệm,1,Ly_hôn,3034,26914,1,Có,Không,12,3,3,80,1,18,2,2,18,7,12,17
40,Không,Ít_khi_công_tác,759,Kinh_doanh,2,2,Tiếp_thị,1,516,4,Nữ,46,3,2,Chuyên_viên_kinh_doanh,2,Ly_hôn,5715,22553,7,Có,Không,12,3,3,80,2,8,5,3,5,4,1,3
42,Không,Ít_khi_công_tác,201,Nghiên_cứu_và_Phát_triển,1,4,Khoa_học_sự_sống,1,517,2,Nữ,95,3,1,Kỹ_thuật_viên_phòng_thí_nghiệm,1,Ly_hôn,2576,20490,3,Có,Không,16,3,2,80,1,8,5,3,5,2,1,2
37,Không,Ít_khi_công_tác,1305,Nghiên_cứu_và_Phát_triển,10,4,Khoa_học_sự_sống,1,518,3,Nam,49,3,2,Giám_đốc_sản_xuất,2,Độc_thân,4197,21123,2,Có,Có,12,3,4,80,0,18,2,2,1,0,0,1
43,Không,Ít_khi_công_tác,982,Nghiên_cứu_và_Phát_triển,12,3,Khoa_học_sự_sống,1,520,1,Nam,59,2,4,Giám_đốc_nghiên_cứu,2,Ly_hôn,14336,4345,1,Có,Không,11,3,3,80,1,25,3,3,25,10,3,9
40,Không,Ít_khi_công_tác,555,Nghiên_cứu_và_Phát_triển,2,3,Y_khoa,1,521,2,Nữ,78,2,2,Kỹ_thuật_viên_phòng_thí_nghiệm,3,Đã_kết_hôn,3448,13436,6,Có,Không,22,4,2,80,1,20,3,3,1,0,0,0
54,Không,Ít_khi_công_tác,821,Nghiên_cứu_và_Phát_triển,5,2,Y_khoa,1,522,1,Nam,86,3,5,Giám_đốc_nghiên_cứu,1,Đã_kết_hôn,19406,8509,4,Có,Không,11,3,3,80,1,24,4,2,4,2,1,2
34,Không,Không_công_tác,1381,Kinh_doanh,4,4,Tiếp_thị,1,523,3,Nữ,72,3,2,Chuyên_viên_kinh_doanh,3,Đã_kết_hôn,6538,12740,9,Có,Không,15,3,1,80,1,6,3,3,3,2,1,2
31,Không,Ít_khi_công_tác,480,Nghiên_cứu_và_Phát_triển,7,2,Y_khoa,1,524,2,Nữ,31,3,2,Giám_đốc_sản_xuất,1,Đã_kết_hôn,4306,4156,1,Có,Không,12,3,2,80,1,13,5,1,13,10,3,12
43,Không,Thường_xuyên_công_tác,313,Nghiên_cứu_và_Phát_triển,21,3,Y_khoa,1,525,4,Nam,61,3,1,Kỹ_thuật_viên_phòng_thí_nghiệm,4,Đã_kết_hôn,2258,15238,7,Có,Không,20,4,1,80,1,8,1,3,3,2,1,2
43,Không,Ít_khi_công_tác,1473,Nghiên_cứu_và_Phát_triển,8,4,Khác,1,526,3,Nữ,74,3,2,Đại_diện_chăm_sóc_sức_khỏe,3,Ly_hôn,4522,2227,4,Có,Có,14,3,4,80,0,8,3,3,5,2,0,2
25,Không,Ít_khi_công_tác,891,Kinh_doanh,4,2,Khoa_học_sự_sống,1,527,2,Nữ,99,2,2,Chuyên_viên_kinh_doanh,4,Độc_thân,4487,12090,1,Có,Có,11,3,2,80,0,5,3,3,5,4,1,3
37,Không,Không_công_tác,1063,Nghiên_cứu_và_Phát_triển,25,5,Y_khoa,1,529,2,Nữ,72,3,2,Nhà_nghiên_cứu_khoa_học,3,Đã_kết_hôn,4449,23866,3,Có,Có,15,3,1,80,2,15,2,3,13,11,10,7
31,Không,Ít_khi_công_tác,329,Nghiên_cứu_và_Phát_triển,1,2,Khoa_học_sự_sống,1,530,4,Nam,98,2,1,Kỹ_thuật_viên_phòng_thí_nghiệm,1,Đã_kết_hôn,2218,16193,1,Có,Không,12,3,3,80,1,4,3,3,4,2,3,2
39,Không,Thường_xuyên_công_tác,1218,Nghiên_cứu_và_Phát_triển,1,1,Khoa_học_sự_sống,1,531,2,Nam,52,3,5,Quản_lý,3,Ly_hôn,19197,8213,1,Có,Có,14,3,3,80,1,21,3,3,21,8,1,6
56,Không,Thường_xuyên_công_tác,906,Kinh_doanh,6,3,Khoa_học_sự_sống,1,532,3,Nữ,86,4,4,Chuyên_viên_kinh_doanh,1,Đã_kết_hôn,13212,18256,9,Có,Không,11,3,4,80,3,36,0,2,7,7,7,7
30,Không,Ít_khi_công_tác,1082,Kinh_doanh,12,3,Bằng_kỹ_thuật,1,533,2,Nữ,83,3,2,Chuyên_viên_kinh_doanh,3,Độc_thân,6577,19558,0,Có,Không,11,3,2,80,0,6,6,3,5,4,4,4
41,Không,Ít_khi_công_tác,645,Kinh_doanh,1,3,Tiếp_thị,1,534,2,Nam,49,4,3,Chuyên_viên_kinh_doanh,1,Đã_kết_hôn,8392,19566,1,Có,Không,16,3,3,80,1,10,2,3,10,7,0,7
28,Không,Ít_khi_công_tác,1300,Nghiên_cứu_và_Phát_triển,17,2,Y_khoa,1,536,3,Nam,79,3,2,Kỹ_thuật_viên_phòng_thí_nghiệm,1,Ly_hôn,4558,13535,1,Có,Không,12,3,4,80,1,10,2,3,10,0,1,8
25,Có,Ít_khi_công_tác,688,Nghiên_cứu_và_Phát_triển,3,3,Y_khoa,1,538,1,Nam,91,3,1,Kỹ_thuật_viên_phòng_thí_nghiệm,1,Đã_kết_hôn,4031,9396,5,Có,Không,13,3,3,80,1,6,5,3,2,2,0,2
52,Không,Ít_khi_công_tác,319,Nghiên_cứu_và_Phát_triển,3,3,Y_khoa,1,543,4,Nam,39,2,3,Giám_đốc_sản_xuất,3,Đã_kết_hôn,7969,19609,2,Có,Có,14,3,3,80,0,28,4,3,5,4,0,4
45,Không,Ít_khi_công_tác,192,Nghiên_cứu_và_Phát_triển,10,2,Khoa_học_sự_sống,1,544,1,Nam,69,3,1,Nhà_nghiên_cứu_khoa_học,4,Đã_kết_hôn,2654,9655,3,Có,Không,21,4,4,80,2,8,3,2,2,2,0,2
52,Không,Ít_khi_công_tác,1490,Nghiên_cứu_và_Phát_triển,4,2,Khoa_học_sự_sống,1,546,4,Nữ,30,3,4,Quản_lý,4,Đã_kết_hôn,16555,10310,2,Có,Không,13,3,4,80,0,31,2,1,5,2,1,4
42,Không,Thường_xuyên_công_tác,532,Nghiên_cứu_và_Phát_triển,29,2,Khoa_học_sự_sống,1,547,1,Nữ,92,3,2,Nhà_nghiên_cứu_khoa_học,3,Ly_hôn,4556,12932,2,Có,Không,11,3,2,80,1,19,3,3,5,4,0,2
30,Không,Ít_khi_công_tác,317,Nghiên_cứu_và_Phát_triển,2,3,Khoa_học_sự_sống,1,548,3,Nữ,43,1,2,Giám_đốc_sản_xuất,4,Độc_thân,6091,24793,2,Có,Không,20,4,3,80,0,11,2,3,5,4,0,2
60,Không,Ít_khi_công_tác,422,Nghiên_cứu_và_Phát_triển,7,3,Khoa_học_sự_sống,1,549,1,Nữ,41,3,5,Quản_lý,1,Đã_kết_hôn,19566,3854,5,Có,Không,11,3,4,80,0,33,5,1,29,8,11,10
46,Không,Ít_khi_công_tác,1485,Nghiên_cứu_và_Phát_triển,18,3,Y_khoa,1,550,3,Nữ,87,3,2,Giám_đốc_sản_xuất,3,Ly_hôn,4810,26314,2,Có,Không,14,3,3,80,1,19,5,2,10,7,0,8
42,Không,Thường_xuyên_công_tác,1368,Nghiên_cứu_và_Phát_triển,28,4,Bằng_kỹ_thuật,1,551,4,Nữ,88,2,2,Đại_diện_chăm_sóc_sức_khỏe,4,Đã_kết_hôn,4523,4386,0,Có,Không,11,3,4,80,3,7,4,4,6,5,0,4
24,Có,Ít_khi_công_tác,1448,Kinh_doanh,1,1,Bằng_kỹ_thuật,1,554,1,Nữ,62,3,1,Đại_diện_kinh_doanh,2,Độc_thân,3202,21972,1,Có,Có,16,3,2,80,0,6,4,3,5,3,1,4
34,Có,Thường_xuyên_công_tác,296,Kinh_doanh,6,2,Tiếp_thị,1,555,4,Nữ,33,1,1,Đại_diện_kinh_doanh,3,Ly_hôn,2351,12253,0,Có,Không,16,3,4,80,1,3,3,2,2,2,1,0
38,Không,Thường_xuyên_công_tác,1490,Nghiên_cứu_và_Phát_triển,2,2,Khoa_học_sự_sống,1,556,4,Nam,42,3,1,Kỹ_thuật_viên_phòng_thí_nghiệm,4,Đã_kết_hôn,1702,12106,1,Có,Có,23,4,3,80,1,1,3,3,1,0,0,0
40,Không,Ít_khi_công_tác,1398,Kinh_doanh,2,4,Khoa_học_sự_sống,1,558,3,Nữ,79,3,5,Quản_lý,3,Đã_kết_hôn,18041,13022,0,Có,Không,14,3,4,80,0,21,2,3,20,15,1,12
26,Không,Ít_khi_công_tác,1349,Nghiên_cứu_và_Phát_triển,23,3,Khoa_học_sự_sống,1,560,1,Nữ,90,3,1,Nhà_nghiên_cứu_khoa_học,4,Ly_hôn,2886,3032,1,Có,Không,22,4,2,80,2,3,3,1,3,2,0,2
30,Không,Không_công_tác,1400,Nghiên_cứu_và_Phát_triển,3,3,Khoa_học_sự_sống,1,562,3,Nam,53,3,1,Kỹ_thuật_viên_phòng_thí_nghiệm,4,Đã_kết_hôn,2097,16734,4,Có,Không,15,3,3,80,1,9,3,1,5,3,1,4
29,Không,Ít_khi_công_tác,986,Nghiên_cứu_và_Phát_triển,3,4,Y_khoa,1,564,2,Nam,93,2,3,Giám_đốc_nghiên_cứu,3,Đã_kết_hôn,11935,21526,1,Có,Không,18,3,3,80,0,10,2,3,10,2,0,7
29,Có,Ít_khi_công_tác,408,Nghiên_cứu_và_Phát_triển,25,5,Bằng_kỹ_thuật,1,565,3,Nữ,71,2,1,Nhà_nghiên_cứu_khoa_học,2,Đã_kết_hôn,2546,18300,5,Có,Không,16,3,2,80,0,6,2,4,2,2,1,1
19,Có,Ít_khi_công_tác,489,Nhân_sự,2,2,Bằng_kỹ_thuật,1,566,1,Nam,52,2,1,Nhân_sự,4,Độc_thân,2564,18437,1,Có,Không,12,3,3,80,0,1,3,4,1,0,0,0
30,Không,Không_công_tác,1398,Kinh_doanh,22,4,Khác,1,567,3,Nữ,69,3,3,Chuyên_viên_kinh_doanh,1,Đã_kết_hôn,8412,2890,0,Có,Không,11,3,3,80,0,10,3,3,9,8,7,8
57,Không,Ít_khi_công_tác,210,Kinh_doanh,29,3,Tiếp_thị,1,568,1,Nam,56,2,4,Quản_lý,4,Ly_hôn,14118,22102,3,Có,Không,12,3,3,80,1,32,3,2,1,0,0,0
50,Không,Ít_khi_công_tác,1099,Nghiên_cứu_và_Phát_triển,29,4,Khoa_học_sự_sống,1,569,2,Nam,88,2,4,Quản_lý,3,Đã_kết_hôn,17046,9314,0,Có,Không,15,3,2,80,1,28,2,3,27,10,15,7
30,Không,Không_công_tác,1116,Nghiên_cứu_và_Phát_triển,2,3,Y_khoa,1,571,3,Nữ,49,3,1,Kỹ_thuật_viên_phòng_thí_nghiệm,4,Độc_thân,2564,7181,0,Có,Không,14,3,3,80,0,12,2,2,11,7,6,7
60,Không,Thường_xuyên_công_tác,1499,Kinh_doanh,28,3,Tiếp_thị,1,573,3,Nữ,80,2,3,Chuyên_viên_kinh_doanh,1,Đã_kết_hôn,10266,2845,4,Có,Không,19,3,4,80,0,22,5,4,18,13,13,11
47,Không,Ít_khi_công_tác,983,Nghiên_cứu_và_Phát_triển,2,2,Y_khoa,1,574,1,Nữ,65,3,2,Giám_đốc_sản_xuất,4,Ly_hôn,5070,7389,5,Có,Không,13,3,3,80,3,20,2,3,5,0,0,4
46,Không,Ít_khi_công_tác,1009,Nghiên_cứu_và_Phát_triển,2,3,Khoa_học_sự_sống,1,575,1,Nam,51,3,4,Giám_đốc_nghiên_cứu,3,Đã_kết_hôn,17861,2288,6,Có,Không,13,3,3,80,0,26,2,1,3,2,0,1
35,Không,Ít_khi_công_tác,144,Nghiên_cứu_và_Phát_triển,22,3,Khoa_học_sự_sống,1,577,4,Nam,46,1,1,Kỹ_thuật_viên_phòng_thí_nghiệm,3,Độc_thân,4230,19225,0,Có,Không,15,3,3,80,0,6,2,3,5,4,4,3
54,Không,Ít_khi_công_tác,548,Nghiên_cứu_và_Phát_triển,8,4,Khoa_học_sự_sống,1,578,3,Nữ,42,3,2,Kỹ_thuật_viên_phòng_thí_nghiệm,3,Độc_thân,3780,23428,7,Có,Không,11,3,3,80,0,19,3,3,1,0,0,0
34,Không,Ít_khi_công_tác,1303,Nghiên_cứu_và_Phát_triển,2,4,Khoa_học_sự_sống,1,579,4,Nam,62,2,1,Nhà_nghiên_cứu_khoa_học,3,Ly_hôn,2768,8416,3,Có,Không,12,3,3,80,1,14,3,3,7,3,5,7
46,Không,Ít_khi_công_tác,1125,Kinh_doanh,10,3,Tiếp_thị,1,580,3,Nữ,94,2,3,Chuyên_viên_kinh_doanh,4,Đã_kết_hôn,9071,11563,2,Có,Có,19,3,3,80,1,15,3,3,3,2,1,2
31,Không,Ít_khi_công_tác,1274,Nghiên_cứu_và_Phát_triển,9,1,Khoa_học_sự_sống,1,581,3,Nam,33,3,3,Giám_đốc_sản_xuất,2,Ly_hôn,10648,14394,1,Có,Không,25,4,4,80,1,13,6,4,13,8,0,8
33,Có,Ít_khi_công_tác,1277,Nghiên_cứu_và_Phát_triển,15,1,Y_khoa,1,582,2,Nam,56,3,3,Quản_lý,3,Đã_kết_hôn,13610,24619,7,Có,Có,12,3,4,80,0,15,2,4,7,6,7,7
33,Có,Ít_khi_công_tác,587,Nghiên_cứu_và_Phát_triển,10,1,Y_khoa,1,584,1,Nam,38,1,1,Kỹ_thuật_viên_phòng_thí_nghiệm,4,Ly_hôn,3408,6705,7,Có,Không,13,3,1,80,3,8,2,3,4,3,1,3
30,Không,Ít_khi_công_tác,413,Kinh_doanh,7,1,Tiếp_thị,1,585,4,Nam,57,3,1,Đại_diện_kinh_doanh,2,Độc_thân,2983,18398,0,Có,Không,14,3,1,80,0,4,3,3,3,2,1,2
35,Không,Ít_khi_công_tác,1276,Nghiên_cứu_và_Phát_triển,16,3,Khoa_học_sự_sống,1,586,4,Nam,72,3,3,Đại_diện_chăm_sóc_sức_khỏe,3,Đã_kết_hôn,7632,14295,4,Có,Có,12,3,3,80,0,10,2,3,8,7,0,0
31,Có,Thường_xuyên_công_tác,534,Nghiên_cứu_và_Phát_triển,20,3,Khoa_học_sự_sống,1,587,1,Nam,66,3,3,Đại_diện_chăm_sóc_sức_khỏe,3,Đã_kết_hôn,9824,22908,3,Có,Không,12,3,1,80,0,12,2,3,1,0,0,0
34,Có,Thường_xuyên_công_tác,988,Nhân_sự,23,3,Nhân_sự,1,590,2,Nữ,43,3,3,Nhân_sự,1,Ly_hôn,9950,11533,9,Có,Có,15,3,3,80,3,11,2,3,3,2,0,2
42,Không,Thường_xuyên_công_tác,1474,Nghiên_cứu_và_Phát_triển,5,2,Khác,1,591,2,Nam,97,3,1,Kỹ_thuật_viên_phòng_thí_nghiệm,3,Đã_kết_hôn,2093,9260,4,Có,Không,17,3,4,80,1,8,4,3,2,2,2,0
36,Không,Không_công_tác,635,Kinh_doanh,10,4,Y_khoa,1,592,2,Nam,32,3,3,Chuyên_viên_kinh_doanh,4,Độc_thân,9980,15318,1,Có,Không,14,3,4,80,0,10,3,2,10,3,9,7
22,Có,Thường_xuyên_công_tác,1368,Nghiên_cứu_và_Phát_triển,4,1,Bằng_kỹ_thuật,1,593,3,Nam,99,2,1,Kỹ_thuật_viên_phòng_thí_nghiệm,3,Độc_thân,3894,9129,5,Có,Không,16,3,3,80,0,4,3,3,2,2,1,2
48,Không,Ít_khi_công_tác,163,Kinh_doanh,2,5,Tiếp_thị,1,595,2,Nữ,37,3,2,Chuyên_viên_kinh_doanh,4,Đã_kết_hôn,4051,19658,2,Có,Không,14,3,1,80,1,14,2,3,9,7,6,7
55,Không,Ít_khi_công_tác,1117,Kinh_doanh,18,5,Khoa_học_sự_sống,1,597,1,Nữ,83,3,4,Quản_lý,2,Độc_thân,16835,9873,3,Có,Không,23,4,4,80,0,37,2,3,10,9,7,7
41,Không,Không_công_tác,267,Kinh_doanh,10,2,Khoa_học_sự_sống,1,599,4,Nam,56,3,2,Chuyên_viên_kinh_doanh,4,Độc_thân,6230,13430,7,Có,Không,14,3,4,80,0,16,3,3,14,3,1,10
35,Không,Ít_khi_công_tác,619,Kinh_doanh,1,3,Tiếp_thị,1,600,2,Nam,85,3,2,Chuyên_viên_kinh_doanh,3,Đã_kết_hôn,4717,18659,9,Có,Không,11,3,3,80,0,15,2,3,11,9,6,9
40,Không,Ít_khi_công_tác,302,Nghiên_cứu_và_Phát_triển,6,3,Khoa_học_sự_sống,1,601,2,Nữ,75,3,4,Giám_đốc_sản_xuất,3,Độc_thân,13237,20364,7,Có,Không,15,3,3,80,0,22,3,3,20,6,5,13
39,Không,Thường_xuyên_công_tác,443,Nghiên_cứu_và_Phát_triển,8,1,Khoa_học_sự_sống,1,602,3,Nữ,48,3,1,Kỹ_thuật_viên_phòng_thí_nghiệm,3,Đã_kết_hôn,3755,17872,1,Có,Không,11,3,1,80,1,8,3,3,8,3,0,7
31,Không,Ít_khi_công_tác,828,Kinh_doanh,2,1,Khoa_học_sự_sống,1,604,2,Nam,77,3,2,Chuyên_viên_kinh_doanh,4,Độc_thân,6582,8346,4,Có,Có,13,3,3,80,0,10,2,4,6,5,0,5
42,Không,Ít_khi_công_tác,319,Nghiên_cứu_và_Phát_triển,24,3,Y_khoa,1,605,4,Nam,56,3,3,Giám_đốc_sản_xuất,1,Đã_kết_hôn,7406,6950,1,Có,Có,21,4,4,80,1,10,5,2,10,9,5,8
45,Không,Ít_khi_công_tác,561,Kinh_doanh,2,3,Khác,1,606,4,Nam,61,3,2,Chuyên_viên_kinh_doanh,2,Đã_kết_hôn,4805,16177,0,Có,Không,19,3,2,80,1,9,3,4,8,7,3,7
26,Có,Thường_xuyên_công_tác,426,Nhân_sự,17,4,Khoa_học_sự_sống,1,608,2,Nữ,58,3,1,Nhân_sự,3,Ly_hôn,2741,22808,0,Có,Có,11,3,2,80,1,8,2,2,7,7,1,0
29,Không,Ít_khi_công_tác,232,Nghiên_cứu_và_Phát_triển,19,3,Bằng_kỹ_thuật,1,611,4,Nam,34,3,2,Giám_đốc_sản_xuất,4,Ly_hôn,4262,22645,4,Có,Không,12,3,2,80,2,8,2,4,3,2,1,2
33,Không,Ít_khi_công_tác,922,Nghiên_cứu_và_Phát_triển,1,5,Y_khoa,1,612,1,Nữ,95,4,4,Giám_đốc_nghiên_cứu,3,Ly_hôn,16184,22578,4,Có,Không,19,3,3,80,1,10,2,3,6,1,0,5
31,Không,Ít_khi_công_tác,688,Kinh_doanh,7,3,Khoa_học_sự_sống,1,613,3,Nam,44,2,3,Quản_lý,4,Ly_hôn,11557,25291,9,Có,Không,21,4,3,80,1,10,3,2,5,4,0,1
18,Có,Thường_xuyên_công_tác,1306,Kinh_doanh,5,3,Tiếp_thị,1,614,2,Nam,69,3,1,Đại_diện_kinh_doanh,2,Độc_thân,1878,8059,1,Có,Có,14,3,4,80,0,0,3,3,0,0,0,0
40,Không,Không_công_tác,1094,Kinh_doanh,28,3,Khác,1,615,3,Nam,58,1,3,Chuyên_viên_kinh_doanh,1,Ly_hôn,10932,11373,3,Có,Không,15,3,3,80,1,20,2,3,1,0,0,1
41,Không,Không_công_tác,509,Nghiên_cứu_và_Phát_triển,2,4,Khác,1,616,1,Nữ,62,2,2,Đại_diện_chăm_sóc_sức_khỏe,3,Độc_thân,6811,2112,2,Có,Có,17,3,1,80,0,10,3,3,8,7,0,7
26,Không,Ít_khi_công_tác,775,Kinh_doanh,29,2,Y_khoa,1,618,1,Nam,45,3,2,Chuyên_viên_kinh_doanh,3,Ly_hôn,4306,4267,5,Có,Không,12,3,1,80,2,8,5,3,0,0,0,0
35,Không,Ít_khi_công_tác,195,Kinh_doanh,1,3,Y_khoa,1,620,1,Nữ,80,3,2,Chuyên_viên_kinh_doanh,3,Độc_thân,4859,6698,1,Có,Không,16,3,4,80,0,5,3,3,5,4,0,3
34,Không,Ít_khi_công_tác,258,Kinh_doanh,21,4,Khoa_học_sự_sống,1,621,4,Nam,74,4,2,Chuyên_viên_kinh_doanh,4,Độc_thân,5337,19921,1,Có,Không,12,3,4,80,0,10,3,3,10,7,5,7
26,Có,Ít_khi_công_tác,471,Nghiên_cứu_và_Phát_triển,24,3,Bằng_kỹ_thuật,1,622,3,Nam,66,1,1,Kỹ_thuật_viên_phòng_thí_nghiệm,4,Độc_thân,2340,23213,1,Có,Có,18,3,2,80,0,1,3,1,1,0,0,0
37,Không,Ít_khi_công_tác,799,Nghiên_cứu_và_Phát_triển,1,3,Bằng_kỹ_thuật,1,623,2,Nữ,59,3,3,Giám_đốc_sản_xuất,4,Độc_thân,7491,23848,4,Có,Không,17,3,4,80,0,12,3,4,6,5,1,2
46,Không,Thường_xuyên_công_tác,1034,Nghiên_cứu_và_Phát_triển,18,1,Y_khoa,1,624,1,Nữ,86,3,3,Đại_diện_chăm_sóc_sức_khỏe,3,Đã_kết_hôn,10527,8984,5,Có,Không,11,3,4,80,0,28,3,2,2,2,1,2
41,Không,Ít_khi_công_tác,1276,Kinh_doanh,2,5,Khoa_học_sự_sống,1,625,2,Nữ,91,3,4,Quản_lý,1,Đã_kết_hôn,16595,5626,7,Có,Không,16,3,2,80,1,22,2,3,18,16,11,8
37,Không,Không_công_tác,142,Kinh_doanh,9,4,Y_khoa,1,626,1,Nam,69,3,3,Chuyên_viên_kinh_doanh,2,Ly_hôn,8834,24666,1,Có,Không,13,3,4,80,1,9,6,3,9,5,7,7
52,Không,Ít_khi_công_tác,956,Nghiên_cứu_và_Phát_triển,6,2,Bằng_kỹ_thuật,1,630,4,Nam,78,3,2,Nhà_nghiên_cứu_khoa_học,1,Ly_hôn,5577,22087,3,Có,Có,12,3,2,80,2,18,3,3,10,9,6,9
32,Có,Không_công_tác,1474,Kinh_doanh,11,4,Khác,1,631,4,Nam,60,4,2,Chuyên_viên_kinh_doanh,3,Đã_kết_hôn,4707,23914,8,Có,Không,12,3,4,80,0,6,2,3,4,2,1,2
24,Không,Thường_xuyên_công_tác,535,Kinh_doanh,24,3,Y_khoa,1,632,4,Nam,38,3,1,Đại_diện_kinh_doanh,4,Đã_kết_hôn,2400,5530,0,Có,Không,13,3,3,80,2,3,3,3,2,2,2,1
38,Không,Ít_khi_công_tác,1495,Nghiên_cứu_và_Phát_triển,10,3,Y_khoa,1,634,3,Nữ,76,3,2,Đại_diện_chăm_sóc_sức_khỏe,3,Đã_kết_hôn,9824,22174,3,Có,Không,19,3,3,80,1,18,4,3,1,0,0,0
37,Không,Ít_khi_công_tác,446,Nghiên_cứu_và_Phát_triển,1,4,Khoa_học_sự_sống,1,635,2,Nữ,65,3,2,Giám_đốc_sản_xuất,2,Đã_kết_hôn,6447,15701,6,Có,Không,12,3,2,80,1,8,2,2,6,5,4,3
49,Không,Ít_khi_công_tác,1245,Nghiên_cứu_và_Phát_triển,18,4,Khoa_học_sự_sống,1,638,4,Nam,58,2,5,Giám_đốc_nghiên_cứu,3,Ly_hôn,19502,2125,1,Có,Có,17,3,3,80,1,31,5,3,31,9,0,9
24,Không,Ít_khi_công_tác,691,Nghiên_cứu_và_Phát_triển,23,3,Y_khoa,1,639,2,Nam,89,4,1,Nhà_nghiên_cứu_khoa_học,4,Đã_kết_hôn,2725,21630,1,Có,Có,11,3,2,80,2,6,3,3,6,5,1,4
26,Không,Ít_khi_công_tác,703,Kinh_doanh,28,2,Tiếp_thị,1,641,1,Nam,66,3,2,Chuyên_viên_kinh_doanh,2,Đã_kết_hôn,6272,7428,1,Có,Không,20,4,4,80,2,6,5,4,5,3,1,4
24,Không,Ít_khi_công_tác,823,Nghiên_cứu_và_Phát_triển,17,2,Khác,1,643,4,Nam,94,2,1,Kỹ_thuật_viên_phòng_thí_nghiệm,2,Đã_kết_hôn,2127,9100,1,Có,Không,21,4,4,80,1,1,2,3,1,0,0,0
50,Không,Thường_xuyên_công_tác,1246,Nhân_sự,3,3,Y_khoa,1,644,1,Nam,99,3,5,Quản_lý,2,Đã_kết_hôn,18200,7999,1,Có,Không,11,3,3,80,1,32,2,3,32,5,10,7
25,Không,Ít_khi_công_tác,622,Kinh_doanh,13,1,Y_khoa,1,645,2,Nam,40,3,1,Đại_diện_kinh_doanh,3,Đã_kết_hôn,2096,26376,1,Có,Không,11,3,3,80,0,7,1,3,7,4,0,6
24,Có,Thường_xuyên_công_tác,1287,Nghiên_cứu_và_Phát_triển,7,3,Khoa_học_sự_sống,1,647,1,Nữ,55,3,1,Kỹ_thuật_viên_phòng_thí_nghiệm,3,Đã_kết_hôn,2886,14168,1,Có,Có,16,3,4,80,1,6,4,3,6,3,1,2
30,Có,Thường_xuyên_công_tác,448,Kinh_doanh,12,4,Khoa_học_sự_sống,1,648,2,Nam,74,2,1,Đại_diện_kinh_doanh,1,Đã_kết_hôn,2033,14470,1,Có,Không,18,3,3,80,1,1,2,4,1,0,0,0
34,Không,Ít_khi_công_tác,254,Nghiên_cứu_và_Phát_triển,1,2,Khoa_học_sự_sống,1,649,2,Nam,83,2,1,Nhà_nghiên_cứu_khoa_học,4,Đã_kết_hôn,3622,22794,1,Có,Có,13,3,4,80,1,6,3,3,6,5,1,3
31,Có,Ít_khi_công_tác,1365,Kinh_doanh,13,4,Y_khoa,1,650,2,Nam,46,3,2,Chuyên_viên_kinh_doanh,1,Ly_hôn,4233,11512,2,Có,Không,17,3,3,80,0,9,2,1,3,1,1,2
35,Không,Ít_khi_công_tác,538,Nghiên_cứu_và_Phát_triển,25,2,Khác,1,652,1,Nam,54,2,2,Kỹ_thuật_viên_phòng_thí_nghiệm,4,Độc_thân,3681,14004,4,Có,Không,14,3,4,80,0,9,3,3,3,2,0,2
31,Không,Ít_khi_công_tác,525,Kinh_doanh,6,4,Y_khoa,1,653,1,Nam,66,4,2,Chuyên_viên_kinh_doanh,4,Ly_hôn,5460,6219,4,Có,Không,22,4,4,80,2,13,4,4,7,7,5,7
27,Không,Ít_khi_công_tác,798,Nghiên_cứu_và_Phát_triển,6,4,Y_khoa,1,655,1,Nữ,66,2,1,Nhà_nghiên_cứu_khoa_học,3,Ly_hôn,2187,5013,0,Có,Không,12,3,3,80,2,6,5,2,5,3,0,3
37,Không,Ít_khi_công_tác,558,Kinh_doanh,2,3,Tiếp_thị,1,656,4,Nam,75,3,2,Chuyên_viên_kinh_doanh,3,Đã_kết_hôn,9602,3010,4,Có,Có,11,3,3,80,1,17,3,2,3,0,1,0
20,Không,Ít_khi_công_tác,959,Nghiên_cứu_và_Phát_triển,1,3,Khoa_học_sự_sống,1,657,4,Nữ,83,2,1,Nhà_nghiên_cứu_khoa_học,2,Độc_thân,2836,11757,1,Có,Không,13,3,4,80,0,1,0,4,1,0,0,0
42,Không,Ít_khi_công_tác,622,Nghiên_cứu_và_Phát_triển,2,4,Khoa_học_sự_sống,1,659,3,Nữ,81,3,2,Đại_diện_chăm_sóc_sức_khỏe,4,Đã_kết_hôn,4089,5718,1,Có,Không,13,3,2,80,2,10,4,3,10,2,2,2
43,Không,Ít_khi_công_tác,782,Nghiên_cứu_và_Phát_triển,6,4,Khác,1,661,2,Nam,50,2,4,Giám_đốc_nghiên_cứu,4,Ly_hôn,16627,2671,4,Có,Có,14,3,3,80,1,21,3,2,1,0,0,0
38,Không,Ít_khi_công_tác,362,Nghiên_cứu_và_Phát_triển,1,1,Khoa_học_sự_sống,1,662,3,Nữ,43,3,1,Nhà_nghiên_cứu_khoa_học,1,Độc_thân,2619,14561,3,Có,Không,17,3,4,80,0,8,3,2,0,0,0,0
43,Không,Thường_xuyên_công_tác,1001,Nghiên_cứu_và_Phát_triển,9,5,Y_khoa,1,663,4,Nam,72,3,2,Kỹ_thuật_viên_phòng_thí_nghiệm,3,Ly_hôn,5679,19627,3,Có,Có,13,3,2,80,1,10,3,3,8,7,4,7
48,Không,Ít_khi_công_tác,1236,Nghiên_cứu_và_Phát_triển,1,4,Khoa_học_sự_sống,1,664,4,Nữ,40,2,4,Quản_lý,1,Đã_kết_hôn,15402,17997,7,Có,Không,11,3,1,80,1,21,3,1,3,2,0,2
44,Không,Ít_khi_công_tác,1112,Nhân_sự,1,4,Khoa_học_sự_sống,1,665,1,Nữ,50,2,2,Nhân_sự,3,Độc_thân,5985,26894,4,Có,Không,11,3,2,80,0,10,1,4,2,2,0,2
34,Không,Ít_khi_công_tác,204,Kinh_doanh,14,3,Bằng_kỹ_thuật,1,666,3,Nữ,31,3,1,Đại_diện_kinh_doanh,3,Ly_hôn,2579,2912,1,Có,Có,18,3,4,80,2,8,3,3,8,2,0,6
27,Có,Ít_khi_công_tác,1420,Kinh_doanh,2,1,Tiếp_thị,1,667,3,Nam,85,3,1,Đại_diện_kinh_doanh,1,Ly_hôn,3041,16346,0,Có,Không,11,3,2,80,1,5,3,3,4,3,0,2
21,Không,Ít_khi_công_tác,1343,Kinh_doanh,22,1,Bằng_kỹ_thuật,1,669,3,Nam,49,3,1,Đại_diện_kinh_doanh,3,Độc_thân,3447,24444,1,Có,Không,11,3,3,80,0,3,2,3,3,2,1,2
44,Không,Ít_khi_công_tác,1315,Nghiên_cứu_và_Phát_triển,3,4,Khác,1,671,4,Nam,35,3,5,Quản_lý,4,Đã_kết_hôn,19513,9358,4,Có,Có,12,3,1,80,1,26,2,4,2,2,0,1
22,Không,Ít_khi_công_tác,604,Nghiên_cứu_và_Phát_triển,6,1,Y_khoa,1,675,1,Nam,69,3,1,Nhà_nghiên_cứu_khoa_học,3,Đã_kết_hôn,2773,12145,0,Có,Không,20,4,4,80,0,3,3,3,2,2,2,2
33,Không,Ít_khi_công_tác,1216,Kinh_doanh,8,4,Tiếp_thị,1,677,3,Nam,39,3,2,Chuyên_viên_kinh_doanh,3,Ly_hôn,7104,20431,0,Có,Không,12,3,4,80,0,6,3,3,5,0,1,2
32,Không,Ít_khi_công_tác,646,Nghiên_cứu_và_Phát_triển,9,4,Khoa_học_sự_sống,1,679,1,Nữ,92,3,2,Nhà_nghiên_cứu_khoa_học,4,Đã_kết_hôn,6322,18089,1,Có,Có,12,3,4,80,1,6,2,2,6,4,0,5
30,Không,Thường_xuyên_công_tác,160,Nghiên_cứu_và_Phát_triển,3,3,Y_khoa,1,680,3,Nữ,71,3,1,Nhà_nghiên_cứu_khoa_học,3,Ly_hôn,2083,22653,1,Có,Không,20,4,3,80,1,1,2,3,1,0,0,0
53,Không,Ít_khi_công_tác,238,Kinh_doanh,1,1,Y_khoa,1,682,4,Nữ,34,3,2,Chuyên_viên_kinh_doanh,1,Độc_thân,8381,7507,7,Có,Không,20,4,4,80,0,18,2,4,14,7,8,10
34,Không,Ít_khi_công_tác,1397,Nghiên_cứu_và_Phát_triển,1,5,Khoa_học_sự_sống,1,683,2,Nam,42,3,1,Nhà_nghiên_cứu_khoa_học,4,Đã_kết_hôn,2691,7660,1,Có,Không,12,3,4,80,1,10,4,2,10,9,8,8
45,Có,Thường_xuyên_công_tác,306,Kinh_doanh,26,4,Khoa_học_sự_sống,1,684,1,Nữ,100,3,2,Chuyên_viên_kinh_doanh,1,Đã_kết_hôn,4286,5630,2,Có,Không,14,3,4,80,2,5,4,3,1,1,0,0
26,Không,Ít_khi_công_tác,991,Nghiên_cứu_và_Phát_triển,6,3,Khoa_học_sự_sống,1,686,3,Nữ,71,3,1,Kỹ_thuật_viên_phòng_thí_nghiệm,4,Đã_kết_hôn,2659,17759,1,Có,Có,13,3,3,80,1,3,2,3,3,2,0,2
37,Không,Ít_khi_công_tác,482,Nghiên_cứu_và_Phát_triển,3,3,Khác,1,689,3,Nam,36,3,3,Giám_đốc_sản_xuất,3,Đã_kết_hôn,9434,9606,1,Có,Không,15,3,3,80,1,10,2,3,10,7,7,8
29,Không,Ít_khi_công_tác,1176,Kinh_doanh,3,2,Y_khoa,1,690,2,Nữ,62,3,2,Chuyên_viên_kinh_doanh,3,Đã_kết_hôn,5561,3487,1,Có,Không,14,3,1,80,1,6,5,2,6,0,1,2
35,Không,Ít_khi_công_tác,1017,Nghiên_cứu_và_Phát_triển,6,4,Khoa_học_sự_sống,1,691,2,Nam,82,1,2,Nhà_nghiên_cứu_khoa_học,4,Độc_thân,6646,19368,1,Có,Không,13,3,2,80,0,17,3,3,17,11,11,8
33,Không,Thường_xuyên_công_tác,1296,Nghiên_cứu_và_Phát_triển,6,3,Khoa_học_sự_sống,1,692,3,Nam,30,3,2,Đại_diện_chăm_sóc_sức_khỏe,4,Ly_hôn,7725,5335,3,Có,Không,23,4,3,80,1,15,2,1,13,11,4,7
54,Không,Ít_khi_công_tác,397,Nhân_sự,19,4,Y_khoa,1,698,3,Nam,88,3,3,Nhân_sự,2,Đã_kết_hôn,10725,6729,2,Có,Không,15,3,3,80,1,16,1,4,9,7,7,1
36,Không,Ít_khi_công_tác,913,Nghiên_cứu_và_Phát_triển,9,2,Y_khoa,1,699,2,Nam,48,2,2,Giám_đốc_sản_xuất,2,Ly_hôn,8847,13934,2,Có,Có,11,3,3,80,1,13,2,3,3,2,0,2
27,Không,Ít_khi_công_tác,1115,Nghiên_cứu_và_Phát_triển,3,4,Y_khoa,1,700,1,Nam,54,2,1,Nhà_nghiên_cứu_khoa_học,4,Độc_thân,2045,15174,0,Có,Không,13,3,4,80,0,5,0,3,4,2,1,1
20,Có,Ít_khi_công_tác,1362,Nghiên_cứu_và_Phát_triển,10,1,Y_khoa,1,701,4,Nam,32,3,1,Nhà_nghiên_cứu_khoa_học,3,Độc_thân,1009,26999,1,Có,Có,11,3,4,80,0,1,5,3,1,0,1,1
33,Có,Thường_xuyên_công_tác,1076,Nghiên_cứu_và_Phát_triển,3,3,Khoa_học_sự_sống,1,702,1,Nam,70,3,1,Nhà_nghiên_cứu_khoa_học,1,Độc_thân,3348,3164,1,Có,Có,11,3,1,80,0,10,3,3,10,8,9,7
35,Không,Không_công_tác,727,Nghiên_cứu_và_Phát_triển,3,3,Khoa_học_sự_sống,1,704,3,Nam,41,2,1,Kỹ_thuật_viên_phòng_thí_nghiệm,3,Đã_kết_hôn,1281,16900,1,Có,Không,18,3,3,80,2,1,3,3,1,0,0,0
23,Không,Ít_khi_công_tác,885,Nghiên_cứu_và_Phát_triển,4,3,Y_khoa,1,705,1,Nam,58,4,1,Nhà_nghiên_cứu_khoa_học,1,Đã_kết_hôn,2819,8544,2,Có,Không,16,3,1,80,1,5,3,4,3,2,0,2
25,Không,Ít_khi_công_tác,810,Kinh_doanh,8,3,Khoa_học_sự_sống,1,707,4,Nam,57,4,2,Chuyên_viên_kinh_doanh,2,Đã_kết_hôn,4851,15678,0,Có,Không,22,4,3,80,1,4,4,3,3,2,1,2
38,Không,Ít_khi_công_tác,243,Kinh_doanh,7,4,Tiếp_thị,1,709,4,Nữ,46,2,2,Chuyên_viên_kinh_doanh,4,Độc_thân,4028,7791,0,Có,Không,20,4,1,80,0,8,2,3,7,7,0,5
29,Không,Thường_xuyên_công_tác,806,Nghiên_cứu_và_Phát_triển,1,4,Khoa_học_sự_sống,1,710,2,Nam,76,1,1,Nhà_nghiên_cứu_khoa_học,4,Ly_hôn,2720,18959,1,Có,Không,18,3,4,80,1,10,5,3,10,7,2,8
48,Không,Ít_khi_công_tác,817,Kinh_doanh,2,1,Tiếp_thị,1,712,2,Nam,56,4,2,Chuyên_viên_kinh_doanh,2,Đã_kết_hôn,8120,18597,3,Có,Không,12,3,4,80,0,12,3,3,2,2,2,2
27,Không,Thường_xuyên_công_tác,1410,Kinh_doanh,3,1,Y_khoa,1,714,4,Nữ,71,4,2,Chuyên_viên_kinh_doanh,4,Ly_hôn,4647,16673,1,Có,Có,20,4,2,80,2,6,3,3,6,5,0,4
37,Không,Ít_khi_công_tác,1225,Nghiên_cứu_và_Phát_triển,10,2,Khoa_học_sự_sống,1,715,4,Nam,80,4,1,Nhà_nghiên_cứu_khoa_học,4,Độc_thân,4680,15232,3,Có,Không,17,3,1,80,0,4,2,3,1,0,0,0
50,Không,Ít_khi_công_tác,1207,Nghiên_cứu_và_Phát_triển,28,1,Y_khoa,1,716,4,Nam,74,4,1,Kỹ_thuật_viên_phòng_thí_nghiệm,3,Đã_kết_hôn,3221,3297,1,Có,Có,11,3,3,80,3,20,3,3,20,8,3,8
34,Không,Ít_khi_công_tác,1442,Nghiên_cứu_và_Phát_triển,9,3,Y_khoa,1,717,4,Nữ,46,2,3,Đại_diện_chăm_sóc_sức_khỏe,2,Độc_thân,8621,17654,1,Có,Không,14,3,2,80,0,9,3,4,8,7,7,7
24,Có,Ít_khi_công_tác,693,Kinh_doanh,3,2,Khoa_học_sự_sống,1,720,1,Nữ,65,3,2,Chuyên_viên_kinh_doanh,3,Độc_thân,4577,24785,9,Có,Không,14,3,1,80,0,4,3,3,2,2,2,0
39,Không,Ít_khi_công_tác,408,Nghiên_cứu_và_Phát_triển,2,4,Bằng_kỹ_thuật,1,721,4,Nữ,80,2,2,Đại_diện_chăm_sóc_sức_khỏe,3,Độc_thân,4553,20978,1,Có,Không,11,3,1,80,0,20,4,3,20,7,11,10
32,Không,Ít_khi_công_tác,929,Kinh_doanh,10,3,Tiếp_thị,1,722,4,Nam,55,3,2,Chuyên_viên_kinh_doanh,4,Độc_thân,5396,21703,1,Có,Không,12,3,4,80,0,10,2,2,10,7,0,8
50,Có,Thường_xuyên_công_tác,562,Kinh_doanh,8,2,Bằng_kỹ_thuật,1,723,2,Nam,50,3,2,Chuyên_viên_kinh_doanh,3,Đã_kết_hôn,6796,23452,3,Có,Có,14,3,1,80,1,18,4,3,4,3,1,3
38,Không,Ít_khi_công_tác,827,Nghiên_cứu_và_Phát_triển,1,4,Khoa_học_sự_sống,1,724,2,Nữ,33,4,2,Đại_diện_chăm_sóc_sức_khỏe,4,Độc_thân,7625,19383,0,Có,Không,13,3,3,80,0,10,4,2,9,7,1,8
27,Không,Ít_khi_công_tác,608,Nghiên_cứu_và_Phát_triển,1,2,Khoa_học_sự_sống,1,725,3,Nữ,68,3,3,Giám_đốc_sản_xuất,1,Đã_kết_hôn,7412,6009,1,Có,Không,11,3,4,80,0,9,3,3,9,7,0,7
32,Không,Ít_khi_công_tác,1018,Nghiên_cứu_và_Phát_triển,3,2,Khoa_học_sự_sống,1,727,3,Nữ,39,3,3,Giám_đốc_nghiên_cứu,4,Độc_thân,11159,19373,3,Có,Không,15,3,4,80,0,10,6,3,7,7,7,7
47,Không,Ít_khi_công_tác,703,Kinh_doanh,14,4,Tiếp_thị,1,728,4,Nam,42,3,2,Chuyên_viên_kinh_doanh,1,Độc_thân,4960,11825,2,Có,Không,12,3,4,80,0,20,2,3,7,7,1,7
40,Không,Thường_xuyên_công_tác,580,Kinh_doanh,5,4,Khoa_học_sự_sống,1,729,4,Nam,48,2,3,Chuyên_viên_kinh_doanh,1,Đã_kết_hôn,10475,23772,5,Có,Có,21,4,3,80,1,20,2,3,18,13,1,12
53,Không,Ít_khi_công_tác,970,Nghiên_cứu_và_Phát_triển,7,3,Khoa_học_sự_sống,1,730,3,Nam,59,4,4,Giám_đốc_nghiên_cứu,3,Đã_kết_hôn,14814,13514,3,Có,Không,19,3,3,80,0,32,3,3,5,1,1,3
41,Không,Ít_khi_công_tác,427,Nhân_sự,10,4,Nhân_sự,1,731,2,Nam,73,2,5,Quản_lý,4,Ly_hôn,19141,8861,3,Có,Không,15,3,2,80,3,23,2,2,21,6,12,6
60,Không,Ít_khi_công_tác,1179,Kinh_doanh,16,4,Tiếp_thị,1,732,1,Nam,84,3,2,Chuyên_viên_kinh_doanh,1,Độc_thân,5405,11924,8,Có,Không,14,3,4,80,0,10,1,3,2,2,2,2
27,Không,Thường_xuyên_công_tác,294,Nghiên_cứu_và_Phát_triển,10,2,Khoa_học_sự_sống,1,733,4,Nam,32,3,3,Giám_đốc_sản_xuất,1,Ly_hôn,8793,4809,1,Có,Không,21,4,3,80,2,9,4,2,9,7,1,7
41,Không,Ít_khi_công_tác,314,Nhân_sự,1,3,Nhân_sự,1,734,4,Nam,59,2,5,Quản_lý,3,Đã_kết_hôn,19189,19562,1,Có,Không,12,3,2,80,1,22,3,3,22,7,2,10
50,Không,Ít_khi_công_tác,316,Kinh_doanh,8,4,Tiếp_thị,1,738,4,Nam,54,3,1,Đại_diện_kinh_doanh,2,Đã_kết_hôn,3875,9983,7,Có,Không,15,3,4,80,1,4,2,3,2,2,2,2
28,Có,Ít_khi_công_tác,654,Nghiên_cứu_và_Phát_triển,1,2,Khoa_học_sự_sống,1,741,1,Nữ,67,1,1,Nhà_nghiên_cứu_khoa_học,2,Độc_thân,2216,3872,7,Có,Có,13,3,4,80,0,10,4,3,7,7,3,7
36,Không,Không_công_tác,427,Nghiên_cứu_và_Phát_triển,8,3,Khoa_học_sự_sống,1,742,1,Nữ,63,4,3,Giám_đốc_nghiên_cứu,1,Đã_kết_hôn,11713,20335,9,Có,Không,14,3,1,80,1,10,2,3,8,7,0,5
38,Không,Ít_khi_công_tác,168,Nghiên_cứu_và_Phát_triển,1,3,Khoa_học_sự_sống,1,743,3,Nữ,81,3,3,Giám_đốc_sản_xuất,3,Độc_thân,7861,15397,4,Có,Có,14,3,4,80,0,10,4,4,1,0,0,0
44,Không,Không_công_tác,381,Nghiên_cứu_và_Phát_triển,24,3,Y_khoa,1,744,1,Nam,49,1,1,Kỹ_thuật_viên_phòng_thí_nghiệm,3,Độc_thân,3708,2104,2,Có,Không,14,3,3,80,0,9,5,3,5,2,1,4
47,Không,Thường_xuyên_công_tác,217,Kinh_doanh,3,3,Y_khoa,1,746,4,Nữ,49,3,4,Chuyên_viên_kinh_doanh,3,Ly_hôn,13770,10225,9,Có,Có,12,3,4,80,2,28,2,2,22,2,11,13
30,Không,Ít_khi_công_tác,501,Kinh_doanh,27,5,Tiếp_thị,1,747,3,Nam,99,3,2,Chuyên_viên_kinh_doanh,4,Ly_hôn,5304,25275,7,Có,Không,23,4,4,80,1,10,2,2,8,7,7,7
29,Không,Ít_khi_công_tác,1396,Kinh_doanh,10,3,Khoa_học_sự_sống,1,749,3,Nam,99,3,1,Đại_diện_kinh_doanh,3,Độc_thân,2642,2755,1,Có,Không,11,3,3,80,0,1,6,3,1,0,0,0
42,Có,Thường_xuyên_công_tác,933,Nghiên_cứu_và_Phát_triển,19,3,Y_khoa,1,752,3,Nam,57,4,1,Nhà_nghiên_cứu_khoa_học,3,Ly_hôn,2759,20366,6,Có,Có,12,3,4,80,0,7,2,3,2,2,2,2
43,Không,Thường_xuyên_công_tác,775,Kinh_doanh,15,3,Khoa_học_sự_sống,1,754,4,Nam,47,2,2,Chuyên_viên_kinh_doanh,4,Đã_kết_hôn,6804,23683,3,Có,Không,18,3,3,80,1,7,5,3,2,2,2,2
34,Không,Ít_khi_công_tác,970,Nghiên_cứu_và_Phát_triển,8,2,Y_khoa,1,757,2,Nữ,96,3,2,Đại_diện_chăm_sóc_sức_khỏe,3,Độc_thân,6142,7360,3,Có,Không,11,3,4,80,0,10,2,3,5,1,4,3
23,Không,Ít_khi_công_tác,650,Nghiên_cứu_và_Phát_triển,9,1,Y_khoa,1,758,2,Nam,37,3,1,Kỹ_thuật_viên_phòng_thí_nghiệm,1,Đã_kết_hôn,2500,4344,1,Có,Không,14,3,4,80,1,5,2,4,4,3,0,2
39,Không,Ít_khi_công_tác,141,Nhân_sự,3,3,Nhân_sự,1,760,3,Nữ,44,4,2,Nhân_sự,2,Đã_kết_hôn,6389,18767,9,Có,Không,15,3,3,80,1,12,3,1,8,3,3,6
56,Không,Ít_khi_công_tác,832,Nghiên_cứu_và_Phát_triển,9,3,Y_khoa,1,762,3,Nam,81,3,4,Đại_diện_chăm_sóc_sức_khỏe,4,Đã_kết_hôn,11103,20420,7,Có,Không,11,3,3,80,0,30,1,2,10,7,1,1
40,Không,Ít_khi_công_tác,804,Nghiên_cứu_và_Phát_triển,2,1,Y_khoa,1,763,4,Nữ,86,2,1,Nhà_nghiên_cứu_khoa_học,4,Độc_thân,2342,22929,0,Có,Có,20,4,4,80,0,5,2,2,4,2,2,3
27,Không,Ít_khi_công_tác,975,Nghiên_cứu_và_Phát_triển,7,3,Y_khoa,1,764,4,Nữ,55,2,2,Đại_diện_chăm_sóc_sức_khỏe,1,Độc_thân,6811,23398,8,Có,Không,19,3,1,80,0,9,2,1,7,6,0,7
29,Không,Ít_khi_công_tác,1090,Kinh_doanh,10,3,Tiếp_thị,1,766,4,Nam,83,3,1,Đại_diện_kinh_doanh,2,Ly_hôn,2297,17967,1,Có,Không,14,3,4,80,2,2,2,3,2,2,2,2
53,Không,Ít_khi_công_tác,346,Nghiên_cứu_và_Phát_triển,6,3,Khoa_học_sự_sống,1,769,4,Nam,86,3,2,Kỹ_thuật_viên_phòng_thí_nghiệm,4,Độc_thân,2450,10919,2,Có,Không,17,3,4,80,0,19,4,3,2,2,2,2
35,Không,Không_công_tác,1225,Nghiên_cứu_và_Phát_triển,2,4,Khoa_học_sự_sống,1,771,4,Nữ,61,3,2,Đại_diện_chăm_sóc_sức_khỏe,1,Ly_hôn,5093,4761,2,Có,Không,11,3,1,80,1,16,2,4,1,0,0,0
32,Không,Thường_xuyên_công_tác,430,Nghiên_cứu_và_Phát_triển,24,4,Khoa_học_sự_sống,1,772,1,Nam,80,3,2,Kỹ_thuật_viên_phòng_thí_nghiệm,4,Đã_kết_hôn,5309,21146,1,Có,Không,15,3,4,80,2,10,2,3,10,8,4,7
38,Không,Ít_khi_công_tác,268,Nghiên_cứu_và_Phát_triển,2,5,Y_khoa,1,773,4,Nam,92,3,1,Nhà_nghiên_cứu_khoa_học,3,Đã_kết_hôn,3057,20471,6,Có,Có,13,3,2,80,1,6,0,1,1,0,0,1
34,Không,Ít_khi_công_tác,167,Nghiên_cứu_và_Phát_triển,8,5,Khoa_học_sự_sống,1,775,2,Nữ,32,3,2,Giám_đốc_sản_xuất,1,Ly_hôn,5121,4187,3,Có,Không,14,3,3,80,1,7,3,3,0,0,0,0
52,Không,Ít_khi_công_tác,621,Kinh_doanh,3,4,Tiếp_thị,1,776,3,Nam,31,2,4,Quản_lý,1,Đã_kết_hôn,16856,10084,1,Có,Không,11,3,1,80,0,34,3,4,34,6,1,16
33,Có,Ít_khi_công_tác,527,Nghiên_cứu_và_Phát_triển,1,4,Khác,1,780,4,Nam,63,3,1,Nhà_nghiên_cứu_khoa_học,4,Độc_thân,2686,5207,1,Có,Có,13,3,3,80,0,10,2,2,10,9,7,8
25,Không,Ít_khi_công_tác,883,Kinh_doanh,26,1,Y_khoa,1,781,3,Nữ,32,3,2,Chuyên_viên_kinh_doanh,4,Độc_thân,6180,22807,1,Có,Không,23,4,2,80,0,6,5,2,6,5,1,4
45,Không,Ít_khi_công_tác,954,Kinh_doanh,2,2,Bằng_kỹ_thuật,1,783,2,Nam,46,1,2,Đại_diện_kinh_doanh,3,Độc_thân,6632,12388,0,Có,Không,13,3,1,80,0,9,3,3,8,7,3,1
23,Không,Ít_khi_công_tác,310,Nghiên_cứu_và_Phát_triển,10,1,Y_khoa,1,784,1,Nam,79,4,1,Nhà_nghiên_cứu_khoa_học,3,Độc_thân,3505,19630,1,Có,Không,18,3,4,80,0,2,3,3,2,2,0,2
47,Có,Thường_xuyên_công_tác,719,Kinh_doanh,27,2,Khoa_học_sự_sống,1,785,2,Nữ,77,4,2,Chuyên_viên_kinh_doanh,3,Độc_thân,6397,10339,4,Có,Có,12,3,4,80,0,8,2,3,5,4,1,3
34,Không,Ít_khi_công_tác,304,Kinh_doanh,2,3,Khác,1,786,4,Nam,60,3,2,Chuyên_viên_kinh_doanh,4,Độc_thân,6274,18686,1,Có,Không,22,4,3,80,0,6,5,3,6,5,1,4
55,Có,Ít_khi_công_tác,725,Nghiên_cứu_và_Phát_triển,2,3,Y_khoa,1,787,4,Nam,78,3,5,Quản_lý,1,Đã_kết_hôn,19859,21199,5,Có,Có,13,3,4,80,1,24,2,3,5,2,1,4
36,Không,Không_công_tác,1434,Kinh_doanh,8,4,Khoa_học_sự_sống,1,789,1,Nam,76,2,3,Chuyên_viên_kinh_doanh,1,Độc_thân,7587,14229,1,Có,Không,15,3,2,80,0,10,1,3,10,7,0,9
52,Không,Không_công_tác,715,Nghiên_cứu_và_Phát_triển,19,4,Y_khoa,1,791,4,Nam,41,3,1,Nhà_nghiên_cứu_khoa_học,4,Đã_kết_hôn,4258,26589,0,Có,Không,18,3,1,80,1,5,3,3,4,3,1,2
26,Không,Thường_xuyên_công_tác,575,Nghiên_cứu_và_Phát_triển,1,2,Khoa_học_sự_sống,1,792,1,Nữ,71,1,1,Kỹ_thuật_viên_phòng_thí_nghiệm,4,Ly_hôn,4364,5288,3,Có,Không,14,3,1,80,1,5,2,3,2,2,2,0
29,Không,Ít_khi_công_tác,657,Nghiên_cứu_và_Phát_triển,27,3,Y_khoa,1,793,2,Nữ,66,3,2,Đại_diện_chăm_sóc_sức_khỏe,3,Đã_kết_hôn,4335,25549,4,Có,Không,12,3,1,80,1,11,3,2,8,7,1,1
26,Có,Ít_khi_công_tác,1146,Kinh_doanh,8,3,Bằng_kỹ_thuật,1,796,4,Nam,38,2,2,Chuyên_viên_kinh_doanh,1,Độc_thân,5326,3064,6,Có,Không,17,3,3,80,0,6,2,2,4,3,1,2
34,Không,Ít_khi_công_tác,182,Nghiên_cứu_và_Phát_triển,1,4,Khoa_học_sự_sống,1,797,2,Nữ,72,4,1,Nhà_nghiên_cứu_khoa_học,4,Độc_thân,3280,13551,2,Có,Không,16,3,3,80,0,10,2,3,4,2,1,3
54,Không,Ít_khi_công_tác,376,Nghiên_cứu_và_Phát_triển,19,4,Y_khoa,1,799,4,Nữ,95,3,2,Giám_đốc_sản_xuất,1,Ly_hôn,5485,22670,9,Có,Có,11,3,2,80,2,9,4,3,5,3,1,4
27,Không,Thường_xuyên_công_tác,829,Kinh_doanh,8,1,Tiếp_thị,1,800,3,Nam,84,3,2,Chuyên_viên_kinh_doanh,4,Đã_kết_hôn,4342,24008,0,Có,Không,19,3,2,80,1,5,3,3,4,2,1,1
37,Không,Ít_khi_công_tác,571,Nghiên_cứu_và_Phát_triển,10,1,Khoa_học_sự_sống,1,802,4,Nữ,82,3,1,Nhà_nghiên_cứu_khoa_học,1,Ly_hôn,2782,19905,0,Có,Có,13,3,2,80,2,6,3,2,5,3,4,3
38,Không,Thường_xuyên_công_tác,240,Nghiên_cứu_và_Phát_triển,2,4,Khoa_học_sự_sống,1,803,1,Nữ,75,4,2,Giám_đốc_sản_xuất,1,Độc_thân,5980,26085,6,Có,Có,12,3,4,80,0,17,2,3,15,7,4,12
34,Không,Ít_khi_công_tác,121,Nghiên_cứu_và_Phát_triển,2,4,Y_khoa,1,804,3,Nữ,86,2,1,Nhà_nghiên_cứu_khoa_học,1,Độc_thân,4381,7530,1,Có,Không,11,3,3,80,0,6,3,3,6,5,1,3
35,Không,Ít_khi_công_tác,384,Kinh_doanh,8,4,Khoa_học_sự_sống,1,805,1,Nữ,72,3,1,Đại_diện_kinh_doanh,4,Đã_kết_hôn,2572,20317,1,Có,Không,16,3,2,80,1,3,1,2,3,2,0,2
30,Không,Ít_khi_công_tác,921,Nghiên_cứu_và_Phát_triển,1,3,Khoa_học_sự_sống,1,806,4,Nam,38,1,1,Kỹ_thuật_viên_phòng_thí_nghiệm,3,Đã_kết_hôn,3833,24375,3,Có,Không,21,4,3,80,2,7,2,3,2,2,0,2
40,Không,Thường_xuyên_công_tác,791,Nghiên_cứu_và_Phát_triển,2,2,Y_khoa,1,807,3,Nữ,38,4,2,Đại_diện_chăm_sóc_sức_khỏe,2,Đã_kết_hôn,4244,9931,1,Có,Không,24,4,4,80,1,8,2,3,8,7,3,7
34,Không,Ít_khi_công_tác,1111,Kinh_doanh,8,2,Khoa_học_sự_sống,1,808,3,Nữ,93,3,2,Chuyên_viên_kinh_doanh,1,Đã_kết_hôn,6500,13305,5,Có,Không,17,3,2,80,1,6,1,3,3,2,1,2
42,Không,Thường_xuyên_công_tác,570,Nghiên_cứu_và_Phát_triển,8,3,Khoa_học_sự_sống,1,809,2,Nam,66,3,5,Quản_lý,4,Ly_hôn,18430,16225,1,Có,Không,13,3,2,80,1,24,4,2,24,7,14,9
23,Có,Ít_khi_công_tác,1243,Nghiên_cứu_và_Phát_triển,6,3,Khoa_học_sự_sống,1,811,3,Nam,63,4,1,Kỹ_thuật_viên_phòng_thí_nghiệm,1,Đã_kết_hôn,1601,3445,1,Có,Có,21,4,3,80,2,1,2,3,0,0,0,0
24,Không,Không_công_tác,1092,Nghiên_cứu_và_Phát_triển,9,3,Khoa_học_sự_sống,1,812,3,Nam,60,2,1,Kỹ_thuật_viên_phòng_thí_nghiệm,2,Ly_hôn,2694,26551,1,Có,Không,11,3,3,80,3,1,4,3,1,0,0,0
52,Không,Ít_khi_công_tác,1325,Nghiên_cứu_và_Phát_triển,11,4,Khoa_học_sự_sống,1,813,4,Nữ,82,3,2,Kỹ_thuật_viên_phòng_thí_nghiệm,3,Đã_kết_hôn,3149,21821,8,Có,Không,20,4,2,80,1,9,3,3,5,2,1,4
50,Không,Ít_khi_công_tác,691,Nghiên_cứu_và_Phát_triển,2,3,Y_khoa,1,815,3,Nam,64,3,4,Giám_đốc_nghiên_cứu,3,Đã_kết_hôn,17639,6881,5,Có,Không,16,3,4,80,0,30,3,3,4,3,0,3
29,Có,Ít_khi_công_tác,805,Nghiên_cứu_và_Phát_triển,1,2,Khoa_học_sự_sống,1,816,2,Nữ,36,2,1,Kỹ_thuật_viên_phòng_thí_nghiệm,1,Đã_kết_hôn,2319,6689,1,Có,Có,11,3,4,80,1,1,1,3,1,0,0,0
33,Không,Ít_khi_công_tác,213,Nghiên_cứu_và_Phát_triển,7,3,Y_khoa,1,817,3,Nam,49,3,3,Giám_đốc_nghiên_cứu,3,Đã_kết_hôn,11691,25995,0,Có,Không,11,3,4,80,0,14,3,4,13,9,3,7
33,Có,Ít_khi_công_tác,118,Kinh_doanh,16,3,Tiếp_thị,1,819,1,Nữ,69,3,2,Chuyên_viên_kinh_doanh,1,Độc_thân,5324,26507,5,Có,Không,15,3,3,80,0,6,3,3,3,2,0,2
47,Không,Ít_khi_công_tác,202,Nghiên_cứu_và_Phát_triển,2,2,Khác,1,820,3,Nữ,33,3,4,Quản_lý,4,Đã_kết_hôn,16752,12982,1,Có,Có,11,3,3,80,1,26,3,2,26,14,3,0
36,Không,Ít_khi_công_tác,676,Nghiên_cứu_và_Phát_triển,1,3,Khác,1,823,3,Nữ,35,3,2,Giám_đốc_sản_xuất,2,Đã_kết_hôn,5228,23361,0,Có,Không,15,3,1,80,1,10,2,3,9,7,0,5
29,Không,Ít_khi_công_tác,1252,Nghiên_cứu_và_Phát_triển,23,2,Khoa_học_sự_sống,1,824,3,Nam,81,4,1,Nhà_nghiên_cứu_khoa_học,3,Đã_kết_hôn,2700,23779,1,Có,Không,24,4,3,80,1,10,3,3,10,7,0,7
58,Có,Ít_khi_công_tác,286,Nghiên_cứu_và_Phát_triển,2,4,Khoa_học_sự_sống,1,825,4,Nam,31,3,5,Giám_đốc_nghiên_cứu,2,Độc_thân,19246,25761,7,Có,Có,12,3,4,80,0,40,2,3,31,15,13,8
35,Không,Ít_khi_công_tác,1258,Nghiên_cứu_và_Phát_triển,1,4,Khoa_học_sự_sống,1,826,4,Nữ,40,4,1,Nhà_nghiên_cứu_khoa_học,3,Độc_thân,2506,13301,3,Có,Không,13,3,3,80,0,7,0,3,2,2,2,2
42,Không,Ít_khi_công_tác,932,Nghiên_cứu_và_Phát_triển,1,2,Khoa_học_sự_sống,1,827,4,Nữ,43,2,2,Giám_đốc_sản_xuất,4,Đã_kết_hôn,6062,4051,9,Có,Có,13,3,4,80,1,8,4,3,4,3,0,2
28,Có,Ít_khi_công_tác,890,Nghiên_cứu_và_Phát_triển,2,4,Y_khoa,1,828,3,Nam,46,3,1,Nhà_nghiên_cứu_khoa_học,3,Độc_thân,4382,16374,6,Có,Không,17,3,4,80,0,5,3,2,2,2,2,1
36,Không,Ít_khi_công_tác,1041,Nhân_sự,13,3,Nhân_sự,1,829,3,Nam,36,3,1,Nhân_sự,2,Đã_kết_hôn,2143,25527,4,Có,Không,13,3,2,80,1,8,2,3,5,2,0,4
32,Không,Ít_khi_công_tác,859,Nghiên_cứu_và_Phát_triển,4,3,Khoa_học_sự_sống,1,830,3,Nữ,98,2,2,Giám_đốc_sản_xuất,3,Đã_kết_hôn,6162,19124,1,Có,Không,12,3,3,80,1,14,3,3,14,13,6,8
40,Không,Thường_xuyên_công_tác,720,Nghiên_cứu_và_Phát_triển,16,4,Y_khoa,1,832,1,Nam,51,2,2,Kỹ_thuật_viên_phòng_thí_nghiệm,3,Độc_thân,5094,11983,6,Có,Không,14,3,4,80,0,10,6,3,1,0,0,0
30,Không,Ít_khi_công_tác,946,Nghiên_cứu_và_Phát_triển,2,3,Y_khoa,1,833,3,Nữ,52,2,2,Giám_đốc_sản_xuất,4,Độc_thân,6877,20234,5,Có,Có,24,4,2,80,0,12,4,2,0,0,0,0
45,Không,Ít_khi_công_tác,252,Nghiên_cứu_và_Phát_triển,2,3,Khoa_học_sự_sống,1,834,2,Nữ,95,2,1,Nhà_nghiên_cứu_khoa_học,3,Độc_thân,2274,6153,1,Có,Không,14,3,4,80,0,1,3,3,1,0,0,0
42,Không,Ít_khi_công_tác,933,Nghiên_cứu_và_Phát_triển,29,3,Khoa_học_sự_sống,1,836,2,Nam,98,3,2,Giám_đốc_sản_xuất,2,Đã_kết_hôn,4434,11806,1,Có,Không,13,3,4,80,1,10,3,2,9,8,7,8
38,Không,Thường_xuyên_công_tác,471,Nghiên_cứu_và_Phát_triển,12,3,Khoa_học_sự_sống,1,837,1,Nam,45,2,2,Đại_diện_chăm_sóc_sức_khỏe,1,Ly_hôn,6288,4284,2,Có,Không,15,3,3,80,1,13,3,2,4,3,1,2
34,Không,Thường_xuyên_công_tác,702,Nghiên_cứu_và_Phát_triển,16,4,Khoa_học_sự_sống,1,838,3,Nữ,100,2,1,Nhà_nghiên_cứu_khoa_học,4,Độc_thân,2553,8306,1,Có,Không,16,3,3,80,0,6,3,3,5,2,1,3
49,Có,Ít_khi_công_tác,1184,Kinh_doanh,11,3,Tiếp_thị,1,840,3,Nữ,43,3,3,Chuyên_viên_kinh_doanh,4,Đã_kết_hôn,7654,5860,1,Có,Không,18,3,1,80,2,9,3,4,9,8,7,7
55,Có,Ít_khi_công_tác,436,Kinh_doanh,2,1,Y_khoa,1,842,3,Nam,37,3,2,Chuyên_viên_kinh_doanh,4,Độc_thân,5160,21519,4,Có,Không,16,3,3,80,0,12,3,2,9,7,7,3
43,Không,Ít_khi_công_tác,589,Nghiên_cứu_và_Phát_triển,14,2,Khoa_học_sự_sống,1,843,2,Nam,94,3,4,Giám_đốc_nghiên_cứu,1,Đã_kết_hôn,17159,5200,6,Có,Không,24,4,3,80,1,22,3,3,4,1,1,0
27,Không,Ít_khi_công_tác,269,Nghiên_cứu_và_Phát_triển,5,1,Bằng_kỹ_thuật,1,844,3,Nam,42,2,3,Giám_đốc_nghiên_cứu,4,Ly_hôn,12808,8842,1,Có,Có,16,3,2,80,1,9,3,3,9,8,0,8
35,Không,Ít_khi_công_tác,950,Nghiên_cứu_và_Phát_triển,7,3,Khác,1,845,3,Nam,59,3,3,Giám_đốc_sản_xuất,3,Độc_thân,10221,18869,3,Có,Không,21,4,2,80,0,17,3,4,8,5,1,6
28,Không,Ít_khi_công_tác,760,Kinh_doanh,2,4,Tiếp_thị,1,846,2,Nữ,81,3,2,Chuyên_viên_kinh_doanh,2,Đã_kết_hôn,4779,3698,1,Có,Có,20,4,1,80,0,8,2,3,8,7,7,5
34,Không,Ít_khi_công_tác,829,Nhân_sự,3,2,Nhân_sự,1,847,3,Nam,88,3,1,Nhân_sự,4,Đã_kết_hôn,3737,2243,0,Có,Không,19,3,3,80,1,4,1,1,3,2,0,2
26,Có,Thường_xuyên_công_tác,887,Nghiên_cứu_và_Phát_triển,5,2,Y_khoa,1,848,3,Nữ,88,2,1,Nhà_nghiên_cứu_khoa_học,3,Đã_kết_hôn,2366,20898,1,Có,Có,14,3,1,80,1,8,2,3,8,7,1,7
27,Không,Không_công_tác,443,Nghiên_cứu_và_Phát_triển,3,3,Y_khoa,1,850,4,Nam,50,3,1,Nhà_nghiên_cứu_khoa_học,4,Đã_kết_hôn,1706,16571,1,Có,Không,11,3,3,80,3,0,6,2,0,0,0,0
51,Không,Ít_khi_công_tác,1318,Kinh_doanh,26,4,Tiếp_thị,1,851,1,Nữ,66,3,4,Quản_lý,3,Đã_kết_hôn,16307,5594,2,Có,Không,14,3,3,80,1,29,2,2,20,6,4,17
44,Không,Ít_khi_công_tác,625,Nghiên_cứu_và_Phát_triển,4,3,Y_khoa,1,852,4,Nam,50,3,2,Đại_diện_chăm_sóc_sức_khỏe,2,Độc_thân,5933,5197,9,Có,Không,12,3,4,80,0,10,2,2,5,2,2,3
25,Không,Ít_khi_công_tác,180,Nghiên_cứu_và_Phát_triển,2,1,Y_khoa,1,854,1,Nam,65,4,1,Nhà_nghiên_cứu_khoa_học,1,Độc_thân,3424,21632,7,Có,Không,13,3,3,80,0,6,3,2,4,3,0,1
33,Không,Ít_khi_công_tác,586,Kinh_doanh,1,3,Y_khoa,1,855,1,Nam,48,4,2,Chuyên_viên_kinh_doanh,1,Ly_hôn,4037,21816,1,Có,Không,22,4,1,80,1,9,5,3,9,8,0,8
35,Không,Ít_khi_công_tác,1343,Nghiên_cứu_và_Phát_triển,27,1,Y_khoa,1,856,3,Nữ,53,2,1,Nhà_nghiên_cứu_khoa_học,1,Độc_thân,2559,17852,1,Có,Không,11,3,4,80,0,6,3,2,6,5,1,1
36,Không,Ít_khi_công_tác,928,Kinh_doanh,1,2,Khoa_học_sự_sống,1,857,2,Nam,56,3,2,Chuyên_viên_kinh_doanh,4,Đã_kết_hôn,6201,2823,1,Có,Có,14,3,4,80,1,18,1,2,18,14,4,11
32,Không,Ít_khi_công_tác,117,Kinh_doanh,13,4,Khoa_học_sự_sống,1,859,2,Nam,73,3,2,Chuyên_viên_kinh_doanh,4,Ly_hôn,4403,9250,2,Có,Không,11,3,3,80,1,8,3,2,5,2,0,3
30,Không,Thường_xuyên_công_tác,1012,Nghiên_cứu_và_Phát_triển,5,4,Khoa_học_sự_sống,1,861,2,Nam,75,2,1,Nhà_nghiên_cứu_khoa_học,4,Ly_hôn,3761,2373,9,Có,Không,12,3,2,80,1,10,3,2,5,4,0,3
53,Không,Ít_khi_công_tác,661,Kinh_doanh,7,2,Tiếp_thị,1,862,1,Nữ,78,2,3,Chuyên_viên_kinh_doanh,4,Đã_kết_hôn,10934,20715,7,Có,Có,18,3,4,80,1,35,3,3,5,2,0,4
45,Không,Ít_khi_công_tác,930,Kinh_doanh,9,3,Tiếp_thị,1,864,4,Nam,74,3,3,Chuyên_viên_kinh_doanh,1,Ly_hôn,10761,19239,4,Có,Có,12,3,3,80,1,18,2,3,5,4,0,2
32,Không,Ít_khi_công_tác,638,Nghiên_cứu_và_Phát_triển,8,2,Y_khoa,1,865,3,Nữ,91,4,2,Nhà_nghiên_cứu_khoa_học,3,Đã_kết_hôn,5175,22162,5,Có,Không,12,3,3,80,1,9,3,2,5,3,1,3
52,Không,Thường_xuyên_công_tác,890,Nghiên_cứu_và_Phát_triển,25,4,Y_khoa,1,867,3,Nữ,81,2,4,Giám_đốc_sản_xuất,4,Đã_kết_hôn,13826,19028,3,Có,Không,22,4,3,80,0,31,3,3,9,8,0,0
37,Không,Ít_khi_công_tác,342,Kinh_doanh,16,4,Tiếp_thị,1,868,4,Nam,66,2,2,Chuyên_viên_kinh_doanh,3,Ly_hôn,6334,24558,4,Có,Không,19,3,4,80,2,9,2,3,1,0,0,0
28,Không,Ít_khi_công_tác,1169,Nhân_sự,8,2,Y_khoa,1,869,2,Nam,63,2,1,Nhân_sự,4,Ly_hôn,4936,23965,1,Có,Không,13,3,4,80,1,6,6,3,5,1,0,4
22,Không,Ít_khi_công_tác,1230,Nghiên_cứu_và_Phát_triển,1,2,Khoa_học_sự_sống,1,872,4,Nam,33,2,2,Giám_đốc_sản_xuất,4,Đã_kết_hôn,4775,19146,6,Có,Không,22,4,1,80,2,4,2,1,2,2,2,2
44,Không,Ít_khi_công_tác,986,Nghiên_cứu_và_Phát_triển,8,4,Khoa_học_sự_sống,1,874,1,Nam,62,4,1,Kỹ_thuật_viên_phòng_thí_nghiệm,4,Đã_kết_hôn,2818,5044,2,Có,Có,24,4,3,80,1,10,2,2,3,2,0,2
42,Không,Thường_xuyên_công_tác,1271,Nghiên_cứu_và_Phát_triển,2,1,Y_khoa,1,875,2,Nam,35,3,1,Nhà_nghiên_cứu_khoa_học,4,Độc_thân,2515,9068,5,Có,Có,14,3,4,80,0,8,2,3,2,1,2,2
36,Không,Ít_khi_công_tác,1278,Nhân_sự,8,3,Khoa_học_sự_sống,1,878,1,Nam,77,2,1,Nhân_sự,1,Đã_kết_hôn,2342,8635,0,Có,Không,21,4,3,80,0,6,3,3,5,4,0,3
25,Không,Ít_khi_công_tác,141,Kinh_doanh,3,1,Khác,1,879,3,Nam,98,3,2,Chuyên_viên_kinh_doanh,1,Đã_kết_hôn,4194,14363,1,Có,Có,18,3,4,80,0,5,3,3,5,3,0,3
35,Không,Ít_khi_công_tác,607,Nghiên_cứu_và_Phát_triển,9,3,Khoa_học_sự_sống,1,880,4,Nữ,66,2,3,Giám_đốc_sản_xuất,3,Đã_kết_hôn,10685,23457,1,Có,Có,20,4,2,80,1,17,2,3,17,14,5,15
35,Có,Thường_xuyên_công_tác,130,Nghiên_cứu_và_Phát_triển,25,4,Khoa_học_sự_sống,1,881,4,Nữ,96,3,1,Nhà_nghiên_cứu_khoa_học,2,Ly_hôn,2022,16612,1,Có,Có,19,3,1,80,1,10,3,2,10,2,7,8
32,Không,Không_công_tác,300,Nghiên_cứu_và_Phát_triển,1,3,Khoa_học_sự_sống,1,882,4,Nam,61,3,1,Kỹ_thuật_viên_phòng_thí_nghiệm,4,Ly_hôn,2314,9148,0,Có,Không,12,3,2,80,1,4,2,3,3,0,0,2
25,Không,Ít_khi_công_tác,583,Kinh_doanh,4,1,Tiếp_thị,1,885,3,Nam,87,2,2,Chuyên_viên_kinh_doanh,1,Đã_kết_hôn,4256,18154,1,Có,Không,12,3,1,80,0,5,1,4,5,2,0,3
49,Không,Ít_khi_công_tác,1418,Nghiên_cứu_và_Phát_triển,1,3,Bằng_kỹ_thuật,1,887,3,Nữ,36,3,1,Nhà_nghiên_cứu_khoa_học,1,Đã_kết_hôn,3580,10554,2,Có,Không,16,3,2,80,1,7,2,3,4,2,0,2
24,Không,Không_công_tác,1269,Nghiên_cứu_và_Phát_triển,4,1,Khoa_học_sự_sống,1,888,1,Nam,46,2,1,Kỹ_thuật_viên_phòng_thí_nghiệm,4,Đã_kết_hôn,3162,10778,0,Có,Không,17,3,4,80,0,6,2,2,5,2,3,4
32,Không,Thường_xuyên_công_tác,379,Kinh_doanh,5,2,Khoa_học_sự_sống,1,889,2,Nam,48,3,2,Chuyên_viên_kinh_doanh,2,Đã_kết_hôn,6524,8891,1,Có,Không,14,3,4,80,1,10,3,3,10,8,5,3
38,Không,Ít_khi_công_tác,395,Kinh_doanh,9,3,Tiếp_thị,1,893,2,Nam,98,2,1,Đại_diện_kinh_doanh,2,Đã_kết_hôn,2899,12102,0,Có,Không,19,3,4,80,1,3,3,3,2,2,1,2
42,Không,Ít_khi_công_tác,1265,Nghiên_cứu_và_Phát_triển,3,3,Khoa_học_sự_sống,1,894,3,Nữ,95,4,2,Kỹ_thuật_viên_phòng_thí_nghiệm,4,Đã_kết_hôn,5231,23726,2,Có,Có,13,3,2,80,1,17,1,2,5,3,1,3
31,Không,Ít_khi_công_tác,1222,Nghiên_cứu_và_Phát_triển,11,4,Khoa_học_sự_sống,1,895,4,Nam,48,3,1,Nhà_nghiên_cứu_khoa_học,4,Đã_kết_hôn,2356,14871,3,Có,Có,19,3,2,80,1,8,2,3,6,4,0,2
29,Có,Ít_khi_công_tác,341,Kinh_doanh,1,3,Y_khoa,1,896,2,Nữ,48,2,1,Đại_diện_kinh_doanh,3,Ly_hôn,2800,23522,6,Có,Có,19,3,3,80,3,5,3,3,3,2,0,2
53,Không,Ít_khi_công_tác,868,Kinh_doanh,8,3,Tiếp_thị,1,897,1,Nam,73,3,4,Chuyên_viên_kinh_doanh,4,Đã_kết_hôn,11836,22789,5,Có,Không,14,3,3,80,1,28,3,3,2,0,2,2
35,Không,Ít_khi_công_tác,672,Nghiên_cứu_và_Phát_triển,25,3,Bằng_kỹ_thuật,1,899,4,Nam,78,2,3,Giám_đốc_sản_xuất,2,Đã_kết_hôn,10903,9129,3,Có,Không,16,3,1,80,0,16,2,3,13,10,4,8
37,Không,Thường_xuyên_công_tác,1231,Kinh_doanh,21,2,Y_khoa,1,900,3,Nữ,54,3,1,Đại_diện_kinh_doanh,4,Đã_kết_hôn,2973,21222,5,Có,Không,15,3,2,80,1,10,3,3,5,4,0,0
53,Không,Ít_khi_công_tác,102,Nghiên_cứu_và_Phát_triển,23,4,Khoa_học_sự_sống,1,901,4,Nữ,72,3,4,Giám_đốc_nghiên_cứu,4,Độc_thân,14275,20206,6,Có,Không,18,3,3,80,0,33,0,3,12,9,3,8
43,Không,Thường_xuyên_công_tác,422,Nghiên_cứu_và_Phát_triển,1,3,Khoa_học_sự_sống,1,902,4,Nữ,33,3,2,Đại_diện_chăm_sóc_sức_khỏe,4,Đã_kết_hôn,5562,21782,4,Có,Không,13,3,2,80,1,12,2,2,5,2,2,2
47,Không,Ít_khi_công_tác,249,Kinh_doanh,2,2,Tiếp_thị,1,903,3,Nữ,35,3,2,Chuyên_viên_kinh_doanh,4,Đã_kết_hôn,4537,17783,0,Có,Có,22,4,1,80,1,8,2,3,7,6,7,7
37,Không,Không_công_tác,1252,Kinh_doanh,19,2,Y_khoa,1,904,1,Nam,32,3,3,Chuyên_viên_kinh_doanh,2,Độc_thân,7642,4814,1,Có,Có,13,3,4,80,0,10,2,3,10,0,0,9
50,Không,Không_công_tác,881,Nghiên_cứu_và_Phát_triển,2,4,Khoa_học_sự_sống,1,905,1,Nam,98,3,4,Quản_lý,1,Ly_hôn,17924,4544,1,Có,Không,11,3,4,80,1,31,3,3,31,6,14,7
39,Không,Ít_khi_công_tác,1383,Nhân_sự,2,3,Khoa_học_sự_sống,1,909,4,Nữ,42,2,2,Nhân_sự,4,Đã_kết_hôn,5204,7790,8,Có,Không,11,3,3,80,2,13,2,3,5,4,0,4
33,Không,Ít_khi_công_tác,1075,Nhân_sự,3,2,Nhân_sự,1,910,4,Nam,57,3,1,Nhân_sự,2,Ly_hôn,2277,22650,3,Có,Có,11,3,3,80,1,7,4,4,4,3,0,3
32,Có,Ít_khi_công_tác,374,Nghiên_cứu_và_Phát_triển,25,4,Khoa_học_sự_sống,1,911,1,Nam,87,3,1,Kỹ_thuật_viên_phòng_thí_nghiệm,4,Độc_thân,2795,18016,1,Có,Có,24,4,3,80,0,1,2,1,1,0,0,1
29,Không,Ít_khi_công_tác,1086,Nghiên_cứu_và_Phát_triển,7,1,Y_khoa,1,912,1,Nữ,62,2,1,Kỹ_thuật_viên_phòng_thí_nghiệm,4,Ly_hôn,2532,6054,6,Có,Không,14,3,3,80,3,8,5,3,4,3,0,3
44,Không,Ít_khi_công_tác,661,Nghiên_cứu_và_Phát_triển,9,2,Khoa_học_sự_sống,1,913,2,Nam,61,3,1,Nhà_nghiên_cứu_khoa_học,1,Đã_kết_hôn,2559,7508,1,Có,Có,13,3,4,80,0,8,0,3,8,7,7,1
28,Không,Ít_khi_công_tác,821,Kinh_doanh,5,4,Y_khoa,1,916,1,Nam,98,3,2,Chuyên_viên_kinh_doanh,4,Độc_thân,4908,24252,1,Có,Không,14,3,2,80,0,4,3,3,4,2,0,2
58,Có,Thường_xuyên_công_tác,781,Nghiên_cứu_và_Phát_triển,2,1,Khoa_học_sự_sống,1,918,4,Nam,57,2,1,Kỹ_thuật_viên_phòng_thí_nghiệm,4,Ly_hôn,2380,13384,9,Có,Có,14,3,4,80,1,3,3,2,1,0,0,0
43,Không,Ít_khi_công_tác,177,Nghiên_cứu_và_Phát_triển,8,3,Khoa_học_sự_sống,1,920,1,Nữ,55,3,2,Giám_đốc_sản_xuất,2,Ly_hôn,4765,23814,4,Có,Không,21,4,3,80,1,4,2,4,1,0,0,0
20,Có,Ít_khi_công_tác,500,Kinh_doanh,2,3,Y_khoa,1,922,3,Nữ,49,2,1,Đại_diện_kinh_doanh,3,Độc_thân,2044,22052,1,Có,Không,13,3,4,80,0,2,3,2,2,2,0,2
21,Có,Ít_khi_công_tác,1427,Nghiên_cứu_và_Phát_triển,18,1,Khác,1,923,4,Nữ,65,3,1,Nhà_nghiên_cứu_khoa_học,4,Độc_thân,2693,8870,1,Có,Không,19,3,1,80,0,1,3,2,1,0,0,0
36,Không,Ít_khi_công_tác,1425,Nghiên_cứu_và_Phát_triển,14,1,Khoa_học_sự_sống,1,924,3,Nam,68,3,2,Đại_diện_chăm_sóc_sức_khỏe,4,Đã_kết_hôn,6586,4821,0,Có,Có,17,3,1,80,1,17,2,2,16,8,4,11
47,Không,Ít_khi_công_tác,1454,Kinh_doanh,2,4,Khoa_học_sự_sống,1,925,4,Nữ,65,2,1,Đại_diện_kinh_doanh,4,Độc_thân,3294,13137,1,Có,Có,18,3,1,80,0,3,3,2,3,2,1,2
22,Có,Ít_khi_công_tác,617,Nghiên_cứu_và_Phát_triển,3,1,Khoa_học_sự_sống,1,926,2,Nữ,34,3,2,Giám_đốc_sản_xuất,3,Đã_kết_hôn,4171,10022,0,Có,Có,19,3,1,80,1,4,3,4,3,2,0,2
41,Có,Ít_khi_công_tác,1085,Nghiên_cứu_và_Phát_triển,2,4,Khoa_học_sự_sống,1,927,2,Nữ,57,1,1,Kỹ_thuật_viên_phòng_thí_nghiệm,4,Ly_hôn,2778,17725,4,Có,Có,13,3,3,80,1,10,1,2,7,7,1,0
28,Không,Ít_khi_công_tác,995,Nghiên_cứu_và_Phát_triển,9,3,Y_khoa,1,930,3,Nữ,77,3,1,Nhà_nghiên_cứu_khoa_học,3,Ly_hôn,2377,9834,5,Có,Không,18,3,2,80,1,6,2,3,2,2,2,2
39,Có,Ít_khi_công_tác,1122,Nghiên_cứu_và_Phát_triển,6,3,Y_khoa,1,932,4,Nam,70,3,1,Kỹ_thuật_viên_phòng_thí_nghiệm,1,Đã_kết_hôn,2404,4303,7,Có,Có,21,4,4,80,0,8,2,1,2,2,2,2
27,Không,Ít_khi_công_tác,618,Nghiên_cứu_và_Phát_triển,4,3,Khoa_học_sự_sống,1,933,2,Nữ,76,3,1,Nhà_nghiên_cứu_khoa_học,3,Độc_thân,2318,17808,1,Có,Không,19,3,3,80,0,1,2,3,1,1,0,0
34,Không,Ít_khi_công_tác,546,Nghiên_cứu_và_Phát_triển,10,3,Khoa_học_sự_sống,1,934,2,Nam,83,3,1,Kỹ_thuật_viên_phòng_thí_nghiệm,2,Ly_hôn,2008,6896,1,Có,Không,14,3,2,80,2,1,3,3,1,0,1,0
42,Không,Ít_khi_công_tác,462,Kinh_doanh,14,2,Y_khoa,1,936,3,Nữ,68,2,2,Chuyên_viên_kinh_doanh,3,Độc_thân,6244,7824,7,Có,Không,17,3,1,80,0,10,6,3,5,4,0,3
33,Không,Ít_khi_công_tác,1198,Nghiên_cứu_và_Phát_triển,1,4,Khác,1,939,3,Nam,100,2,1,Nhà_nghiên_cứu_khoa_học,1,Độc_thân,2799,3339,3,Có,Có,11,3,2,80,0,6,1,3,3,2,0,2
58,Không,Ít_khi_công_tác,1272,Nghiên_cứu_và_Phát_triển,5,3,Bằng_kỹ_thuật,1,940,3,Nữ,37,2,3,Đại_diện_chăm_sóc_sức_khỏe,2,Ly_hôn,10552,9255,2,Có,Có,13,3,4,80,1,24,3,3,6,0,0,4
31,Không,Ít_khi_công_tác,154,Kinh_doanh,7,4,Khoa_học_sự_sống,1,941,2,Nam,41,2,1,Đại_diện_kinh_doanh,3,Đã_kết_hôn,2329,11737,3,Có,Không,15,3,2,80,0,13,2,4,7,7,5,2
35,Không,Ít_khi_công_tác,1137,Nghiên_cứu_và_Phát_triển,21,1,Khoa_học_sự_sống,1,942,4,Nữ,51,3,2,Đại_diện_chăm_sóc_sức_khỏe,4,Đã_kết_hôn,4014,19170,1,Có,Có,25,4,4,80,1,10,2,1,10,6,0,7
49,Không,Ít_khi_công_tác,527,Nghiên_cứu_và_Phát_triển,8,2,Khác,1,944,1,Nữ,51,3,3,Kỹ_thuật_viên_phòng_thí_nghiệm,2,Đã_kết_hôn,7403,22477,4,Có,Không,11,3,3,80,1,29,3,2,26,9,1,7
48,Không,Ít_khi_công_tác,1469,Nghiên_cứu_và_Phát_triển,20,4,Y_khoa,1,945,4,Nam,51,3,1,Nhà_nghiên_cứu_khoa_học,3,Đã_kết_hôn,2259,5543,4,Có,Không,17,3,1,80,2,13,2,2,0,0,0,0
31,Không,Không_công_tác,1188,Kinh_doanh,20,2,Tiếp_thị,1,947,4,Nữ,45,3,2,Chuyên_viên_kinh_doanh,3,Đã_kết_hôn,6932,24406,1,Có,Không,13,3,4,80,1,9,2,2,9,8,0,0
36,Không,Ít_khi_công_tác,188,Nghiên_cứu_và_Phát_triển,7,4,Khác,1,949,2,Nam,65,3,1,Nhà_nghiên_cứu_khoa_học,4,Độc_thân,4678,23293,2,Có,Không,18,3,3,80,0,8,6,3,6,2,0,1
38,Không,Ít_khi_công_tác,1333,Nghiên_cứu_và_Phát_triển,1,3,Bằng_kỹ_thuật,1,950,4,Nữ,80,3,3,Giám_đốc_nghiên_cứu,1,Đã_kết_hôn,13582,16292,1,Có,Không,13,3,2,80,1,15,3,3,15,12,5,11
32,Không,Không_công_tác,1184,Nghiên_cứu_và_Phát_triển,1,3,Khoa_học_sự_sống,1,951,3,Nữ,70,2,1,Kỹ_thuật_viên_phòng_thí_nghiệm,2,Đã_kết_hôn,2332,3974,6,Có,Không,20,4,3,80,0,5,3,3,3,0,0,2
25,Có,Ít_khi_công_tác,867,Kinh_doanh,19,2,Tiếp_thị,1,952,3,Nam,36,2,1,Đại_diện_kinh_doanh,2,Đã_kết_hôn,2413,18798,1,Có,Có,18,3,3,80,3,1,2,3,1,0,0,0
40,Không,Ít_khi_công_tác,658,Kinh_doanh,10,4,Tiếp_thị,1,954,1,Nam,67,2,3,Chuyên_viên_kinh_doanh,2,Ly_hôn,9705,20652,2,Có,Không,12,3,2,80,1,11,2,2,1,0,0,0
26,Không,Thường_xuyên_công_tác,1283,Kinh_doanh,1,3,Y_khoa,1,956,3,Nam,52,2,2,Chuyên_viên_kinh_doanh,1,Độc_thân,4294,11148,1,Có,Không,12,3,2,80,0,7,2,3,7,7,0,7
41,Không,Ít_khi_công_tác,263,Nghiên_cứu_và_Phát_triển,6,3,Y_khoa,1,957,4,Nam,59,3,1,Kỹ_thuật_viên_phòng_thí_nghiệm,1,Độc_thân,4721,3119,2,Có,Có,13,3,3,80,0,20,3,3,18,13,2,17
36,Không,Ít_khi_công_tác,938,Nghiên_cứu_và_Phát_triển,2,4,Y_khoa,1,958,3,Nam,79,3,1,Kỹ_thuật_viên_phòng_thí_nghiệm,3,Độc_thân,2519,12287,4,Có,Không,21,4,3,80,0,16,6,3,11,8,3,9
19,Có,Ít_khi_công_tác,419,Kinh_doanh,21,3,Khác,1,959,4,Nam,37,2,1,Đại_diện_kinh_doanh,2,Độc_thân,2121,9947,1,Có,Có,13,3,2,80,0,1,3,4,1,0,0,0
20,Có,Ít_khi_công_tác,129,Nghiên_cứu_và_Phát_triển,4,3,Bằng_kỹ_thuật,1,960,1,Nam,84,3,1,Kỹ_thuật_viên_phòng_thí_nghiệm,1,Độc_thân,2973,13008,1,Có,Không,19,3,2,80,0,1,2,3,1,0,0,0
31,Không,Ít_khi_công_tác,616,Nghiên_cứu_và_Phát_triển,12,3,Y_khoa,1,961,4,Nữ,41,3,2,Đại_diện_chăm_sóc_sức_khỏe,4,Đã_kết_hôn,5855,17369,0,Có,Có,11,3,3,80,2,10,2,1,9,7,8,5
40,Không,Thường_xuyên_công_tác,1469,Nghiên_cứu_và_Phát_triển,9,4,Y_khoa,1,964,4,Nam,35,3,1,Nhà_nghiên_cứu_khoa_học,2,Ly_hôn,3617,25063,8,Có,Có,14,3,4,80,1,3,2,3,1,1,0,0
32,Không,Ít_khi_công_tác,498,Nghiên_cứu_và_Phát_triển,3,4,Y_khoa,1,966,3,Nữ,93,3,2,Giám_đốc_sản_xuất,1,Đã_kết_hôn,6725,13554,1,Có,Không,12,3,3,80,1,8,2,4,8,7,6,3
36,Có,Ít_khi_công_tác,530,Kinh_doanh,3,1,Khoa_học_sự_sống,1,967,3,Nam,51,2,3,Chuyên_viên_kinh_doanh,4,Đã_kết_hôn,10325,5518,1,Có,Có,11,3,1,80,1,16,6,3,16,7,3,7
33,Không,Ít_khi_công_tác,1069,Nghiên_cứu_và_Phát_triển,1,3,Khoa_học_sự_sống,1,969,2,Nữ,42,2,2,Đại_diện_chăm_sóc_sức_khỏe,4,Độc_thân,6949,12291,0,Có,Không,14,3,1,80,0,6,3,3,5,0,1,4
37,Có,Ít_khi_công_tác,625,Kinh_doanh,1,4,Khoa_học_sự_sống,1,970,1,Nam,46,2,3,Chuyên_viên_kinh_doanh,3,Đã_kết_hôn,10609,14922,5,Có,Không,11,3,3,80,0,17,2,1,14,1,11,7
45,Không,Không_công_tác,805,Nghiên_cứu_và_Phát_triển,4,2,Khoa_học_sự_sống,1,972,3,Nam,57,3,2,Kỹ_thuật_viên_phòng_thí_nghiệm,2,Đã_kết_hôn,4447,23163,1,Có,Không,12,3,2,80,0,9,5,2,9,7,0,8
29,Không,Thường_xuyên_công_tác,1404,Kinh_doanh,20,3,Bằng_kỹ_thuật,1,974,3,Nữ,84,3,1,Đại_diện_kinh_doanh,4,Đã_kết_hôn,2157,18203,1,Có,Không,15,3,2,80,1,3,5,3,3,1,0,2
35,Không,Ít_khi_công_tác,1219,Kinh_doanh,18,3,Y_khoa,1,975,3,Nữ,86,3,2,Chuyên_viên_kinh_doanh,3,Đã_kết_hôn,4601,6179,1,Có,Không,16,3,2,80,0,5,3,3,5,2,1,0
52,Không,Ít_khi_công_tác,1053,Nghiên_cứu_và_Phát_triển,1,2,Khoa_học_sự_sống,1,976,4,Nam,70,3,4,Quản_lý,4,Đã_kết_hôn,17099,13829,2,Có,Không,15,3,2,80,1,26,2,2,9,8,7,8
58,Có,Ít_khi_công_tác,289,Nghiên_cứu_và_Phát_triển,2,3,Bằng_kỹ_thuật,1,977,4,Nam,51,3,1,Nhà_nghiên_cứu_khoa_học,3,Độc_thân,2479,26227,4,Có,Không,24,4,1,80,0,7,4,3,1,0,0,0
53,Không,Ít_khi_công_tác,1376,Kinh_doanh,2,2,Y_khoa,1,981,3,Nam,45,3,4,Quản_lý,3,Ly_hôn,14852,13938,6,Có,Không,13,3,3,80,1,22,3,4,17,13,15,2
30,Không,Ít_khi_công_tác,231,Kinh_doanh,8,2,Khác,1,982,3,Nam,62,3,3,Chuyên_viên_kinh_doanh,3,Ly_hôn,7264,9977,5,Có,Không,11,3,1,80,1,10,2,4,8,4,7,7
38,Không,Không_công_tác,152,Kinh_doanh,10,3,Bằng_kỹ_thuật,1,983,3,Nữ,85,3,2,Chuyên_viên_kinh_doanh,4,Độc_thân,5666,19899,1,Có,Có,13,3,2,80,0,6,1,3,5,3,1,3
35,Không,Ít_khi_công_tác,882,Kinh_doanh,3,4,Khoa_học_sự_sống,1,984,4,Nam,92,3,3,Chuyên_viên_kinh_doanh,4,Ly_hôn,7823,6812,6,Có,Không,13,3,2,80,1,12,2,3,10,9,0,8
39,Không,Ít_khi_công_tác,903,Kinh_doanh,2,5,Khoa_học_sự_sống,1,985,1,Nam,41,4,3,Chuyên_viên_kinh_doanh,3,Độc_thân,7880,2560,0,Có,Không,18,3,4,80,0,9,3,3,8,7,0,7
40,Có,Không_công_tác,1479,Kinh_doanh,24,3,Khoa_học_sự_sống,1,986,2,Nữ,100,4,4,Chuyên_viên_kinh_doanh,2,Độc_thân,13194,17071,4,Có,Có,16,3,4,80,0,22,2,2,1,0,0,0
47,Không,Thường_xuyên_công_tác,1379,Nghiên_cứu_và_Phát_triển,16,4,Y_khoa,1,987,3,Nam,64,4,2,Giám_đốc_sản_xuất,3,Ly_hôn,5067,6759,1,Có,Có,19,3,3,80,0,20,3,4,19,10,2,7
36,Không,Không_công_tác,1229,Kinh_doanh,8,4,Bằng_kỹ_thuật,1,990,1,Nam,84,3,2,Chuyên_viên_kinh_doanh,4,Ly_hôn,5079,25952,4,Có,Không,13,3,4,80,2,12,3,3,7,7,0,7
31,Có,Không_công_tác,335,Nghiên_cứu_và_Phát_triển,9,2,Y_khoa,1,991,3,Nam,46,2,1,Nhà_nghiên_cứu_khoa_học,1,Độc_thân,2321,10322,0,Có,Có,22,4,1,80,0,4,0,3,3,2,1,2
33,Không,Không_công_tác,722,Kinh_doanh,17,3,Khoa_học_sự_sống,1,992,4,Nam,38,3,4,Quản_lý,3,Độc_thân,17444,20489,1,Có,Không,11,3,4,80,0,10,2,3,10,8,6,0
29,Có,Ít_khi_công_tác,906,Nghiên_cứu_và_Phát_triển,10,3,Khoa_học_sự_sống,1,994,4,Nữ,92,2,1,Nhà_nghiên_cứu_khoa_học,1,Độc_thân,2404,11479,6,Có,Có,20,4,3,80,0,3,5,3,0,0,0,0
33,Không,Ít_khi_công_tác,461,Nghiên_cứu_và_Phát_triển,13,1,Khoa_học_sự_sống,1,995,2,Nữ,53,3,1,Nhà_nghiên_cứu_khoa_học,4,Độc_thân,3452,17241,3,Có,Không,18,3,1,80,0,5,4,3,3,2,0,2
45,Không,Ít_khi_công_tác,974,Nghiên_cứu_và_Phát_triển,1,4,Y_khoa,1,996,4,Nữ,91,3,1,Kỹ_thuật_viên_phòng_thí_nghiệm,4,Ly_hôn,2270,11005,3,Có,Không,14,3,4,80,2,8,2,3,5,3,0,2
50,Không,Ít_khi_công_tác,1126,Nghiên_cứu_và_Phát_triển,1,2,Y_khoa,1,997,4,Nam,66,3,4,Giám_đốc_nghiên_cứu,4,Ly_hôn,17399,6615,9,Có,Không,22,4,3,80,1,32,1,2,5,4,1,3
33,Không,Thường_xuyên_công_tác,827,Nghiên_cứu_và_Phát_triển,1,4,Khác,1,998,3,Nữ,84,4,2,Đại_diện_chăm_sóc_sức_khỏe,2,Đã_kết_hôn,5488,20161,1,Có,Có,13,3,1,80,1,6,2,3,6,5,1,2
41,Không,Thường_xuyên_công_tác,840,Nghiên_cứu_và_Phát_triển,9,3,Y_khoa,1,999,1,Nam,64,3,5,Giám_đốc_nghiên_cứu,3,Ly_hôn,19419,3735,2,Có,Không,17,3,2,80,1,21,2,4,18,16,0,11
27,Không,Ít_khi_công_tác,1134,Nghiên_cứu_và_Phát_triển,16,4,Bằng_kỹ_thuật,1,1001,3,Nữ,37,3,1,Kỹ_thuật_viên_phòng_thí_nghiệm,2,Đã_kết_hôn,2811,12086,9,Có,Không,14,3,2,80,1,4,2,3,2,2,2,2
45,Không,Không_công_tác,248,Nghiên_cứu_và_Phát_triển,23,2,Khoa_học_sự_sống,1,1002,4,Nam,42,3,2,Kỹ_thuật_viên_phòng_thí_nghiệm,1,Đã_kết_hôn,3633,14039,1,Có,Có,15,3,3,80,1,9,2,3,9,8,0,8
47,Không,Ít_khi_công_tác,955,Kinh_doanh,4,2,Khoa_học_sự_sống,1,1003,4,Nữ,83,3,2,Chuyên_viên_kinh_doanh,4,Độc_thân,4163,8571,1,Có,Có,17,3,3,80,0,9,0,3,9,0,0,7
30,Có,Ít_khi_công_tác,138,Nghiên_cứu_và_Phát_triển,22,3,Khoa_học_sự_sống,1,1004,1,Nữ,48,3,1,Nhà_nghiên_cứu_khoa_học,3,Đã_kết_hôn,2132,11539,4,Có,Có,11,3,2,80,0,7,2,3,5,2,0,1
50,Không,Ít_khi_công_tác,939,Nghiên_cứu_và_Phát_triển,24,3,Khoa_học_sự_sống,1,1005,4,Nam,95,3,4,Giám_đốc_sản_xuất,3,Đã_kết_hôn,13973,4161,3,Có,Có,18,3,4,80,1,22,2,3,12,11,1,5
38,Không,Thường_xuyên_công_tác,1391,Nghiên_cứu_và_Phát_triển,10,1,Y_khoa,1,1006,3,Nam,66,3,1,Nhà_nghiên_cứu_khoa_học,3,Đã_kết_hôn,2684,12127,0,Có,Không,17,3,2,80,1,3,0,2,2,1,0,2
46,Không,Ít_khi_công_tác,566,Nghiên_cứu_và_Phát_triển,7,2,Y_khoa,1,1007,4,Nam,75,3,3,Giám_đốc_sản_xuất,3,Ly_hôn,10845,24208,6,Có,Không,13,3,2,80,1,13,3,3,8,7,0,7
24,Không,Ít_khi_công_tác,1206,Nghiên_cứu_và_Phát_triển,17,1,Y_khoa,1,1009,4,Nữ,41,2,2,Giám_đốc_sản_xuất,3,Ly_hôn,4377,24117,1,Có,Không,15,3,2,80,2,5,6,3,4,2,3,2
35,Có,Ít_khi_công_tác,622,Nghiên_cứu_và_Phát_triển,14,4,Khác,1,1010,3,Nam,39,2,1,Kỹ_thuật_viên_phòng_thí_nghiệm,2,Ly_hôn,3743,10074,1,Có,Có,24,4,4,80,1,5,2,1,4,2,0,2
31,Không,Thường_xuyên_công_tác,853,Nghiên_cứu_và_Phát_triển,1,1,Khoa_học_sự_sống,1,1011,3,Nữ,96,3,2,Giám_đốc_sản_xuất,1,Đã_kết_hôn,4148,11275,1,Có,Không,12,3,3,80,1,4,1,3,4,3,0,3
18,Không,Không_công_tác,287,Nghiên_cứu_và_Phát_triển,5,2,Khoa_học_sự_sống,1,1012,2,Nam,73,3,1,Nhà_nghiên_cứu_khoa_học,4,Độc_thân,1051,13493,1,Có,Không,15,3,4,80,0,0,2,3,0,0,0,0
54,Không,Ít_khi_công_tác,1441,Nghiên_cứu_và_Phát_triển,17,3,Bằng_kỹ_thuật,1,1013,3,Nữ,56,3,3,Giám_đốc_sản_xuất,3,Đã_kết_hôn,10739,13943,8,Có,Không,11,3,3,80,1,22,2,3,10,7,0,8
35,Không,Ít_khi_công_tác,583,Nghiên_cứu_và_Phát_triển,25,4,Y_khoa,1,1014,3,Nữ,57,3,3,Đại_diện_chăm_sóc_sức_khỏe,3,Ly_hôn,10388,6975,1,Có,Có,11,3,3,80,1,16,3,2,16,10,10,1
30,Không,Ít_khi_công_tác,153,Nghiên_cứu_và_Phát_triển,8,2,Khoa_học_sự_sống,1,1015,2,Nữ,73,4,3,Giám_đốc_nghiên_cứu,1,Đã_kết_hôn,11416,17802,0,Có,Có,12,3,3,80,3,9,4,2,8,7,1,7
20,Có,Ít_khi_công_tác,1097,Nghiên_cứu_và_Phát_triển,11,3,Y_khoa,1,1016,4,Nữ,98,2,1,Nhà_nghiên_cứu_khoa_học,1,Độc_thân,2600,18275,1,Có,Có,15,3,1,80,0,1,2,3,1,0,0,0
30,Có,Thường_xuyên_công_tác,109,Nghiên_cứu_và_Phát_triển,5,3,Y_khoa,1,1017,2,Nữ,60,3,1,Kỹ_thuật_viên_phòng_thí_nghiệm,2,Độc_thân,2422,25725,0,Có,Không,17,3,1,80,0,4,3,3,3,2,1,2
26,Không,Ít_khi_công_tác,1066,Nghiên_cứu_và_Phát_triển,2,2,Y_khoa,1,1018,4,Nam,32,4,2,Giám_đốc_sản_xuất,4,Đã_kết_hôn,5472,3334,1,Có,Không,12,3,2,80,0,8,2,3,8,7,1,3
22,Không,Ít_khi_công_tác,217,Nghiên_cứu_và_Phát_triển,8,1,Khoa_học_sự_sống,1,1019,2,Nam,94,1,1,Kỹ_thuật_viên_phòng_thí_nghiệm,1,Đã_kết_hôn,2451,6881,1,Có,Không,15,3,1,80,1,4,3,2,4,3,1,1
48,Không,Ít_khi_công_tác,277,Nghiên_cứu_và_Phát_triển,6,3,Khoa_học_sự_sống,1,1022,1,Nam,97,2,2,Đại_diện_chăm_sóc_sức_khỏe,3,Độc_thân,4240,13119,2,Có,Không,13,3,4,80,0,19,0,3,2,2,2,2
48,Không,Ít_khi_công_tác,1355,Nghiên_cứu_và_Phát_triển,4,4,Khoa_học_sự_sống,1,1024,3,Nam,78,2,3,Đại_diện_chăm_sóc_sức_khỏe,3,Độc_thân,10999,22245,7,Có,Không,14,3,2,80,0,27,3,3,15,11,4,8
41,Không,Ít_khi_công_tác,549,Nghiên_cứu_và_Phát_triển,7,2,Y_khoa,1,1025,4,Nữ,42,3,2,Giám_đốc_sản_xuất,3,Độc_thân,5003,23371,6,Có,Không,14,3,2,80,0,8,6,3,2,2,2,1
39,Không,Ít_khi_công_tác,466,Nghiên_cứu_và_Phát_triển,1,1,Khoa_học_sự_sống,1,1026,4,Nữ,65,2,4,Giám_đốc_sản_xuất,4,Đã_kết_hôn,12742,7060,1,Có,Không,16,3,3,80,1,21,3,3,21,6,11,8
27,Không,Ít_khi_công_tác,1055,Nghiên_cứu_và_Phát_triển,2,4,Khoa_học_sự_sống,1,1027,1,Nữ,47,3,2,Giám_đốc_sản_xuất,4,Đã_kết_hôn,4227,4658,0,Có,Không,18,3,2,80,1,4,2,3,3,2,2,2
35,Không,Ít_khi_công_tác,802,Nghiên_cứu_và_Phát_triển,10,3,Khác,1,1028,2,Nam,45,3,1,Kỹ_thuật_viên_phòng_thí_nghiệm,4,Ly_hôn,3917,9541,1,Có,Không,20,4,1,80,1,3,4,2,3,2,1,2
42,Không,Ít_khi_công_tác,265,Kinh_doanh,5,2,Tiếp_thị,1,1029,4,Nam,90,3,5,Quản_lý,3,Đã_kết_hôn,18303,7770,6,Có,Không,13,3,2,80,0,21,3,4,1,0,0,0
50,Không,Ít_khi_công_tác,804,Nghiên_cứu_và_Phát_triển,9,3,Khoa_học_sự_sống,1,1030,1,Nam,64,3,1,Kỹ_thuật_viên_phòng_thí_nghiệm,4,Đã_kết_hôn,2380,20165,4,Có,Không,18,3,2,80,0,8,5,3,1,0,0,0
59,Không,Ít_khi_công_tác,715,Nghiên_cứu_và_Phát_triển,2,3,Khoa_học_sự_sống,1,1032,3,Nữ,69,2,4,Giám_đốc_sản_xuất,4,Độc_thân,13726,21829,3,Có,Có,13,3,1,80,0,30,4,3,5,3,4,3
37,Có,Ít_khi_công_tác,1141,Nghiên_cứu_và_Phát_triển,11,2,Y_khoa,1,1033,1,Nữ,61,1,2,Đại_diện_chăm_sóc_sức_khỏe,2,Đã_kết_hôn,4777,14382,5,Có,Không,15,3,1,80,0,15,2,1,1,0,0,0
55,Không,Thường_xuyên_công_tác,135,Nghiên_cứu_và_Phát_triển,18,4,Y_khoa,1,1034,3,Nam,62,3,2,Đại_diện_chăm_sóc_sức_khỏe,2,Đã_kết_hôn,6385,12992,3,Có,Có,14,3,4,80,2,17,3,3,8,7,6,7
41,Không,Không_công_tác,247,Nghiên_cứu_và_Phát_triển,7,1,Khoa_học_sự_sống,1,1035,2,Nữ,55,1,5,Giám_đốc_nghiên_cứu,3,Ly_hôn,19973,20284,1,Có,Không,22,4,2,80,2,21,3,3,21,16,5,10
38,Không,Ít_khi_công_tác,1035,Kinh_doanh,3,4,Khoa_học_sự_sống,1,1036,2,Nam,42,3,2,Chuyên_viên_kinh_doanh,4,Độc_thân,6861,4981,8,Có,Có,12,3,3,80,0,19,1,3,1,0,0,0
26,Có,Không_công_tác,265,Kinh_doanh,29,2,Y_khoa,1,1037,2,Nam,79,1,2,Chuyên_viên_kinh_doanh,1,Độc_thân,4969,21813,8,Có,Không,18,3,4,80,0,7,6,3,2,2,2,2
52,Có,Ít_khi_công_tác,266,Kinh_doanh,2,1,Tiếp_thị,1,1038,1,Nữ,57,1,5,Quản_lý,4,Đã_kết_hôn,19845,25846,1,Có,Không,15,3,4,80,1,33,3,3,32,14,6,9
44,Không,Ít_khi_công_tác,1448,Kinh_doanh,28,3,Y_khoa,1,1039,4,Nữ,53,4,4,Chuyên_viên_kinh_doanh,4,Đã_kết_hôn,13320,11737,3,Có,Có,18,3,3,80,1,23,2,3,12,11,11,11
50,Không,Không_công_tác,145,Kinh_doanh,1,3,Khoa_học_sự_sống,1,1040,4,Nữ,95,3,2,Chuyên_viên_kinh_doanh,3,Đã_kết_hôn,6347,24920,0,Có,Không,12,3,1,80,1,19,3,3,18,7,0,13
36,Có,Ít_khi_công_tác,885,Nghiên_cứu_và_Phát_triển,16,4,Khoa_học_sự_sống,1,1042,3,Nữ,43,4,1,Kỹ_thuật_viên_phòng_thí_nghiệm,1,Độc_thân,2743,8269,1,Có,Không,16,3,3,80,0,18,1,3,17,13,15,14
39,Không,Thường_xuyên_công_tác,945,Nghiên_cứu_và_Phát_triển,22,3,Y_khoa,1,1043,4,Nữ,82,3,3,Giám_đốc_sản_xuất,1,Độc_thân,10880,5083,1,Có,Có,13,3,3,80,0,21,2,3,21,6,2,8
33,Không,Không_công_tác,1038,Kinh_doanh,8,1,Khoa_học_sự_sống,1,1044,2,Nữ,88,2,1,Đại_diện_kinh_doanh,4,Độc_thân,2342,21437,0,Có,Không,19,3,4,80,0,3,2,2,2,2,2,2
45,Không,Ít_khi_công_tác,1234,Kinh_doanh,11,2,Khoa_học_sự_sống,1,1045,4,Nữ,90,3,4,Quản_lý,4,Đã_kết_hôn,17650,5404,3,Có,Không,13,3,2,80,1,26,4,4,9,3,1,1
32,Không,Không_công_tác,1109,Nghiên_cứu_và_Phát_triển,29,4,Y_khoa,1,1046,4,Nữ,69,3,1,Kỹ_thuật_viên_phòng_thí_nghiệm,3,Độc_thân,4025,11135,9,Có,Không,12,3,2,80,0,10,2,3,8,7,7,7
34,Không,Ít_khi_công_tác,216,Kinh_doanh,1,4,Tiếp_thị,1,1047,2,Nam,75,4,2,Chuyên_viên_kinh_doanh,4,Ly_hôn,9725,12278,0,Có,Không,11,3,4,80,1,16,2,2,15,1,0,9
59,Không,Ít_khi_công_tác,1089,Kinh_doanh,1,2,Bằng_kỹ_thuật,1,1048,2,Nam,66,3,3,Quản_lý,4,Đã_kết_hôn,11904,11038,3,Có,Có,14,3,3,80,1,14,1,1,6,4,0,4
45,Không,Ít_khi_công_tác,788,Nhân_sự,24,4,Y_khoa,1,1049,2,Nam,36,3,1,Nhân_sự,2,Độc_thân,2177,8318,1,Có,Không,16,3,1,80,0,6,3,3,6,3,0,4
53,Không,Thường_xuyên_công_tác,124,Kinh_doanh,2,3,Tiếp_thị,1,1050,3,Nữ,38,2,3,Chuyên_viên_kinh_doanh,2,Đã_kết_hôn,7525,23537,2,Có,Không,12,3,1,80,1,30,2,3,15,7,6,12
36,Có,Ít_khi_công_tác,660,Nghiên_cứu_và_Phát_triển,15,3,Khác,1,1052,1,Nam,81,3,2,Kỹ_thuật_viên_phòng_thí_nghiệm,3,Ly_hôn,4834,7858,7,Có,Không,14,3,2,80,1,9,3,2,1,0,0,0
26,Có,Thường_xuyên_công_tác,342,Nghiên_cứu_và_Phát_triển,2,3,Khoa_học_sự_sống,1,1053,1,Nam,57,3,1,Nhà_nghiên_cứu_khoa_học,1,Đã_kết_hôn,2042,15346,6,Có,Có,14,3,2,80,1,6,2,3,3,2,1,2
34,Không,Ít_khi_công_tác,1333,Kinh_doanh,10,4,Khoa_học_sự_sống,1,1055,3,Nữ,87,3,1,Đại_diện_kinh_doanh,3,Đã_kết_hôn,2220,18410,1,Có,Có,19,3,4,80,1,1,2,3,1,1,0,0
28,Không,Ít_khi_công_tác,1144,Kinh_doanh,10,1,Y_khoa,1,1056,4,Nam,74,3,1,Đại_diện_kinh_doanh,2,Đã_kết_hôn,1052,23384,1,Có,Không,22,4,2,80,0,1,5,3,1,0,0,0
38,Không,Thường_xuyên_công_tác,1186,Nghiên_cứu_và_Phát_triển,3,4,Khác,1,1060,3,Nam,44,3,1,Nhà_nghiên_cứu_khoa_học,3,Đã_kết_hôn,2821,2997,3,Có,Không,16,3,1,80,1,8,2,3,2,2,2,2
50,Không,Ít_khi_công_tác,1464,Nghiên_cứu_và_Phát_triển,2,4,Y_khoa,1,1061,2,Nam,62,3,5,Giám_đốc_nghiên_cứu,3,Đã_kết_hôn,19237,12853,2,Có,Có,11,3,4,80,1,29,2,2,8,1,7,7
37,Không,Ít_khi_công_tác,124,Nghiên_cứu_và_Phát_triển,3,3,Khác,1,1062,4,Nữ,35,3,2,Đại_diện_chăm_sóc_sức_khỏe,2,Độc_thân,4107,13848,3,Có,Không,15,3,1,80,0,8,3,2,4,3,0,1
40,Không,Ít_khi_công_tác,300,Kinh_doanh,26,3,Tiếp_thị,1,1066,3,Nam,74,3,2,Chuyên_viên_kinh_doanh,1,Đã_kết_hôn,8396,22217,1,Có,Không,14,3,2,80,1,8,3,2,7,7,7,5
26,Không,Thường_xuyên_công_tác,921,Nghiên_cứu_và_Phát_triển,1,1,Y_khoa,1,1068,1,Nữ,66,2,1,Nhà_nghiên_cứu_khoa_học,3,Ly_hôn,2007,25265,1,Có,Không,13,3,3,80,2,5,5,3,5,3,1,3
46,Không,Ít_khi_công_tác,430,Nghiên_cứu_và_Phát_triển,1,4,Y_khoa,1,1069,4,Nam,40,3,5,Giám_đốc_nghiên_cứu,4,Ly_hôn,19627,21445,9,Có,Không,17,3,4,80,2,23,0,3,2,2,2,2
54,Không,Ít_khi_công_tác,1082,Kinh_doanh,2,4,Khoa_học_sự_sống,1,1070,3,Nữ,41,2,3,Chuyên_viên_kinh_doanh,3,Đã_kết_hôn,10686,8392,6,Có,Không,11,3,2,80,1,13,4,3,9,4,7,0
56,Không,Thường_xuyên_công_tác,1240,Nghiên_cứu_và_Phát_triển,9,3,Y_khoa,1,1071,1,Nữ,63,3,1,Nhà_nghiên_cứu_khoa_học,3,Đã_kết_hôn,2942,12154,2,Có,Không,19,3,2,80,1,18,4,3,5,4,0,3
36,Không,Ít_khi_công_tác,796,Nghiên_cứu_và_Phát_triển,12,5,Y_khoa,1,1073,4,Nữ,51,2,3,Giám_đốc_sản_xuất,4,Độc_thân,8858,15669,0,Có,Không,11,3,2,80,0,15,2,2,14,8,7,8
55,Không,Không_công_tác,444,Nghiên_cứu_và_Phát_triển,2,1,Y_khoa,1,1074,3,Nam,40,2,4,Quản_lý,1,Độc_thân,16756,17323,7,Có,Không,15,3,2,80,0,31,3,4,9,7,6,2
43,Không,Ít_khi_công_tác,415,Kinh_doanh,25,3,Y_khoa,1,1076,3,Nam,79,2,3,Chuyên_viên_kinh_doanh,4,Ly_hôn,10798,5268,5,Có,Không,13,3,3,80,1,18,5,3,1,0,0,0
20,Có,Thường_xuyên_công_tác,769,Kinh_doanh,9,3,Tiếp_thị,1,1077,4,Nữ,54,3,1,Đại_diện_kinh_doanh,4,Độc_thân,2323,17205,1,Có,Có,14,3,2,80,0,2,3,3,2,2,0,2
21,Có,Ít_khi_công_tác,1334,Nghiên_cứu_và_Phát_triển,10,3,Khoa_học_sự_sống,1,1079,3,Nữ,36,2,1,Kỹ_thuật_viên_phòng_thí_nghiệm,1,Độc_thân,1416,17258,1,Có,Không,13,3,1,80,0,1,6,2,1,0,1,0
46,Không,Ít_khi_công_tác,1003,Nghiên_cứu_và_Phát_triển,8,4,Khoa_học_sự_sống,1,1080,4,Nữ,74,2,2,Nhà_nghiên_cứu_khoa_học,1,Ly_hôn,4615,21029,8,Có,Có,23,4,1,80,3,19,2,3,16,13,1,7
51,Có,Ít_khi_công_tác,1323,Nghiên_cứu_và_Phát_triển,4,4,Khoa_học_sự_sống,1,1081,1,Nam,34,3,1,Nhà_nghiên_cứu_khoa_học,3,Đã_kết_hôn,2461,10332,9,Có,Có,12,3,3,80,3,18,2,4,10,0,2,7
28,Có,Không_công_tác,1366,Nghiên_cứu_và_Phát_triển,24,2,Bằng_kỹ_thuật,1,1082,2,Nam,72,2,3,Đại_diện_chăm_sóc_sức_khỏe,1,Độc_thân,8722,12355,1,Có,Không,12,3,1,80,0,10,2,2,10,7,1,9
26,Không,Ít_khi_công_tác,192,Nghiên_cứu_và_Phát_triển,1,2,Y_khoa,1,1083,1,Nam,59,2,1,Kỹ_thuật_viên_phòng_thí_nghiệm,1,Đã_kết_hôn,3955,11141,1,Có,Không,16,3,1,80,2,6,2,3,5,3,1,3
30,Không,Ít_khi_công_tác,1176,Nghiên_cứu_và_Phát_triển,20,3,Khác,1,1084,3,Nam,85,3,2,Giám_đốc_sản_xuất,1,Đã_kết_hôn,9957,9096,0,Có,Không,15,3,3,80,1,7,1,2,6,2,0,2
41,Không,Ít_khi_công_tác,509,Nghiên_cứu_và_Phát_triển,7,2,Bằng_kỹ_thuật,1,1085,2,Nữ,43,4,1,Nhà_nghiên_cứu_khoa_học,3,Đã_kết_hôn,3376,18863,1,Có,Không,13,3,3,80,0,10,3,3,10,6,0,8
38,Không,Ít_khi_công_tác,330,Nghiên_cứu_và_Phát_triển,17,1,Khoa_học_sự_sống,1,1088,3,Nữ,65,2,3,Đại_diện_chăm_sóc_sức_khỏe,3,Đã_kết_hôn,8823,24608,0,Có,Không,18,3,1,80,1,20,4,2,19,9,1,9
40,Không,Ít_khi_công_tác,1492,Nghiên_cứu_và_Phát_triển,20,4,Bằng_kỹ_thuật,1,1092,1,Nam,61,3,3,Đại_diện_chăm_sóc_sức_khỏe,4,Đã_kết_hôn,10322,26542,4,Có,Không,20,4,4,80,1,14,6,3,11,10,11,1
27,Không,Không_công_tác,1277,Nghiên_cứu_và_Phát_triển,8,5,Khoa_học_sự_sống,1,1094,1,Nam,87,1,1,Kỹ_thuật_viên_phòng_thí_nghiệm,3,Đã_kết_hôn,4621,5869,1,Có,Không,19,3,4,80,3,3,4,3,3,2,1,2
55,Không,Thường_xuyên_công_tác,1091,Nghiên_cứu_và_Phát_triển,2,1,Khoa_học_sự_sống,1,1096,4,Nam,65,3,3,Giám_đốc_sản_xuất,2,Đã_kết_hôn,10976,15813,3,Có,Không,18,3,2,80,1,23,4,3,3,2,1,2
28,Không,Ít_khi_công_tác,857,Nghiên_cứu_và_Phát_triển,10,3,Khác,1,1097,3,Nữ,59,3,2,Nhà_nghiên_cứu_khoa_học,3,Độc_thân,3660,7909,3,Có,Không,13,3,4,80,0,10,4,4,8,7,1,7
44,Có,Ít_khi_công_tác,1376,Nhân_sự,1,2,Y_khoa,1,1098,2,Nam,91,2,3,Nhân_sự,1,Đã_kết_hôn,10482,2326,9,Có,Không,14,3,4,80,1,24,1,3,20,6,3,6
33,Không,Ít_khi_công_tác,654,Nghiên_cứu_và_Phát_triển,5,3,Khoa_học_sự_sống,1,1099,4,Nam,34,2,3,Đại_diện_chăm_sóc_sức_khỏe,4,Ly_hôn,7119,21214,4,Có,Không,15,3,3,80,1,9,2,3,3,2,1,2
35,Có,Ít_khi_công_tác,1204,Kinh_doanh,4,3,Bằng_kỹ_thuật,1,1100,4,Nam,86,3,3,Chuyên_viên_kinh_doanh,1,Độc_thân,9582,10333,0,Có,Có,22,4,1,80,0,9,2,3,8,7,4,7
33,Có,Thường_xuyên_công_tác,827,Nghiên_cứu_và_Phát_triển,29,4,Y_khoa,1,1101,1,Nữ,54,2,2,Nhà_nghiên_cứu_khoa_học,3,Độc_thân,4508,3129,1,Có,Không,22,4,2,80,0,14,4,3,13,7,3,8
28,Không,Ít_khi_công_tác,895,Nghiên_cứu_và_Phát_triển,15,2,Khoa_học_sự_sống,1,1102,1,Nam,50,3,1,Kỹ_thuật_viên_phòng_thí_nghiệm,3,Ly_hôn,2207,22482,1,Có,Không,16,3,4,80,1,4,5,2,4,2,2,2
34,Không,Thường_xuyên_công_tác,618,Nghiên_cứu_và_Phát_triển,3,1,Khoa_học_sự_sống,1,1103,1,Nam,45,3,2,Đại_diện_chăm_sóc_sức_khỏe,4,Độc_thân,7756,22266,0,Có,Không,17,3,3,80,0,7,1,2,6,2,0,4
37,Không,Ít_khi_công_tác,309,Kinh_doanh,10,4,Khoa_học_sự_sống,1,1105,4,Nữ,88,2,2,Chuyên_viên_kinh_doanh,4,Ly_hôn,6694,24223,2,Có,Có,14,3,3,80,3,8,5,3,1,0,0,0
25,Có,Ít_khi_công_tác,1219,Nghiên_cứu_và_Phát_triển,4,1,Bằng_kỹ_thuật,1,1106,4,Nam,32,3,1,Kỹ_thuật_viên_phòng_thí_nghiệm,4,Đã_kết_hôn,3691,4605,1,Có,Có,15,3,2,80,1,7,3,4,7,7,5,6
26,Có,Ít_khi_công_tác,1330,Nghiên_cứu_và_Phát_triển,21,3,Y_khoa,1,1107,1,Nam,37,3,1,Kỹ_thuật_viên_phòng_thí_nghiệm,3,Ly_hôn,2377,19373,1,Có,Không,20,4,3,80,1,1,0,2,1,1,0,0
33,Có,Ít_khi_công_tác,1017,Nghiên_cứu_và_Phát_triển,25,3,Y_khoa,1,1108,1,Nam,55,2,1,Nhà_nghiên_cứu_khoa_học,2,Độc_thân,2313,2993,4,Có,Có,20,4,2,80,0,5,0,3,2,2,2,2
42,Không,Ít_khi_công_tác,469,Nghiên_cứu_và_Phát_triển,2,2,Y_khoa,1,1109,4,Nam,35,3,4,Quản_lý,1,Đã_kết_hôn,17665,14399,0,Có,Không,17,3,4,80,1,23,3,3,22,6,13,7
28,Có,Thường_xuyên_công_tác,1009,Nghiên_cứu_và_Phát_triển,1,3,Y_khoa,1,1111,1,Nam,45,2,1,Kỹ_thuật_viên_phòng_thí_nghiệm,2,Ly_hôn,2596,7160,1,Có,Không,15,3,1,80,2,1,2,3,1,0,0,0
50,Có,Thường_xuyên_công_tác,959,Kinh_doanh,1,4,Khác,1,1113,4,Nam,81,3,2,Chuyên_viên_kinh_doanh,3,Độc_thân,4728,17251,3,Có,Có,14,3,4,80,0,5,4,3,0,0,0,0
33,Không,Thường_xuyên_công_tác,970,Kinh_doanh,7,3,Khoa_học_sự_sống,1,1114,4,Nữ,30,3,2,Chuyên_viên_kinh_doanh,2,Đã_kết_hôn,4302,13401,0,Có,Không,17,3,3,80,1,4,3,3,3,2,0,2
34,Không,Không_công_tác,697,Nghiên_cứu_và_Phát_triển,3,4,Khoa_học_sự_sống,1,1115,3,Nam,40,2,1,Nhà_nghiên_cứu_khoa_học,4,Đã_kết_hôn,2979,22478,3,Có,Không,17,3,4,80,3,6,2,3,0,0,0,0
48,Không,Không_công_tác,1262,Nghiên_cứu_và_Phát_triển,1,4,Y_khoa,1,1116,1,Nam,35,4,4,Quản_lý,4,Độc_thân,16885,16154,2,Có,Không,22,4,3,80,0,27,3,2,5,4,2,1
45,Không,Không_công_tác,1050,Kinh_doanh,9,4,Khoa_học_sự_sống,1,1117,2,Nữ,65,2,2,Chuyên_viên_kinh_doanh,3,Đã_kết_hôn,5593,17970,1,Có,Không,13,3,4,80,1,15,2,3,15,10,4,12
52,Không,Ít_khi_công_tác,994,Nghiên_cứu_và_Phát_triển,7,4,Khoa_học_sự_sống,1,1118,2,Nam,87,3,3,Đại_diện_chăm_sóc_sức_khỏe,2,Độc_thân,10445,15322,7,Có,Không,19,3,4,80,0,18,4,3,8,6,4,0
38,Không,Ít_khi_công_tác,770,Kinh_doanh,10,4,Tiếp_thị,1,1119,3,Nam,73,2,3,Chuyên_viên_kinh_doanh,3,Ly_hôn,8740,5569,0,Có,Có,14,3,2,80,2,9,2,3,8,7,2,7
29,Không,Ít_khi_công_tác,1107,Nghiên_cứu_và_Phát_triển,28,4,Khoa_học_sự_sống,1,1120,3,Nữ,93,3,1,Nhà_nghiên_cứu_khoa_học,4,Ly_hôn,2514,26968,4,Có,Không,22,4,1,80,1,11,1,3,7,5,1,7
28,Không,Ít_khi_công_tác,950,Nghiên_cứu_và_Phát_triển,3,3,Y_khoa,1,1121,4,Nữ,93,3,3,Giám_đốc_sản_xuất,2,Ly_hôn,7655,8039,0,Có,Không,17,3,2,80,3,10,3,2,9,7,1,7
46,Không,Ít_khi_công_tác,406,Kinh_doanh,3,1,Tiếp_thị,1,1124,1,Nam,52,3,4,Quản_lý,3,Đã_kết_hôn,17465,15596,3,Có,Không,12,3,4,80,1,23,3,3,12,9,4,9
38,Không,Ít_khi_công_tác,130,Kinh_doanh,2,2,Tiếp_thị,1,1125,4,Nam,32,3,3,Chuyên_viên_kinh_doanh,2,Độc_thân,7351,20619,7,Có,Không,16,3,3,80,0,10,2,3,1,0,0,0
43,Không,Thường_xuyên_công_tác,1082,Nghiên_cứu_và_Phát_triển,27,3,Khoa_học_sự_sống,1,1126,3,Nữ,83,3,3,Giám_đốc_sản_xuất,1,Đã_kết_hôn,10820,11535,8,Có,Không,11,3,3,80,1,18,1,3,8,7,0,1
39,Có,Thường_xuyên_công_tác,203,Nghiên_cứu_và_Phát_triển,2,3,Khoa_học_sự_sống,1,1127,1,Nam,84,3,4,Đại_diện_chăm_sóc_sức_khỏe,4,Ly_hôn,12169,13547,7,Có,Không,11,3,4,80,3,21,4,3,18,7,11,5
40,Không,Ít_khi_công_tác,1308,Nghiên_cứu_và_Phát_triển,14,3,Y_khoa,1,1128,3,Nam,44,2,5,Giám_đốc_nghiên_cứu,3,Độc_thân,19626,17544,1,Có,Không,14,3,1,80,0,21,2,4,20,7,4,9
21,Không,Ít_khi_công_tác,984,Nghiên_cứu_và_Phát_triển,1,1,Bằng_kỹ_thuật,1,1131,4,Nữ,70,2,1,Nhà_nghiên_cứu_khoa_học,2,Độc_thân,2070,25326,1,Có,Có,11,3,3,80,0,2,6,4,2,2,2,2
39,Không,Không_công_tác,439,Nghiên_cứu_và_Phát_triển,9,3,Khoa_học_sự_sống,1,1132,3,Nam,70,3,2,Kỹ_thuật_viên_phòng_thí_nghiệm,2,Độc_thân,6782,8770,9,Có,Không,15,3,3,80,0,9,2,2,5,4,0,3
36,Không,Không_công_tác,217,Nghiên_cứu_và_Phát_triển,18,4,Khoa_học_sự_sống,1,1133,1,Nam,78,3,2,Giám_đốc_sản_xuất,4,Độc_thân,7779,23238,2,Có,Không,20,4,1,80,0,18,0,3,11,9,0,9
31,Không,Thường_xuyên_công_tác,793,Kinh_doanh,20,3,Khoa_học_sự_sống,1,1135,3,Nam,67,4,1,Đại_diện_kinh_doanh,4,Đã_kết_hôn,2791,21981,0,Có,Không,12,3,1,80,1,3,4,3,2,2,2,2
28,Không,Ít_khi_công_tác,1451,Nghiên_cứu_và_Phát_triển,2,1,Khoa_học_sự_sống,1,1136,1,Nam,67,2,1,Nhà_nghiên_cứu_khoa_học,2,Đã_kết_hôn,3201,19911,0,Có,Không,17,3,1,80,0,6,2,1,5,3,0,4
35,Không,Thường_xuyên_công_tác,1182,Kinh_doanh,11,2,Tiếp_thị,1,1137,4,Nam,54,3,2,Chuyên_viên_kinh_doanh,4,Ly_hôn,4968,18500,1,Có,Không,11,3,4,80,1,5,3,3,5,2,0,2
49,Không,Ít_khi_công_tác,174,Kinh_doanh,8,4,Bằng_kỹ_thuật,1,1138,4,Nam,56,2,4,Chuyên_viên_kinh_doanh,2,Đã_kết_hôn,13120,11879,6,Có,Không,17,3,2,80,1,22,3,3,9,8,2,3
34,Không,Thường_xuyên_công_tác,1003,Nghiên_cứu_và_Phát_triển,2,2,Khoa_học_sự_sống,1,1140,4,Nam,95,3,2,Giám_đốc_sản_xuất,3,Độc_thân,4033,15834,2,Có,Không,11,3,4,80,0,5,3,2,3,2,0,2
29,Không,Thường_xuyên_công_tác,490,Nghiên_cứu_và_Phát_triển,10,3,Khoa_học_sự_sống,1,1143,4,Nữ,61,3,1,Nhà_nghiên_cứu_khoa_học,2,Ly_hôn,3291,17940,0,Có,Không,14,3,4,80,2,8,2,2,7,5,1,1
42,Không,Ít_khi_công_tác,188,Nghiên_cứu_và_Phát_triển,29,3,Y_khoa,1,1148,2,Nam,56,1,2,Kỹ_thuật_viên_phòng_thí_nghiệm,4,Độc_thân,4272,9558,4,Có,Không,19,3,1,80,0,16,3,3,1,0,0,0
29,Không,Ít_khi_công_tác,718,Nghiên_cứu_và_Phát_triển,8,1,Y_khoa,1,1150,2,Nam,79,2,2,Giám_đốc_sản_xuất,4,Đã_kết_hôn,5056,17689,1,Có,Có,15,3,3,80,1,10,2,2,10,7,1,2
38,Không,Ít_khi_công_tác,433,Nhân_sự,1,3,Nhân_sự,1,1152,3,Nam,37,4,1,Nhân_sự,3,Đã_kết_hôn,2844,6004,1,Có,Không,13,3,4,80,1,7,2,4,7,6,5,0
28,Không,Thường_xuyên_công_tác,773,Nghiên_cứu_và_Phát_triển,6,3,Khoa_học_sự_sống,1,1154,3,Nam,39,2,1,Nhà_nghiên_cứu_khoa_học,3,Ly_hôn,2703,22088,1,Có,Có,14,3,4,80,1,3,2,3,3,1,0,2
18,Có,Không_công_tác,247,Nghiên_cứu_và_Phát_triển,8,1,Y_khoa,1,1156,3,Nam,80,3,1,Kỹ_thuật_viên_phòng_thí_nghiệm,3,Độc_thân,1904,13556,1,Có,Không,12,3,4,80,0,0,0,3,0,0,0,0
33,Có,Ít_khi_công_tác,603,Kinh_doanh,9,4,Tiếp_thị,1,1157,1,Nữ,77,3,2,Chuyên_viên_kinh_doanh,1,Độc_thân,8224,18385,0,Có,Có,17,3,1,80,0,6,3,3,5,2,0,3
41,Không,Ít_khi_công_tác,167,Nghiên_cứu_và_Phát_triển,12,4,Khoa_học_sự_sống,1,1158,2,Nam,46,3,1,Kỹ_thuật_viên_phòng_thí_nghiệm,4,Đã_kết_hôn,4766,9051,3,Có,Có,11,3,1,80,1,6,4,3,1,0,0,0
31,Có,Thường_xuyên_công_tác,874,Nghiên_cứu_và_Phát_triển,15,3,Y_khoa,1,1160,3,Nam,72,3,1,Kỹ_thuật_viên_phòng_thí_nghiệm,3,Đã_kết_hôn,2610,6233,1,Có,Không,12,3,3,80,1,2,5,2,2,2,2,2
37,Không,Ít_khi_công_tác,367,Nghiên_cứu_và_Phát_triển,25,2,Y_khoa,1,1161,3,Nữ,52,2,2,Đại_diện_chăm_sóc_sức_khỏe,4,Ly_hôn,5731,17171,7,Có,Không,13,3,3,80,2,9,2,3,6,2,1,3
27,Không,Ít_khi_công_tác,199,Nghiên_cứu_và_Phát_triển,6,3,Khoa_học_sự_sống,1,1162,4,Nam,55,2,1,Nhà_nghiên_cứu_khoa_học,3,Đã_kết_hôn,2539,7950,1,Có,Không,13,3,3,80,1,4,0,3,4,2,2,2
34,Không,Ít_khi_công_tác,1400,Kinh_doanh,9,1,Khoa_học_sự_sống,1,1163,2,Nữ,70,3,2,Chuyên_viên_kinh_doanh,3,Đã_kết_hôn,5714,5829,1,Có,Không,20,4,1,80,0,6,3,2,6,5,1,3
35,Không,Ít_khi_công_tác,528,Nhân_sự,8,4,Bằng_kỹ_thuật,1,1164,3,Nam,100,3,1,Nhân_sự,3,Độc_thân,4323,7108,1,Có,Không,17,3,2,80,0,6,2,1,5,4,1,4
29,Có,Ít_khi_công_tác,408,Kinh_doanh,23,1,Khoa_học_sự_sống,1,1165,4,Nữ,45,2,3,Chuyên_viên_kinh_doanh,1,Đã_kết_hôn,7336,11162,1,Có,Không,13,3,1,80,1,11,3,1,11,8,3,10
40,Không,Thường_xuyên_công_tác,593,Nghiên_cứu_và_Phát_triển,9,4,Y_khoa,1,1166,2,Nữ,88,3,3,Giám_đốc_nghiên_cứu,3,Độc_thân,13499,13782,9,Có,Không,17,3,3,80,0,20,3,2,18,7,2,13
42,Có,Thường_xuyên_công_tác,481,Kinh_doanh,12,3,Khoa_học_sự_sống,1,1167,3,Nam,44,3,4,Chuyên_viên_kinh_doanh,1,Độc_thân,13758,2447,0,Có,Có,12,3,2,80,0,22,2,2,21,9,13,14
42,Không,Ít_khi_công_tác,647,Kinh_doanh,4,4,Tiếp_thị,1,1171,2,Nam,45,3,2,Chuyên_viên_kinh_doanh,1,Độc_thân,5155,2253,7,Có,Không,13,3,4,80,0,9,3,4,6,4,1,5
35,Không,Ít_khi_công_tác,982,Nghiên_cứu_và_Phát_triển,1,4,Y_khoa,1,1172,4,Nam,58,2,1,Kỹ_thuật_viên_phòng_thí_nghiệm,3,Đã_kết_hôn,2258,16340,6,Có,Không,12,3,2,80,1,10,2,3,8,0,1,7
24,Không,Ít_khi_công_tác,477,Nghiên_cứu_và_Phát_triển,24,3,Y_khoa,1,1173,4,Nam,49,3,1,Kỹ_thuật_viên_phòng_thí_nghiệm,2,Độc_thân,3597,6409,8,Có,Không,22,4,4,80,0,6,2,3,4,3,1,2
28,Có,Ít_khi_công_tác,1485,Nghiên_cứu_và_Phát_triển,12,1,Khoa_học_sự_sống,1,1175,3,Nữ,79,3,1,Kỹ_thuật_viên_phòng_thí_nghiệm,4,Đã_kết_hôn,2515,22955,1,Có,Có,11,3,4,80,0,1,4,2,1,1,0,0
26,Không,Ít_khi_công_tác,1384,Nghiên_cứu_và_Phát_triển,3,4,Y_khoa,1,1177,1,Nam,82,4,1,Kỹ_thuật_viên_phòng_thí_nghiệm,4,Đã_kết_hôn,4420,13421,1,Có,Không,22,4,2,80,1,8,2,3,8,7,0,7
30,Không,Ít_khi_công_tác,852,Kinh_doanh,10,3,Tiếp_thị,1,1179,3,Nam,72,2,2,Chuyên_viên_kinh_doanh,3,Đã_kết_hôn,6578,2706,1,Có,Không,18,3,1,80,1,10,3,3,10,3,1,4
40,Không,Thường_xuyên_công_tác,902,Nghiên_cứu_và_Phát_triển,26,2,Y_khoa,1,1180,3,Nữ,92,2,2,Nhà_nghiên_cứu_khoa_học,4,Đã_kết_hôn,4422,21203,3,Có,Có,13,3,4,80,1,16,3,1,1,1,0,0
35,Không,Ít_khi_công_tác,819,Nghiên_cứu_và_Phát_triển,2,3,Khoa_học_sự_sống,1,1182,3,Nam,44,2,3,Giám_đốc_sản_xuất,2,Ly_hôn,10274,19588,2,Có,Không,18,3,2,80,1,15,2,4,7,7,6,4
34,Không,Thường_xuyên_công_tác,669,Nghiên_cứu_và_Phát_triển,1,3,Y_khoa,1,1184,4,Nam,97,2,2,Đại_diện_chăm_sóc_sức_khỏe,1,Độc_thân,5343,25755,0,Có,Không,20,4,3,80,0,14,3,3,13,9,4,9
35,Không,Thường_xuyên_công_tác,636,Nghiên_cứu_và_Phát_triển,4,4,Khác,1,1185,4,Nam,47,2,1,Kỹ_thuật_viên_phòng_thí_nghiệm,4,Đã_kết_hôn,2376,26537,1,Có,Không,13,3,2,80,1,2,2,4,2,2,2,2
43,Có,Ít_khi_công_tác,1372,Kinh_doanh,9,3,Tiếp_thị,1,1188,1,Nữ,85,1,2,Chuyên_viên_kinh_doanh,3,Độc_thân,5346,9489,8,Có,Không,13,3,2,80,0,7,2,2,4,3,1,3
32,Không,Không_công_tác,862,Kinh_doanh,2,1,Khoa_học_sự_sống,1,1190,3,Nữ,76,3,1,Đại_diện_kinh_doanh,1,Ly_hôn,2827,14947,1,Có,Không,12,3,3,80,3,1,3,3,1,0,0,0
56,Không,Ít_khi_công_tác,718,Nghiên_cứu_và_Phát_triển,4,4,Bằng_kỹ_thuật,1,1191,4,Nữ,92,3,5,Quản_lý,1,Ly_hôn,19943,18575,4,Có,Không,13,3,4,80,1,28,2,3,5,2,4,2
29,Không,Ít_khi_công_tác,1401,Nghiên_cứu_và_Phát_triển,6,1,Y_khoa,1,1192,2,Nữ,54,3,1,Kỹ_thuật_viên_phòng_thí_nghiệm,4,Đã_kết_hôn,3131,26342,1,Có,Không,13,3,1,80,1,10,5,3,10,8,0,8
19,Không,Ít_khi_công_tác,645,Nghiên_cứu_và_Phát_triển,9,2,Khoa_học_sự_sống,1,1193,3,Nam,54,3,1,Nhà_nghiên_cứu_khoa_học,1,Độc_thân,2552,7172,1,Có,Không,25,4,3,80,0,1,4,3,1,1,0,0
45,Không,Ít_khi_công_tác,1457,Nghiên_cứu_và_Phát_triển,7,3,Y_khoa,1,1195,1,Nữ,83,3,1,Nhà_nghiên_cứu_khoa_học,3,Đã_kết_hôn,4477,20100,4,Có,Có,19,3,3,80,1,7,2,2,3,2,0,2
37,Không,Ít_khi_công_tác,977,Nghiên_cứu_và_Phát_triển,1,3,Khoa_học_sự_sống,1,1196,4,Nữ,56,2,2,Giám_đốc_sản_xuất,4,Đã_kết_hôn,6474,9961,1,Có,Không,13,3,2,80,1,14,2,2,14,8,3,11
20,Không,Ít_khi_công_tác,805,Nghiên_cứu_và_Phát_triển,3,3,Khoa_học_sự_sống,1,1198,1,Nam,87,2,1,Kỹ_thuật_viên_phòng_thí_nghiệm,3,Độc_thân,3033,12828,1,Có,Không,12,3,1,80,0,2,2,2,2,2,1,2
44,Có,Ít_khi_công_tác,1097,Nghiên_cứu_và_Phát_triển,10,4,Khoa_học_sự_sống,1,1200,3,Nam,96,3,1,Nhà_nghiên_cứu_khoa_học,3,Độc_thân,2936,10826,1,Có,Có,11,3,3,80,0,6,4,3,6,4,0,2
53,Không,Ít_khi_công_tác,1223,Nghiên_cứu_và_Phát_triển,7,2,Y_khoa,1,1201,4,Nữ,50,3,5,Quản_lý,3,Ly_hôn,18606,18640,3,Có,Không,18,3,2,80,1,26,6,3,7,7,4,7
29,Không,Ít_khi_công_tác,942,Nghiên_cứu_và_Phát_triển,15,1,Khoa_học_sự_sống,1,1202,2,Nữ,69,1,1,Nhà_nghiên_cứu_khoa_học,4,Đã_kết_hôn,2168,26933,0,Có,Có,18,3,1,80,1,6,2,2,5,4,1,3
22,Có,Thường_xuyên_công_tác,1256,Nghiên_cứu_và_Phát_triển,3,4,Khoa_học_sự_sống,1,1203,3,Nam,48,2,1,Nhà_nghiên_cứu_khoa_học,4,Đã_kết_hôn,2853,4223,0,Có,Có,11,3,2,80,1,1,5,3,0,0,0,0
46,Không,Ít_khi_công_tác,1402,Kinh_doanh,2,3,Tiếp_thị,1,1204,3,Nữ,69,3,4,Quản_lý,1,Đã_kết_hôn,17048,24097,8,Có,Không,23,4,1,80,0,28,2,3,26,15,15,9
44,Không,Không_công_tác,111,Nghiên_cứu_và_Phát_triển,17,3,Khoa_học_sự_sống,1,1206,4,Nam,74,1,1,Nhà_nghiên_cứu_khoa_học,3,Độc_thân,2290,4279,2,Có,Không,13,3,4,80,0,6,3,3,0,0,0,0
33,Không,Ít_khi_công_tác,147,Nhân_sự,2,3,Nhân_sự,1,1207,2,Nam,99,3,1,Nhân_sự,3,Đã_kết_hôn,3600,8429,1,Có,Không,13,3,4,80,1,5,2,3,5,4,1,4
41,Có,Không_công_tác,906,Nghiên_cứu_và_Phát_triển,5,2,Khoa_học_sự_sống,1,1210,1,Nam,95,2,1,Nhà_nghiên_cứu_khoa_học,1,Ly_hôn,2107,20293,6,Có,Không,17,3,1,80,1,5,2,1,1,0,0,0
30,Không,Ít_khi_công_tác,1329,Kinh_doanh,29,4,Khoa_học_sự_sống,1,1211,3,Nam,61,3,2,Chuyên_viên_kinh_doanh,1,Ly_hôn,4115,13192,8,Có,Không,19,3,3,80,3,8,3,3,4,3,0,3
40,Không,Thường_xuyên_công_tác,1184,Kinh_doanh,2,4,Y_khoa,1,1212,2,Nam,62,3,2,Chuyên_viên_kinh_doanh,2,Đã_kết_hôn,4327,25440,5,Có,Không,12,3,4,80,3,5,2,3,0,0,0,0
50,Không,Thường_xuyên_công_tác,1421,Nghiên_cứu_và_Phát_triển,2,3,Y_khoa,1,1215,4,Nữ,30,3,4,Quản_lý,1,Đã_kết_hôn,17856,9490,2,Có,Không,22,4,3,80,1,32,3,3,2,2,2,2
28,Không,Ít_khi_công_tác,1179,Nghiên_cứu_và_Phát_triển,19,4,Y_khoa,1,1216,4,Nam,78,2,1,Kỹ_thuật_viên_phòng_thí_nghiệm,1,Đã_kết_hôn,3196,12449,1,Có,Không,12,3,3,80,3,6,2,3,6,5,3,3
46,Không,Ít_khi_công_tác,1450,Nghiên_cứu_và_Phát_triển,15,2,Khoa_học_sự_sống,1,1217,4,Nam,52,3,5,Giám_đốc_nghiên_cứu,2,Đã_kết_hôn,19081,10849,5,Có,Không,11,3,1,80,1,25,2,3,4,2,0,3
35,Không,Ít_khi_công_tác,1361,Kinh_doanh,17,4,Khoa_học_sự_sống,1,1218,3,Nam,94,3,2,Chuyên_viên_kinh_doanh,1,Đã_kết_hôn,8966,21026,3,Có,Có,15,3,4,80,3,15,2,3,7,7,1,7
24,Có,Ít_khi_công_tác,984,Nghiên_cứu_và_Phát_triển,17,2,Khoa_học_sự_sống,1,1219,4,Nữ,97,3,1,Kỹ_thuật_viên_phòng_thí_nghiệm,2,Đã_kết_hôn,2210,3372,1,Có,Không,13,3,1,80,1,1,3,1,1,0,0,0
33,Không,Thường_xuyên_công_tác,1146,Kinh_doanh,25,3,Y_khoa,1,1220,2,Nữ,82,3,2,Chuyên_viên_kinh_doanh,3,Đã_kết_hôn,4539,4905,1,Có,Không,12,3,1,80,1,10,3,2,10,7,0,1
36,Không,Ít_khi_công_tác,917,Nghiên_cứu_và_Phát_triển,6,4,Khoa_học_sự_sống,1,1221,3,Nam,60,1,1,Kỹ_thuật_viên_phòng_thí_nghiệm,3,Ly_hôn,2741,6865,1,Có,Không,14,3,3,80,1,7,4,3,7,7,1,7
30,Không,Ít_khi_công_tác,853,Nghiên_cứu_và_Phát_triển,7,4,Khoa_học_sự_sống,1,1224,3,Nam,49,3,2,Kỹ_thuật_viên_phòng_thí_nghiệm,3,Ly_hôn,3491,11309,1,Có,Không,13,3,1,80,3,10,4,2,10,7,8,9
44,Không,Ít_khi_công_tác,200,Nghiên_cứu_và_Phát_triển,29,4,Khác,1,1225,4,Nam,32,3,2,Nhà_nghiên_cứu_khoa_học,4,Độc_thân,4541,7744,1,Có,Không,25,4,2,80,0,20,3,3,20,11,13,17
20,Không,Ít_khi_công_tác,654,Kinh_doanh,21,3,Tiếp_thị,1,1226,3,Nam,43,4,1,Đại_diện_kinh_doanh,4,Độc_thân,2678,5050,1,Có,Không,17,3,4,80,0,2,2,3,2,1,2,2
46,Không,Ít_khi_công_tác,150,Nghiên_cứu_và_Phát_triển,2,4,Bằng_kỹ_thuật,1,1228,4,Nam,60,3,2,Giám_đốc_sản_xuất,4,Ly_hôn,7379,17433,2,Có,Không,11,3,3,80,1,12,3,2,6,3,1,4
42,Không,Không_công_tác,179,Nhân_sự,2,5,Y_khoa,1,1231,4,Nam,79,4,2,Nhân_sự,1,Đã_kết_hôn,6272,12858,7,Có,Không,16,3,1,80,1,10,3,4,4,3,0,3
60,Không,Ít_khi_công_tác,696,Kinh_doanh,7,4,Tiếp_thị,1,1233,2,Nam,52,4,2,Chuyên_viên_kinh_doanh,4,Ly_hôn,5220,10893,0,Có,Có,18,3,2,80,1,12,3,3,11,7,1,9
32,Không,Thường_xuyên_công_tác,116,Nghiên_cứu_và_Phát_triển,13,3,Khác,1,1234,3,Nữ,77,2,1,Kỹ_thuật_viên_phòng_thí_nghiệm,2,Đã_kết_hôn,2743,7331,1,Có,Không,20,4,3,80,1,2,2,3,2,2,2,2
32,Không,Thường_xuyên_công_tác,1316,Nghiên_cứu_và_Phát_triển,2,2,Khoa_học_sự_sống,1,1235,4,Nữ,38,3,2,Nhà_nghiên_cứu_khoa_học,3,Độc_thân,4998,2338,4,Có,Có,14,3,4,80,0,10,2,3,8,7,0,7
36,Không,Ít_khi_công_tác,363,Nghiên_cứu_và_Phát_triển,1,3,Bằng_kỹ_thuật,1,1237,3,Nữ,77,1,3,Giám_đốc_sản_xuất,1,Ly_hôn,10252,4235,2,Có,Có,21,4,3,80,1,17,2,3,7,7,7,7
33,Không,Ít_khi_công_tác,117,Nghiên_cứu_và_Phát_triển,9,3,Y_khoa,1,1238,1,Nam,60,3,1,Nhà_nghiên_cứu_khoa_học,4,Đã_kết_hôn,2781,6311,0,Có,Không,13,3,2,80,1,15,5,3,14,10,4,10
40,Không,Ít_khi_công_tác,107,Kinh_doanh,10,3,Bằng_kỹ_thuật,1,1239,2,Nữ,84,2,2,Chuyên_viên_kinh_doanh,2,Ly_hôn,6852,11591,7,Có,Không,12,3,2,80,1,7,2,4,5,1,1,3
25,Không,Ít_khi_công_tác,1356,Kinh_doanh,10,4,Khoa_học_sự_sống,1,1240,3,Nam,57,3,2,Chuyên_viên_kinh_doanh,4,Độc_thân,4950,20623,0,Có,Không,14,3,2,80,0,5,4,3,4,3,1,1
30,Không,Ít_khi_công_tác,1465,Nghiên_cứu_và_Phát_triển,1,3,Y_khoa,1,1241,4,Nam,63,3,1,Nhà_nghiên_cứu_khoa_học,2,Đã_kết_hôn,3579,9369,0,Có,Có,21,4,1,80,1,12,2,3,11,9,5,7
42,Không,Thường_xuyên_công_tác,458,Nghiên_cứu_và_Phát_triển,26,5,Y_khoa,1,1242,1,Nữ,60,3,3,Giám_đốc_nghiên_cứu,1,Đã_kết_hôn,13191,23281,3,Có,Có,17,3,3,80,0,20,6,3,1,0,0,0
35,Không,Không_công_tác,1212,Kinh_doanh,8,2,Tiếp_thị,1,1243,3,Nữ,78,2,3,Chuyên_viên_kinh_doanh,4,Đã_kết_hôn,10377,13755,4,Có,Có,11,3,2,80,1,16,6,2,13,2,4,12
27,Không,Ít_khi_công_tác,1103,Nghiên_cứu_và_Phát_triển,14,3,Khoa_học_sự_sống,1,1244,1,Nam,42,3,1,Nhà_nghiên_cứu_khoa_học,1,Đã_kết_hôn,2235,14377,1,Có,Có,14,3,4,80,2,9,3,2,9,7,6,8
54,Không,Thường_xuyên_công_tác,966,Nghiên_cứu_và_Phát_triển,1,4,Khoa_học_sự_sống,1,1245,4,Nữ,53,3,3,Giám_đốc_sản_xuất,3,Ly_hôn,10502,9659,7,Có,Không,17,3,1,80,1,33,2,1,5,4,1,4
44,Không,Ít_khi_công_tác,1117,Nghiên_cứu_và_Phát_triển,2,1,Khoa_học_sự_sống,1,1246,1,Nữ,72,4,1,Nhà_nghiên_cứu_khoa_học,4,Đã_kết_hôn,2011,19982,1,Có,Không,13,3,4,80,1,10,5,3,10,5,7,7
19,Có,Không_công_tác,504,Nghiên_cứu_và_Phát_triển,10,3,Y_khoa,1,1248,1,Nữ,96,2,1,Nhà_nghiên_cứu_khoa_học,2,Độc_thân,1859,6148,1,Có,Có,25,4,2,80,0,1,2,4,1,1,0,0
29,Không,Ít_khi_công_tác,1010,Nghiên_cứu_và_Phát_triển,1,3,Khoa_học_sự_sống,1,1249,1,Nữ,97,3,1,Nhà_nghiên_cứu_khoa_học,4,Ly_hôn,3760,5598,1,Có,Không,15,3,1,80,3,3,5,3,3,2,1,2
54,Không,Ít_khi_công_tác,685,Nghiên_cứu_và_Phát_triển,3,3,Khoa_học_sự_sống,1,1250,4,Nam,85,3,4,Giám_đốc_nghiên_cứu,4,Đã_kết_hôn,17779,23474,3,Có,Không,14,3,1,80,0,36,2,3,10,9,0,9
31,Không,Ít_khi_công_tác,1332,Nghiên_cứu_và_Phát_triển,11,2,Y_khoa,1,1251,3,Nam,80,3,2,Đại_diện_chăm_sóc_sức_khỏe,1,Đã_kết_hôn,6833,17089,1,Có,Có,12,3,4,80,0,6,2,2,6,5,0,1
31,Không,Ít_khi_công_tác,1062,Nghiên_cứu_và_Phát_triển,24,3,Y_khoa,1,1252,3,Nữ,96,2,2,Đại_diện_chăm_sóc_sức_khỏe,1,Độc_thân,6812,17198,1,Có,Không,19,3,2,80,0,10,2,3,10,9,1,8
59,Không,Ít_khi_công_tác,326,Kinh_doanh,3,3,Khoa_học_sự_sống,1,1254,3,Nữ,48,2,2,Chuyên_viên_kinh_doanh,4,Độc_thân,5171,16490,5,Có,Không,17,3,4,80,0,13,2,3,6,1,0,5
43,Không,Ít_khi_công_tác,920,Nghiên_cứu_và_Phát_triển,3,3,Khoa_học_sự_sống,1,1255,3,Nam,96,1,5,Giám_đốc_nghiên_cứu,4,Đã_kết_hôn,19740,18625,3,Có,Không,14,3,2,80,1,25,2,3,8,7,0,7
49,Không,Ít_khi_công_tác,1098,Nghiên_cứu_và_Phát_triển,4,2,Y_khoa,1,1256,1,Nam,85,2,5,Quản_lý,3,Đã_kết_hôn,18711,12124,2,Có,Không,13,3,3,80,1,23,2,4,1,0,0,0
36,Không,Thường_xuyên_công_tác,469,Nghiên_cứu_và_Phát_triển,3,3,Bằng_kỹ_thuật,1,1257,3,Nam,46,3,1,Nhà_nghiên_cứu_khoa_học,2,Đã_kết_hôn,3692,9256,1,Có,Không,12,3,3,80,0,12,2,2,11,10,0,7
48,Không,Ít_khi_công_tác,969,Nghiên_cứu_và_Phát_triển,2,2,Bằng_kỹ_thuật,1,1258,4,Nam,76,4,1,Kỹ_thuật_viên_phòng_thí_nghiệm,2,Độc_thân,2559,16620,5,Có,Không,11,3,3,80,0,7,4,2,1,0,0,0
27,Không,Ít_khi_công_tác,1167,Nghiên_cứu_và_Phát_triển,4,2,Khoa_học_sự_sống,1,1259,1,Nam,76,3,1,Nhà_nghiên_cứu_khoa_học,3,Ly_hôn,2517,3208,1,Có,Không,11,3,2,80,3,5,2,3,5,3,0,3
29,Không,Ít_khi_công_tác,1329,Nghiên_cứu_và_Phát_triển,7,3,Khoa_học_sự_sống,1,1260,3,Nam,82,3,2,Đại_diện_chăm_sóc_sức_khỏe,4,Ly_hôn,6623,4204,1,Có,Có,11,3,2,80,2,6,2,3,6,0,1,0
48,Không,Ít_khi_công_tác,715,Nghiên_cứu_và_Phát_triển,1,3,Khoa_học_sự_sống,1,1263,4,Nam,76,2,5,Giám_đốc_nghiên_cứu,4,Độc_thân,18265,8733,6,Có,Không,12,3,3,80,0,25,3,4,1,0,0,0
29,Không,Ít_khi_công_tác,694,Nghiên_cứu_và_Phát_triển,1,3,Khoa_học_sự_sống,1,1264,4,Nữ,87,2,4,Giám_đốc_nghiên_cứu,4,Ly_hôn,16124,3423,3,Có,Không,14,3,2,80,2,9,2,2,7,7,1,7
34,Không,Ít_khi_công_tác,1320,Nghiên_cứu_và_Phát_triển,20,3,Bằng_kỹ_thuật,1,1265,3,Nữ,89,4,1,Nhà_nghiên_cứu_khoa_học,3,Đã_kết_hôn,2585,21643,0,Có,Không,17,3,4,80,0,2,5,2,1,0,0,0
44,Không,Ít_khi_công_tác,1099,Kinh_doanh,5,3,Tiếp_thị,1,1267,2,Nam,88,3,5,Quản_lý,2,Đã_kết_hôn,18213,8751,7,Có,Không,11,3,3,80,1,26,5,3,22,9,3,10
33,Không,Ít_khi_công_tác,536,Kinh_doanh,10,5,Tiếp_thị,1,1268,4,Nam,82,4,3,Chuyên_viên_kinh_doanh,3,Ly_hôn,8380,21708,0,Có,Có,14,3,4,80,2,10,3,3,9,8,0,8
19,Không,Ít_khi_công_tác,265,Nghiên_cứu_và_Phát_triển,25,3,Khoa_học_sự_sống,1,1269,2,Nữ,57,4,1,Nhà_nghiên_cứu_khoa_học,4,Độc_thân,2994,21221,1,Có,Có,12,3,4,80,0,1,2,3,1,0,0,1
23,Không,Ít_khi_công_tác,373,Nghiên_cứu_và_Phát_triển,1,2,Khoa_học_sự_sống,1,1270,4,Nam,47,3,1,Nhà_nghiên_cứu_khoa_học,3,Đã_kết_hôn,1223,16901,1,Có,Không,22,4,4,80,1,1,2,3,1,0,0,1
25,Có,Thường_xuyên_công_tác,599,Kinh_doanh,24,1,Khoa_học_sự_sống,1,1273,3,Nam,73,1,1,Đại_diện_kinh_doanh,4,Độc_thân,1118,8040,1,Có,Có,14,3,4,80,0,1,4,3,1,0,1,0
26,Không,Ít_khi_công_tác,583,Nghiên_cứu_và_Phát_triển,4,2,Khoa_học_sự_sống,1,1275,3,Nam,53,3,1,Nhà_nghiên_cứu_khoa_học,4,Độc_thân,2875,9973,1,Có,Có,20,4,2,80,0,8,2,2,8,5,2,2
45,Có,Ít_khi_công_tác,1449,Kinh_doanh,2,3,Tiếp_thị,1,1277,1,Nữ,94,1,5,Quản_lý,2,Độc_thân,18824,2493,2,Có,Có,16,3,1,80,0,26,2,3,24,10,1,11
55,Không,Không_công_tác,177,Nghiên_cứu_và_Phát_triển,8,1,Y_khoa,1,1278,4,Nam,37,2,4,Đại_diện_chăm_sóc_sức_khỏe,2,Ly_hôn,13577,25592,1,Có,Có,15,3,4,80,1,34,3,3,33,9,15,0
21,Có,Thường_xuyên_công_tác,251,Nghiên_cứu_và_Phát_triển,10,2,Khoa_học_sự_sống,1,1279,1,Nữ,45,2,1,Kỹ_thuật_viên_phòng_thí_nghiệm,3,Độc_thân,2625,25308,1,Có,Không,20,4,3,80,0,2,2,1,2,2,2,2
46,Không,Ít_khi_công_tác,168,Kinh_doanh,4,2,Tiếp_thị,1,1280,4,Nữ,33,2,5,Quản_lý,2,Đã_kết_hôn,18789,9946,2,Có,Không,14,3,3,80,1,26,2,3,11,4,0,8
34,Không,Ít_khi_công_tác,131,Kinh_doanh,2,3,Tiếp_thị,1,1281,3,Nữ,86,3,2,Chuyên_viên_kinh_doanh,1,Độc_thân,4538,6039,0,Có,Có,12,3,4,80,0,4,3,3,3,2,0,2
51,Không,Thường_xuyên_công_tác,237,Kinh_doanh,9,3,Khoa_học_sự_sống,1,1282,4,Nam,83,3,5,Quản_lý,2,Ly_hôn,19847,19196,4,Có,Có,24,4,1,80,1,31,5,2,29,10,11,10
59,Không,Ít_khi_công_tác,1429,Nghiên_cứu_và_Phát_triển,18,4,Y_khoa,1,1283,4,Nam,67,3,3,Giám_đốc_sản_xuất,4,Độc_thân,10512,20002,6,Có,Không,12,3,4,80,0,25,6,2,9,7,5,4
34,Không,Thường_xuyên_công_tác,135,Nghiên_cứu_và_Phát_triển,19,3,Y_khoa,1,1285,3,Nữ,46,3,2,Kỹ_thuật_viên_phòng_thí_nghiệm,2,Ly_hôn,4444,22534,4,Có,Không,13,3,3,80,2,15,2,4,11,8,5,10
28,Không,Thường_xuyên_công_tác,791,Nghiên_cứu_và_Phát_triển,1,4,Y_khoa,1,1286,4,Nam,44,3,1,Kỹ_thuật_viên_phòng_thí_nghiệm,3,Độc_thân,2154,6842,0,Có,Có,11,3,3,80,0,5,2,2,4,2,0,2
44,Không,Ít_khi_công_tác,1199,Nghiên_cứu_và_Phát_triển,4,2,Khoa_học_sự_sống,1,1288,3,Nam,92,4,5,Quản_lý,1,Ly_hôn,19190,17477,1,Có,Không,14,3,4,80,2,26,4,2,25,9,14,13
34,Không,Thường_xuyên_công_tác,648,Nhân_sự,11,3,Khoa_học_sự_sống,1,1289,3,Nam,56,2,2,Nhân_sự,2,Đã_kết_hôn,4490,21833,4,Có,Không,11,3,4,80,2,14,5,4,10,9,1,8
35,Không,Ít_khi_công_tác,735,Nghiên_cứu_và_Phát_triển,6,1,Khoa_học_sự_sống,1,1291,3,Nam,66,3,1,Nhà_nghiên_cứu_khoa_học,3,Đã_kết_hôn,3506,6020,0,Có,Có,14,3,4,80,0,4,3,3,3,2,2,2
42,Không,Ít_khi_công_tác,603,Nghiên_cứu_và_Phát_triển,7,4,Y_khoa,1,1292,2,Nữ,78,4,2,Nhà_nghiên_cứu_khoa_học,2,Đã_kết_hôn,2372,5628,6,Có,Có,16,3,4,80,0,18,2,3,1,0,0,0
43,Không,Ít_khi_công_tác,531,Kinh_doanh,4,4,Tiếp_thị,1,1293,4,Nữ,56,2,3,Chuyên_viên_kinh_doanh,4,Độc_thân,10231,20364,3,Có,Không,14,3,4,80,0,23,3,4,21,7,15,17
36,Không,Ít_khi_công_tác,429,Nghiên_cứu_và_Phát_triển,2,4,Khoa_học_sự_sống,1,1294,3,Nữ,53,3,2,Giám_đốc_sản_xuất,2,Độc_thân,5410,2323,9,Có,Có,11,3,4,80,0,18,2,3,16,14,5,12
44,Có,Ít_khi_công_tác,621,Nghiên_cứu_và_Phát_triển,15,3,Y_khoa,1,1295,1,Nữ,73,3,3,Đại_diện_chăm_sóc_sức_khỏe,4,Đã_kết_hôn,7978,14075,1,Có,Không,11,3,4,80,1,10,2,3,10,7,0,5
28,Không,Thường_xuyên_công_tác,193,Nghiên_cứu_và_Phát_triển,2,3,Khoa_học_sự_sống,1,1296,4,Nam,52,2,1,Kỹ_thuật_viên_phòng_thí_nghiệm,4,Đã_kết_hôn,3867,14222,1,Có,Có,12,3,2,80,1,2,2,3,2,2,2,2
51,Không,Thường_xuyên_công_tác,968,Nghiên_cứu_và_Phát_triển,6,2,Y_khoa,1,1297,2,Nữ,40,2,1,Kỹ_thuật_viên_phòng_thí_nghiệm,3,Độc_thân,2838,4257,0,Có,Không,14,3,2,80,0,8,6,2,7,0,7,7
30,Không,Không_công_tác,879,Nghiên_cứu_và_Phát_triển,9,2,Y_khoa,1,1298,3,Nữ,72,3,2,Giám_đốc_sản_xuất,3,Độc_thân,4695,12858,7,Có,Có,18,3,3,80,0,10,3,3,8,4,1,7
29,Có,Ít_khi_công_tác,806,Nghiên_cứu_và_Phát_triển,7,3,Bằng_kỹ_thuật,1,1299,2,Nữ,39,3,1,Kỹ_thuật_viên_phòng_thí_nghiệm,3,Ly_hôn,3339,17285,3,Có,Có,13,3,1,80,2,10,2,3,7,7,7,7
28,Không,Ít_khi_công_tác,640,Nghiên_cứu_và_Phát_triển,1,3,Bằng_kỹ_thuật,1,1301,4,Nam,84,3,1,Nhà_nghiên_cứu_khoa_học,1,Độc_thân,2080,4732,2,Có,Không,11,3,2,80,0,5,2,2,3,2,1,2
25,Không,Ít_khi_công_tác,266,Nghiên_cứu_và_Phát_triển,1,3,Y_khoa,1,1303,4,Nữ,40,3,1,Nhà_nghiên_cứu_khoa_học,2,Độc_thân,2096,18830,1,Có,Không,18,3,4,80,0,2,3,2,2,2,2,1
32,Không,Ít_khi_công_tác,604,Kinh_doanh,8,3,Y_khoa,1,1304,3,Nam,56,4,2,Chuyên_viên_kinh_doanh,4,Đã_kết_hôn,6209,11693,1,Có,Không,15,3,3,80,2,10,4,4,10,7,0,8
45,Không,Thường_xuyên_công_tác,364,Nghiên_cứu_và_Phát_triển,25,3,Y_khoa,1,1306,2,Nữ,83,3,5,Quản_lý,2,Độc_thân,18061,13035,3,Có,Không,22,4,3,80,0,22,4,3,0,0,0,0
39,Không,Ít_khi_công_tác,412,Nghiên_cứu_và_Phát_triển,13,4,Y_khoa,1,1307,3,Nữ,94,2,4,Quản_lý,2,Ly_hôn,17123,17334,6,Có,Có,13,3,4,80,2,21,4,3,19,9,15,2
58,Không,Ít_khi_công_tác,848,Nghiên_cứu_và_Phát_triển,23,4,Khoa_học_sự_sống,1,1308,1,Nam,88,3,1,Nhà_nghiên_cứu_khoa_học,3,Ly_hôn,2372,26076,1,Có,Không,12,3,4,80,2,2,3,3,2,2,2,2
32,Có,Ít_khi_công_tác,1089,Nghiên_cứu_và_Phát_triển,7,2,Khoa_học_sự_sống,1,1309,4,Nam,79,3,2,Kỹ_thuật_viên_phòng_thí_nghiệm,3,Đã_kết_hôn,4883,22845,1,Có,Không,18,3,1,80,1,10,3,3,10,4,1,1
39,Có,Ít_khi_công_tác,360,Nghiên_cứu_và_Phát_triển,23,3,Y_khoa,1,1310,3,Nam,93,3,1,Nhà_nghiên_cứu_khoa_học,1,Độc_thân,3904,22154,0,Có,Không,13,3,1,80,0,6,2,3,5,2,0,3
30,Không,Ít_khi_công_tác,1138,Nghiên_cứu_và_Phát_triển,6,3,Bằng_kỹ_thuật,1,1311,1,Nữ,48,2,2,Kỹ_thuật_viên_phòng_thí_nghiệm,4,Đã_kết_hôn,4627,23631,0,Có,Không,12,3,1,80,1,10,6,3,9,2,6,7
36,Không,Ít_khi_công_tác,325,Nghiên_cứu_và_Phát_triển,10,4,Bằng_kỹ_thuật,1,1312,4,Nữ,63,3,3,Đại_diện_chăm_sóc_sức_khỏe,3,Đã_kết_hôn,7094,5747,3,Có,Không,12,3,1,80,0,10,0,3,7,7,1,7
46,Không,Ít_khi_công_tác,991,Nhân_sự,1,2,Khoa_học_sự_sống,1,1314,4,Nữ,44,3,1,Nhân_sự,1,Độc_thân,3423,22957,6,Có,Không,12,3,3,80,0,10,3,4,7,6,5,7
28,Không,Không_công_tác,1476,Nghiên_cứu_và_Phát_triển,1,3,Khoa_học_sự_sống,1,1315,3,Nữ,55,1,2,Kỹ_thuật_viên_phòng_thí_nghiệm,4,Đã_kết_hôn,6674,16392,0,Có,Không,11,3,1,80,3,10,6,3,9,8,7,5
50,Không,Ít_khi_công_tác,1322,Nghiên_cứu_và_Phát_triển,28,3,Khoa_học_sự_sống,1,1317,4,Nữ,43,3,4,Giám_đốc_nghiên_cứu,1,Đã_kết_hôn,16880,22422,4,Có,Có,11,3,2,80,0,25,2,3,3,2,1,2
40,Có,Ít_khi_công_tác,299,Kinh_doanh,25,4,Tiếp_thị,1,1318,4,Nam,57,2,3,Chuyên_viên_kinh_doanh,2,Độc_thân,9094,17235,2,Có,Có,12,3,3,80,0,9,2,3,5,4,1,0
52,Có,Ít_khi_công_tác,1030,Kinh_doanh,5,3,Khoa_học_sự_sống,1,1319,2,Nam,64,3,3,Chuyên_viên_kinh_doanh,2,Độc_thân,8446,21534,9,Có,Có,19,3,3,80,0,10,2,2,8,7,7,7
30,Không,Ít_khi_công_tác,634,Nghiên_cứu_và_Phát_triển,17,4,Y_khoa,1,1321,2,Nữ,95,3,3,Quản_lý,1,Đã_kết_hôn,11916,25927,1,Có,Có,23,4,4,80,2,9,2,3,9,1,0,8
39,Không,Ít_khi_công_tác,524,Nghiên_cứu_và_Phát_triển,18,2,Khoa_học_sự_sống,1,1322,1,Nam,32,3,2,Giám_đốc_sản_xuất,3,Độc_thân,4534,13352,0,Có,Không,11,3,1,80,0,9,6,3,8,7,1,7
31,Không,Không_công_tác,587,Kinh_doanh,2,4,Khoa_học_sự_sống,1,1324,4,Nữ,57,3,3,Chuyên_viên_kinh_doanh,3,Ly_hôn,9852,8935,1,Có,Có,19,3,1,80,1,10,5,2,10,8,9,6
41,Không,Không_công_tác,256,Kinh_doanh,10,2,Y_khoa,1,1329,3,Nam,40,1,2,Chuyên_viên_kinh_doanh,2,Độc_thân,6151,22074,1,Có,Không,13,3,1,80,0,19,4,3,19,2,11,9
31,Có,Thường_xuyên_công_tác,1060,Kinh_doanh,1,3,Khoa_học_sự_sống,1,1331,4,Nữ,54,3,1,Đại_diện_kinh_doanh,2,Độc_thân,2302,8319,1,Có,Có,11,3,1,80,0,3,2,4,3,2,2,2
44,Có,Ít_khi_công_tác,935,Nghiên_cứu_và_Phát_triển,3,3,Khoa_học_sự_sống,1,1333,1,Nam,89,3,1,Kỹ_thuật_viên_phòng_thí_nghiệm,1,Đã_kết_hôn,2362,14669,4,Có,Không,12,3,3,80,0,10,4,4,3,2,1,2
42,Không,Không_công_tác,495,Nghiên_cứu_và_Phát_triển,2,1,Khoa_học_sự_sống,1,1334,3,Nam,37,3,4,Quản_lý,3,Đã_kết_hôn,17861,26582,0,Có,Có,13,3,4,80,0,21,3,2,20,8,2,10
55,Không,Ít_khi_công_tác,282,Nghiên_cứu_và_Phát_triển,2,2,Y_khoa,1,1336,4,Nữ,58,1,5,Quản_lý,3,Đã_kết_hôn,19187,6992,4,Có,Không,14,3,4,80,1,23,5,3,19,9,9,11
56,Không,Ít_khi_công_tác,206,Nhân_sự,8,4,Khoa_học_sự_sống,1,1338,4,Nam,99,3,5,Quản_lý,2,Độc_thân,19717,4022,6,Có,Không,14,3,1,80,0,36,4,3,7,3,7,7
40,Không,Không_công_tác,458,Nghiên_cứu_và_Phát_triển,16,2,Khoa_học_sự_sống,1,1340,3,Nam,74,3,1,Nhà_nghiên_cứu_khoa_học,3,Ly_hôn,3544,8532,9,Có,Không,16,3,2,80,1,6,0,3,4,2,0,0
34,Không,Ít_khi_công_tác,943,Nghiên_cứu_và_Phát_triển,9,3,Khoa_học_sự_sống,1,1344,4,Nam,86,3,3,Đại_diện_chăm_sóc_sức_khỏe,4,Ly_hôn,8500,5494,0,Có,Không,11,3,4,80,1,10,0,2,9,7,1,6
40,Không,Ít_khi_công_tác,523,Nghiên_cứu_và_Phát_triển,2,3,Khoa_học_sự_sống,1,1346,3,Nam,98,3,2,Nhà_nghiên_cứu_khoa_học,4,Độc_thân,4661,22455,1,Có,Không,13,3,3,80,0,9,4,3,9,8,8,8
41,Không,Thường_xuyên_công_tác,1018,Kinh_doanh,1,3,Tiếp_thị,1,1349,3,Nữ,66,3,2,Chuyên_viên_kinh_doanh,1,Ly_hôn,4103,4297,0,Có,Không,17,3,4,80,1,10,2,3,9,3,1,7
35,Không,Thường_xuyên_công_tác,482,Nghiên_cứu_và_Phát_triển,4,4,Khoa_học_sự_sống,1,1350,3,Nam,87,3,2,Nhà_nghiên_cứu_khoa_học,3,Độc_thân,4249,2690,1,Có,Có,11,3,2,80,0,9,3,3,9,6,1,1
51,Không,Ít_khi_công_tác,770,Nhân_sự,5,3,Khoa_học_sự_sống,1,1352,3,Nam,84,3,4,Quản_lý,2,Ly_hôn,14026,17588,1,Có,Có,11,3,2,80,1,33,2,3,33,9,0,10
38,Không,Ít_khi_công_tác,1009,Kinh_doanh,2,2,Khoa_học_sự_sống,1,1355,2,Nữ,31,3,2,Chuyên_viên_kinh_doanh,1,Ly_hôn,6893,19461,3,Có,Không,15,3,4,80,1,11,3,3,7,7,1,7
34,Không,Ít_khi_công_tác,507,Kinh_doanh,15,2,Y_khoa,1,1356,3,Nữ,66,3,2,Chuyên_viên_kinh_doanh,1,Độc_thân,6125,23553,1,Có,Không,12,3,4,80,0,10,6,4,10,8,9,6
25,Không,Ít_khi_công_tác,882,Nghiên_cứu_và_Phát_triển,19,1,Y_khoa,1,1358,4,Nam,67,3,1,Kỹ_thuật_viên_phòng_thí_nghiệm,4,Đã_kết_hôn,3669,9075,3,Có,Không,11,3,3,80,3,7,6,2,3,2,1,2
58,Có,Ít_khi_công_tác,601,Nghiên_cứu_và_Phát_triển,7,4,Y_khoa,1,1360,3,Nữ,53,2,3,Giám_đốc_sản_xuất,1,Đã_kết_hôn,10008,12023,7,Có,Có,14,3,4,80,0,31,0,2,10,9,5,9
40,Không,Ít_khi_công_tác,329,Nghiên_cứu_và_Phát_triển,1,4,Khoa_học_sự_sống,1,1361,2,Nam,88,3,1,Kỹ_thuật_viên_phòng_thí_nghiệm,2,Đã_kết_hôn,2387,6762,3,Có,Không,22,4,3,80,1,7,3,3,4,2,0,3
36,Không,Thường_xuyên_công_tác,607,Kinh_doanh,7,3,Tiếp_thị,1,1362,1,Nữ,83,4,2,Chuyên_viên_kinh_doanh,1,Đã_kết_hôn,4639,2261,2,Có,Không,16,3,4,80,1,17,2,2,15,7,6,13
48,Không,Ít_khi_công_tác,855,Nghiên_cứu_và_Phát_triển,4,3,Khoa_học_sự_sống,1,1363,4,Nam,54,3,3,Giám_đốc_sản_xuất,4,Độc_thân,7898,18706,1,Có,Không,11,3,3,80,0,11,2,3,10,9,0,8
27,Không,Ít_khi_công_tác,1291,Kinh_doanh,11,3,Y_khoa,1,1364,3,Nữ,98,4,1,Đại_diện_kinh_doanh,4,Đã_kết_hôn,2534,6527,8,Có,Không,14,3,2,80,1,5,4,3,1,0,0,0
51,Không,Ít_khi_công_tác,1405,Nghiên_cứu_và_Phát_triển,11,2,Bằng_kỹ_thuật,1,1367,4,Nữ,82,2,4,Giám_đốc_sản_xuất,2,Độc_thân,13142,24439,3,Có,Không,16,3,2,80,0,29,1,2,5,2,0,3
18,Không,Không_công_tác,1124,Nghiên_cứu_và_Phát_triển,1,3,Khoa_học_sự_sống,1,1368,4,Nữ,97,3,1,Kỹ_thuật_viên_phòng_thí_nghiệm,4,Độc_thân,1611,19305,1,Có,Không,15,3,3,80,0,0,5,4,0,0,0,0
35,Không,Ít_khi_công_tác,817,Nghiên_cứu_và_Phát_triển,1,3,Y_khoa,1,1369,4,Nữ,60,2,2,Kỹ_thuật_viên_phòng_thí_nghiệm,4,Đã_kết_hôn,5363,10846,0,Có,Không,12,3,2,80,1,10,0,3,9,7,0,0
27,Không,Thường_xuyên_công_tác,793,Kinh_doanh,2,1,Khoa_học_sự_sống,1,1371,4,Nam,43,1,2,Chuyên_viên_kinh_doanh,4,Độc_thân,5071,20392,3,Có,Không,20,4,2,80,0,8,3,3,6,2,0,0
55,Có,Ít_khi_công_tác,267,Kinh_doanh,13,4,Tiếp_thị,1,1372,1,Nam,85,4,4,Chuyên_viên_kinh_doanh,3,Độc_thân,13695,9277,6,Có,Có,17,3,3,80,0,24,2,2,19,7,3,8
56,Không,Ít_khi_công_tác,1369,Nghiên_cứu_và_Phát_triển,23,3,Khoa_học_sự_sống,1,1373,4,Nam,68,3,4,Giám_đốc_sản_xuất,2,Đã_kết_hôn,13402,18235,4,Có,Có,12,3,1,80,1,33,0,3,19,16,15,9
34,Không,Không_công_tác,999,Nghiên_cứu_và_Phát_triển,26,1,Bằng_kỹ_thuật,1,1374,1,Nữ,92,2,1,Nhà_nghiên_cứu_khoa_học,3,Ly_hôn,2029,15891,1,Có,Không,20,4,3,80,3,5,2,3,5,4,0,0
40,Không,Ít_khi_công_tác,1202,Nghiên_cứu_và_Phát_triển,2,1,Y_khoa,1,1375,2,Nữ,89,4,2,Đại_diện_chăm_sóc_sức_khỏe,3,Ly_hôn,6377,13888,5,Có,Không,20,4,2,80,3,15,0,3,12,11,11,8
34,Không,Ít_khi_công_tác,285,Nghiên_cứu_và_Phát_triển,29,3,Y_khoa,1,1377,2,Nam,86,3,2,Kỹ_thuật_viên_phòng_thí_nghiệm,3,Đã_kết_hôn,5429,17491,4,Có,Không,13,3,1,80,2,10,1,3,8,7,7,7
31,Có,Thường_xuyên_công_tác,703,Kinh_doanh,2,3,Khoa_học_sự_sống,1,1379,3,Nữ,90,2,1,Đại_diện_kinh_doanh,4,Độc_thân,2785,11882,7,Có,Không,14,3,3,80,0,3,3,4,1,0,0,0
35,Có,Thường_xuyên_công_tác,662,Kinh_doanh,18,4,Tiếp_thị,1,1380,4,Nữ,67,3,2,Chuyên_viên_kinh_doanh,3,Đã_kết_hôn,4614,23288,0,Có,Có,18,3,3,80,1,5,0,2,4,2,3,2
38,Không,Thường_xuyên_công_tác,693,Nghiên_cứu_và_Phát_triển,7,3,Khoa_học_sự_sống,1,1382,4,Nam,57,4,1,Nhà_nghiên_cứu_khoa_học,3,Ly_hôn,2610,15748,1,Có,Không,11,3,4,80,3,4,2,3,4,2,0,3
34,Không,Ít_khi_công_tác,404,Nghiên_cứu_và_Phát_triển,2,4,Bằng_kỹ_thuật,1,1383,3,Nữ,98,3,2,Đại_diện_chăm_sóc_sức_khỏe,4,Độc_thân,6687,6163,1,Có,Không,11,3,4,80,0,14,2,4,14,11,4,11
28,Không,Ít_khi_công_tác,736,Kinh_doanh,26,3,Khoa_học_sự_sống,1,1387,3,Nam,48,2,2,Chuyên_viên_kinh_doanh,1,Đã_kết_hôn,4724,24232,1,Có,Không,11,3,3,80,1,5,0,3,5,3,0,4
31,Có,Ít_khi_công_tác,330,Nghiên_cứu_và_Phát_triển,22,4,Y_khoa,1,1389,4,Nam,98,3,2,Giám_đốc_sản_xuất,3,Đã_kết_hôn,6179,21057,1,Có,Có,15,3,4,80,2,10,3,2,10,2,6,7
39,Không,Ít_khi_công_tác,1498,Kinh_doanh,21,4,Khoa_học_sự_sống,1,1390,1,Nam,44,2,2,Chuyên_viên_kinh_doanh,4,Đã_kết_hôn,6120,3567,3,Có,Có,12,3,4,80,2,8,2,4,5,4,1,4
51,Không,Thường_xuyên_công_tác,541,Kinh_doanh,2,3,Tiếp_thị,1,1391,2,Nam,52,3,3,Chuyên_viên_kinh_doanh,2,Đã_kết_hôn,10596,15395,2,Có,Không,11,3,2,80,0,14,5,3,4,2,3,2
41,Không,Thường_xuyên_công_tác,1200,Nghiên_cứu_và_Phát_triển,22,3,Khoa_học_sự_sống,1,1392,4,Nữ,75,3,2,Nhà_nghiên_cứu_khoa_học,4,Ly_hôn,5467,13953,3,Có,Có,14,3,1,80,2,12,4,2,6,2,3,3
37,Không,Ít_khi_công_tác,1439,Nghiên_cứu_và_Phát_triển,4,1,Khoa_học_sự_sống,1,1394,3,Nam,54,3,1,Nhà_nghiên_cứu_khoa_học,3,Đã_kết_hôn,2996,5182,7,Có,Có,15,3,4,80,0,8,2,3,6,4,1,3
33,Không,Thường_xuyên_công_tác,1111,Kinh_doanh,5,1,Khoa_học_sự_sống,1,1395,2,Nam,61,3,2,Chuyên_viên_kinh_doanh,4,Đã_kết_hôn,9998,19293,6,Có,Không,13,3,1,80,0,8,2,4,5,4,1,2
32,Không,Ít_khi_công_tác,499,Kinh_doanh,2,1,Tiếp_thị,1,1396,3,Nam,36,3,2,Chuyên_viên_kinh_doanh,2,Đã_kết_hôn,4078,20497,0,Có,Có,13,3,1,80,3,4,3,2,3,2,1,2
39,Không,Không_công_tác,1485,Nghiên_cứu_và_Phát_triển,25,2,Khoa_học_sự_sống,1,1397,3,Nam,71,3,3,Đại_diện_chăm_sóc_sức_khỏe,3,Đã_kết_hôn,10920,3449,3,Có,Không,21,4,2,80,1,13,2,3,6,4,0,5
25,Không,Ít_khi_công_tác,1372,Kinh_doanh,18,1,Khoa_học_sự_sống,1,1399,1,Nam,93,4,2,Chuyên_viên_kinh_doanh,3,Đã_kết_hôn,6232,12477,2,Có,Không,11,3,2,80,0,6,3,2,3,2,1,2
52,Không,Thường_xuyên_công_tác,322,Nghiên_cứu_và_Phát_triển,28,2,Y_khoa,1,1401,4,Nữ,59,4,4,Giám_đốc_sản_xuất,3,Đã_kết_hôn,13247,9731,2,Có,Có,11,3,2,80,1,24,3,2,5,3,0,2
43,Không,Ít_khi_công_tác,930,Nghiên_cứu_và_Phát_triển,6,3,Y_khoa,1,1402,1,Nữ,73,2,2,Nhà_nghiên_cứu_khoa_học,3,Độc_thân,4081,20003,1,Có,Có,14,3,1,80,0,20,3,1,20,7,1,8
27,Không,Ít_khi_công_tác,205,Kinh_doanh,10,3,Tiếp_thị,1,1403,4,Nữ,98,2,2,Chuyên_viên_kinh_doanh,4,Đã_kết_hôn,5769,7100,1,Có,Có,11,3,4,80,0,6,3,3,6,2,4,4
27,Có,Ít_khi_công_tác,135,Nghiên_cứu_và_Phát_triển,17,4,Khoa_học_sự_sống,1,1405,4,Nữ,51,3,1,Nhà_nghiên_cứu_khoa_học,3,Độc_thân,2394,25681,1,Có,Có,13,3,4,80,0,8,2,3,8,2,7,7
26,Không,Ít_khi_công_tác,683,Nghiên_cứu_và_Phát_triển,2,1,Y_khoa,1,1407,1,Nam,36,2,1,Nhà_nghiên_cứu_khoa_học,4,Độc_thân,3904,4050,0,Có,Không,12,3,4,80,0,5,2,3,4,3,1,1
42,Không,Ít_khi_công_tác,1147,Nhân_sự,10,3,Nhân_sự,1,1408,3,Nữ,31,3,4,Quản_lý,1,Đã_kết_hôn,16799,16616,0,Có,Không,14,3,3,80,1,21,5,3,20,7,0,9
52,Không,Ít_khi_công_tác,258,Nghiên_cứu_và_Phát_triển,8,4,Khác,1,1409,3,Nữ,54,3,1,Kỹ_thuật_viên_phòng_thí_nghiệm,1,Đã_kết_hôn,2950,17363,9,Có,Không,13,3,3,80,0,12,2,1,5,4,0,4
37,Không,Ít_khi_công_tác,1462,Nghiên_cứu_và_Phát_triển,11,3,Y_khoa,1,1411,1,Nữ,94,3,1,Kỹ_thuật_viên_phòng_thí_nghiệm,3,Độc_thân,3629,19106,4,Có,Không,18,3,1,80,0,8,6,3,3,2,0,2
35,Không,Thường_xuyên_công_tác,200,Nghiên_cứu_và_Phát_triển,18,2,Khoa_học_sự_sống,1,1412,3,Nam,60,3,3,Giám_đốc_sản_xuất,4,Độc_thân,9362,19944,2,Có,Không,11,3,3,80,0,10,2,3,2,2,2,2
25,Không,Ít_khi_công_tác,949,Nghiên_cứu_và_Phát_triển,1,3,Bằng_kỹ_thuật,1,1415,1,Nam,81,3,1,Kỹ_thuật_viên_phòng_thí_nghiệm,4,Đã_kết_hôn,3229,4910,4,Có,Không,11,3,2,80,1,7,2,2,3,2,0,2
26,Không,Ít_khi_công_tác,652,Nghiên_cứu_và_Phát_triển,7,3,Khác,1,1417,3,Nam,100,4,1,Kỹ_thuật_viên_phòng_thí_nghiệm,1,Độc_thân,3578,23577,0,Có,Không,12,3,4,80,0,8,2,3,7,7,0,7
29,Không,Ít_khi_công_tác,332,Nhân_sự,17,3,Khác,1,1419,2,Nam,51,2,3,Nhân_sự,1,Độc_thân,7988,9769,1,Có,Không,13,3,1,80,0,10,3,2,10,9,0,9
49,Có,Thường_xuyên_công_tác,1475,Nghiên_cứu_và_Phát_triển,28,2,Khoa_học_sự_sống,1,1420,1,Nam,97,2,2,Kỹ_thuật_viên_phòng_thí_nghiệm,1,Độc_thân,4284,22710,3,Có,Không,20,4,1,80,0,20,2,3,4,3,1,3
29,Có,Thường_xuyên_công_tác,337,Nghiên_cứu_và_Phát_triển,14,1,Khác,1,1421,3,Nữ,84,3,3,Đại_diện_chăm_sóc_sức_khỏe,4,Độc_thân,7553,22930,0,Có,Có,12,3,1,80,0,9,1,3,8,7,7,7
54,Không,Ít_khi_công_tác,971,Nghiên_cứu_và_Phát_triển,1,3,Y_khoa,1,1422,4,Nữ,54,3,4,Giám_đốc_nghiên_cứu,4,Độc_thân,17328,5652,6,Có,Không,19,3,4,80,0,29,3,2,20,7,12,7
58,Không,Ít_khi_công_tác,1055,Nghiên_cứu_và_Phát_triển,1,3,Y_khoa,1,1423,4,Nữ,76,3,5,Giám_đốc_nghiên_cứu,1,Đã_kết_hôn,19701,22456,3,Có,Có,21,4,3,80,1,32,3,3,9,8,1,5
55,Không,Ít_khi_công_tác,1136,Nghiên_cứu_và_Phát_triển,1,4,Y_khoa,1,1424,2,Nam,81,4,4,Giám_đốc_nghiên_cứu,4,Ly_hôn,14732,12414,2,Có,Không,13,3,4,80,2,31,4,4,7,7,0,0
36,Không,Ít_khi_công_tác,1174,Kinh_doanh,3,4,Tiếp_thị,1,1425,1,Nữ,99,3,2,Chuyên_viên_kinh_doanh,2,Độc_thân,9278,20763,3,Có,Có,16,3,4,80,0,15,3,3,5,4,0,1
31,Có,Thường_xuyên_công_tác,667,Kinh_doanh,1,4,Khoa_học_sự_sống,1,1427,2,Nữ,50,1,1,Đại_diện_kinh_doanh,3,Độc_thân,1359,16154,1,Có,Không,12,3,2,80,0,1,3,3,1,0,0,0
30,Không,Ít_khi_công_tác,855,Kinh_doanh,7,4,Tiếp_thị,1,1428,4,Nữ,73,3,2,Chuyên_viên_kinh_doanh,1,Ly_hôn,4779,12761,7,Có,Không,14,3,2,80,2,8,3,3,3,2,0,2
31,Không,Ít_khi_công_tác,182,Nghiên_cứu_và_Phát_triển,8,5,Khoa_học_sự_sống,1,1430,1,Nữ,93,3,4,Giám_đốc_nghiên_cứu,2,Độc_thân,16422,8847,3,Có,Không,11,3,3,80,0,9,3,4,3,2,1,0
34,Không,Thường_xuyên_công_tác,560,Nghiên_cứu_và_Phát_triển,1,4,Khác,1,1431,4,Nam,91,3,1,Nhà_nghiên_cứu_khoa_học,1,Ly_hôn,2996,20284,5,Có,Không,14,3,3,80,2,10,2,3,4,3,1,3
31,Có,Ít_khi_công_tác,202,Nghiên_cứu_và_Phát_triển,8,3,Khoa_học_sự_sống,1,1433,1,Nữ,34,2,1,Nhà_nghiên_cứu_khoa_học,2,Độc_thân,1261,22262,1,Có,Không,12,3,3,80,0,1,3,4,1,0,0,0
27,Không,Ít_khi_công_tác,1377,Nghiên_cứu_và_Phát_triển,11,1,Khoa_học_sự_sống,1,1434,2,Nam,91,3,1,Kỹ_thuật_viên_phòng_thí_nghiệm,1,Đã_kết_hôn,2099,7679,0,Có,Không,14,3,2,80,0,6,3,4,5,0,1,4
36,Không,Ít_khi_công_tác,172,Nghiên_cứu_và_Phát_triển,4,4,Khoa_học_sự_sống,1,1435,1,Nam,37,2,2,Kỹ_thuật_viên_phòng_thí_nghiệm,4,Độc_thân,5810,22604,1,Có,Không,16,3,3,80,0,10,2,2,10,4,1,8
36,Không,Ít_khi_công_tác,329,Kinh_doanh,16,4,Tiếp_thị,1,1436,3,Nữ,98,2,2,Chuyên_viên_kinh_doanh,1,Đã_kết_hôn,5647,13494,4,Có,Không,13,3,1,80,2,11,3,2,3,2,0,2
47,Không,Ít_khi_công_tác,465,Nghiên_cứu_và_Phát_triển,1,3,Bằng_kỹ_thuật,1,1438,1,Nam,74,3,1,Nhà_nghiên_cứu_khoa_học,4,Đã_kết_hôn,3420,10205,7,Có,Không,12,3,3,80,1,17,2,2,6,5,1,2
25,Có,Ít_khi_công_tác,383,Kinh_doanh,9,2,Khoa_học_sự_sống,1,1439,1,Nam,68,2,1,Đại_diện_kinh_doanh,1,Đã_kết_hôn,4400,15182,3,Có,Không,12,3,1,80,0,6,2,3,3,2,2,2
37,Không,Không_công_tác,1413,Nghiên_cứu_và_Phát_triển,5,2,Bằng_kỹ_thuật,1,1440,3,Nam,84,4,1,Kỹ_thuật_viên_phòng_thí_nghiệm,3,Độc_thân,3500,25470,0,Có,Không,14,3,1,80,0,7,2,1,6,5,1,3
56,Không,Ít_khi_công_tác,1255,Nghiên_cứu_và_Phát_triển,1,2,Khoa_học_sự_sống,1,1441,1,Nữ,90,3,1,Nhà_nghiên_cứu_khoa_học,1,Đã_kết_hôn,2066,10494,2,Có,Không,22,4,4,80,1,5,3,4,3,2,1,0
47,Không,Ít_khi_công_tác,359,Nghiên_cứu_và_Phát_triển,2,4,Y_khoa,1,1443,1,Nữ,82,3,4,Giám_đốc_nghiên_cứu,3,Đã_kết_hôn,17169,26703,3,Có,Không,19,3,2,80,2,26,2,4,20,17,5,6
24,Không,Ít_khi_công_tác,1476,Kinh_doanh,4,1,Y_khoa,1,1445,4,Nữ,42,3,2,Chuyên_viên_kinh_doanh,3,Đã_kết_hôn,4162,15211,1,Có,Có,12,3,3,80,2,5,3,3,5,4,0,3
32,Không,Ít_khi_công_tác,601,Kinh_doanh,7,5,Tiếp_thị,1,1446,4,Nam,97,3,2,Chuyên_viên_kinh_doanh,4,Đã_kết_hôn,9204,23343,4,Có,Không,12,3,3,80,1,7,3,2,4,3,0,3
34,Không,Ít_khi_công_tác,401,Nghiên_cứu_và_Phát_triển,1,3,Khoa_học_sự_sống,1,1447,4,Nữ,86,2,1,Kỹ_thuật_viên_phòng_thí_nghiệm,2,Đã_kết_hôn,3294,3708,5,Có,Không,17,3,1,80,1,7,2,2,5,4,0,2
41,Không,Ít_khi_công_tác,1283,Nghiên_cứu_và_Phát_triển,5,5,Y_khoa,1,1448,2,Nam,90,4,1,Nhà_nghiên_cứu_khoa_học,3,Đã_kết_hôn,2127,5561,2,Có,Có,12,3,1,80,0,7,5,2,4,2,0,3
40,Không,Không_công_tác,663,Nghiên_cứu_và_Phát_triển,9,4,Khác,1,1449,3,Nam,81,3,2,Kỹ_thuật_viên_phòng_thí_nghiệm,3,Ly_hôn,3975,23099,3,Có,Không,11,3,3,80,2,11,2,4,8,7,0,7
31,Không,Ít_khi_công_tác,326,Kinh_doanh,8,2,Khoa_học_sự_sống,1,1453,1,Nam,31,3,3,Chuyên_viên_kinh_doanh,4,Ly_hôn,10793,8386,1,Có,Không,18,3,1,80,1,13,5,3,13,7,9,9
46,Có,Ít_khi_công_tác,377,Kinh_doanh,9,3,Tiếp_thị,1,1457,1,Nam,52,3,3,Chuyên_viên_kinh_doanh,4,Ly_hôn,10096,15986,4,Có,Không,11,3,1,80,1,28,1,4,7,7,4,3
39,Có,Không_công_tác,592,Nghiên_cứu_và_Phát_triển,2,3,Khoa_học_sự_sống,1,1458,1,Nữ,54,2,1,Kỹ_thuật_viên_phòng_thí_nghiệm,1,Độc_thân,3646,17181,2,Có,Có,23,4,2,80,0,11,2,4,1,0,0,0
31,Có,Thường_xuyên_công_tác,1445,Nghiên_cứu_và_Phát_triển,1,5,Khoa_học_sự_sống,1,1459,3,Nữ,100,4,3,Giám_đốc_sản_xuất,2,Độc_thân,7446,8931,1,Có,Không,11,3,1,80,0,10,2,3,10,8,4,7
45,Không,Ít_khi_công_tác,1038,Nghiên_cứu_và_Phát_triển,20,3,Y_khoa,1,1460,2,Nam,95,1,3,Đại_diện_chăm_sóc_sức_khỏe,1,Ly_hôn,10851,19863,2,Có,Có,18,3,2,80,1,24,2,3,7,7,0,7
31,Không,Ít_khi_công_tác,1398,Nhân_sự,8,2,Y_khoa,1,1461,4,Nữ,96,4,1,Nhân_sự,2,Độc_thân,2109,24609,9,Có,Không,18,3,4,80,0,8,3,3,3,2,0,2
31,Có,Thường_xuyên_công_tác,523,Nghiên_cứu_và_Phát_triển,2,3,Khoa_học_sự_sống,1,1464,2,Nam,94,3,1,Kỹ_thuật_viên_phòng_thí_nghiệm,4,Đã_kết_hôn,3722,21081,6,Có,Có,13,3,3,80,1,7,2,1,2,2,2,2
45,Không,Ít_khi_công_tác,1448,Nghiên_cứu_và_Phát_triển,29,3,Bằng_kỹ_thuật,1,1465,2,Nam,55,3,3,Giám_đốc_sản_xuất,4,Đã_kết_hôn,9380,14720,4,Có,Có,18,3,4,80,2,10,4,4,3,1,1,2
48,Không,Ít_khi_công_tác,1221,Kinh_doanh,7,3,Tiếp_thị,1,1466,3,Nam,96,3,2,Chuyên_viên_kinh_doanh,1,Ly_hôn,5486,24795,4,Có,Không,11,3,1,80,3,15,3,3,2,2,2,2
34,Có,Ít_khi_công_tác,1107,Nhân_sự,9,4,Bằng_kỹ_thuật,1,1467,1,Nữ,52,3,1,Nhân_sự,3,Đã_kết_hôn,2742,3072,1,Có,Không,15,3,4,80,0,2,0,3,2,2,2,2
40,Không,Không_công_tác,218,Nghiên_cứu_và_Phát_triển,8,1,Y_khoa,1,1468,4,Nam,55,2,3,Giám_đốc_nghiên_cứu,2,Ly_hôn,13757,25178,2,Có,Không,11,3,3,80,1,16,5,3,9,8,4,8
28,Không,Ít_khi_công_tác,866,Kinh_doanh,5,3,Y_khoa,1,1469,4,Nam,84,3,2,Chuyên_viên_kinh_doanh,1,Độc_thân,8463,23490,0,Có,Không,18,3,4,80,0,6,4,3,5,4,1,3
44,Không,Không_công_tác,981,Nghiên_cứu_và_Phát_triển,5,3,Khoa_học_sự_sống,1,1471,3,Nam,90,2,1,Kỹ_thuật_viên_phòng_thí_nghiệm,3,Độc_thân,3162,7973,3,Có,Không,14,3,4,80,0,7,5,3,5,2,0,3
53,Không,Ít_khi_công_tác,447,Nghiên_cứu_và_Phát_triển,2,3,Y_khoa,1,1472,4,Nam,39,4,4,Giám_đốc_nghiên_cứu,2,Độc_thân,16598,19764,4,Có,Không,12,3,2,80,0,35,2,2,9,8,8,8
49,Không,Ít_khi_công_tác,1495,Nghiên_cứu_và_Phát_triển,5,4,Bằng_kỹ_thuật,1,1473,1,Nam,96,3,2,Đại_diện_chăm_sóc_sức_khỏe,3,Đã_kết_hôn,6651,21534,2,Có,Không,14,3,2,80,1,20,0,2,3,2,1,2
40,Không,Ít_khi_công_tác,896,Nghiên_cứu_và_Phát_triển,2,3,Y_khoa,1,1474,3,Nam,68,3,1,Nhà_nghiên_cứu_khoa_học,3,Ly_hôn,2345,8045,2,Có,Không,14,3,3,80,1,8,3,4,3,1,1,2
44,Không,Ít_khi_công_tác,1467,Nghiên_cứu_và_Phát_triển,20,3,Khoa_học_sự_sống,1,1475,4,Nam,49,3,1,Nhà_nghiên_cứu_khoa_học,2,Độc_thân,3420,21158,1,Có,Không,13,3,3,80,0,6,3,2,5,2,1,3
33,Không,Thường_xuyên_công_tác,430,Kinh_doanh,7,3,Y_khoa,1,1477,4,Nam,54,3,2,Chuyên_viên_kinh_doanh,1,Đã_kết_hôn,4373,17456,0,Có,Không,14,3,1,80,2,5,2,3,4,3,0,3
34,Không,Ít_khi_công_tác,1326,Kinh_doanh,3,3,Khác,1,1478,4,Nam,81,1,2,Chuyên_viên_kinh_doanh,1,Độc_thân,4759,15891,3,Có,Không,18,3,4,80,0,15,2,3,13,9,3,12
30,Không,Ít_khi_công_tác,1358,Kinh_doanh,16,1,Khoa_học_sự_sống,1,1479,4,Nam,96,3,2,Chuyên_viên_kinh_doanh,3,Đã_kết_hôn,5301,2939,8,Có,Không,15,3,3,80,2,4,2,2,2,1,2,2
42,Không,Thường_xuyên_công_tác,748,Nghiên_cứu_và_Phát_triển,9,2,Y_khoa,1,1480,1,Nữ,74,3,1,Kỹ_thuật_viên_phòng_thí_nghiệm,4,Độc_thân,3673,16458,1,Có,Không,13,3,3,80,0,12,3,3,12,9,5,8
44,Không,Thường_xuyên_công_tác,383,Kinh_doanh,1,5,Tiếp_thị,1,1481,1,Nữ,79,3,2,Chuyên_viên_kinh_doanh,3,Đã_kết_hôn,4768,9282,7,Có,Không,12,3,3,80,1,11,4,2,1,0,0,0
30,Không,Không_công_tác,990,Nghiên_cứu_và_Phát_triển,7,3,Bằng_kỹ_thuật,1,1482,3,Nam,64,3,1,Nhà_nghiên_cứu_khoa_học,3,Ly_hôn,1274,7152,1,Có,Không,13,3,2,80,2,1,2,2,1,0,0,0
57,Không,Ít_khi_công_tác,405,Nghiên_cứu_và_Phát_triển,1,2,Khoa_học_sự_sống,1,1483,2,Nam,93,4,2,Nhà_nghiên_cứu_khoa_học,3,Đã_kết_hôn,4900,2721,0,Có,Không,24,4,1,80,1,13,2,2,12,9,2,8
49,Không,Ít_khi_công_tác,1490,Nghiên_cứu_và_Phát_triển,7,4,Khoa_học_sự_sống,1,1484,3,Nam,35,3,3,Đại_diện_chăm_sóc_sức_khỏe,2,Ly_hôn,10466,20948,3,Có,Không,14,3,2,80,2,29,3,3,8,7,0,7
34,Không,Thường_xuyên_công_tác,829,Nghiên_cứu_và_Phát_triển,15,3,Y_khoa,1,1485,2,Nam,71,3,4,Giám_đốc_nghiên_cứu,1,Ly_hôn,17007,11929,7,Có,Không,14,3,4,80,2,16,3,2,14,8,6,9
28,Có,Thường_xuyên_công_tác,1496,Kinh_doanh,1,3,Bằng_kỹ_thuật,1,1486,1,Nam,92,3,1,Đại_diện_kinh_doanh,3,Đã_kết_hôn,2909,15747,3,Có,Không,15,3,4,80,1,5,3,4,3,2,1,2
29,Có,Thường_xuyên_công_tác,115,Kinh_doanh,13,3,Bằng_kỹ_thuật,1,1487,1,Nữ,51,3,2,Chuyên_viên_kinh_doanh,2,Độc_thân,5765,17485,5,Có,Không,11,3,1,80,0,7,4,1,5,3,0,0
34,Có,Ít_khi_công_tác,790,Kinh_doanh,24,4,Y_khoa,1,1489,1,Nữ,40,2,2,Chuyên_viên_kinh_doanh,2,Độc_thân,4599,7815,0,Có,Có,23,4,3,80,0,16,2,4,15,9,10,10
35,Không,Ít_khi_công_tác,660,Kinh_doanh,7,1,Khoa_học_sự_sống,1,1492,4,Nam,76,3,1,Đại_diện_kinh_doanh,3,Đã_kết_hôn,2404,16192,1,Có,Không,13,3,1,80,1,1,3,3,1,0,0,0
24,Có,Thường_xuyên_công_tác,381,Nghiên_cứu_và_Phát_triển,9,3,Y_khoa,1,1494,2,Nam,89,3,1,Kỹ_thuật_viên_phòng_thí_nghiệm,1,Độc_thân,3172,16998,2,Có,Có,11,3,3,80,0,4,2,2,0,0,0,0
24,Không,Không_công_tác,830,Kinh_doanh,13,2,Khoa_học_sự_sống,1,1495,4,Nữ,78,3,1,Đại_diện_kinh_doanh,2,Đã_kết_hôn,2033,7103,1,Có,Không,13,3,3,80,1,1,2,3,1,0,0,0
44,Không,Thường_xuyên_công_tác,1193,Nghiên_cứu_và_Phát_triển,2,1,Y_khoa,1,1496,2,Nam,86,3,3,Giám_đốc_sản_xuất,3,Độc_thân,10209,19719,5,Có,Có,18,3,2,80,0,16,2,2,2,2,2,2
29,Không,Ít_khi_công_tác,1246,Kinh_doanh,19,3,Khoa_học_sự_sống,1,1497,3,Nam,77,2,2,Chuyên_viên_kinh_doanh,3,Ly_hôn,8620,23757,1,Có,Không,14,3,3,80,2,10,3,3,10,7,0,4
30,Không,Ít_khi_công_tác,330,Nhân_sự,1,3,Khoa_học_sự_sống,1,1499,3,Nam,46,3,1,Nhân_sự,3,Ly_hôn,2064,15428,0,Có,Không,21,4,1,80,1,6,3,4,5,3,1,3
55,Không,Ít_khi_công_tác,1229,Nghiên_cứu_và_Phát_triển,4,4,Khoa_học_sự_sống,1,1501,4,Nam,30,3,2,Đại_diện_chăm_sóc_sức_khỏe,3,Đã_kết_hôn,4035,16143,0,Có,Có,16,3,2,80,0,4,2,3,3,2,1,2
33,Không,Ít_khi_công_tác,1099,Nghiên_cứu_và_Phát_triển,4,4,Y_khoa,1,1502,1,Nữ,82,2,1,Kỹ_thuật_viên_phòng_thí_nghiệm,2,Đã_kết_hôn,3838,8192,8,Có,Không,11,3,4,80,0,8,5,3,5,4,0,2
47,Không,Ít_khi_công_tác,571,Kinh_doanh,14,3,Y_khoa,1,1503,3,Nữ,78,3,2,Chuyên_viên_kinh_doanh,3,Đã_kết_hôn,4591,24200,3,Có,Có,17,3,3,80,1,11,4,2,5,4,1,2
28,Có,Thường_xuyên_công_tác,289,Nghiên_cứu_và_Phát_triển,2,2,Y_khoa,1,1504,3,Nam,38,2,1,Kỹ_thuật_viên_phòng_thí_nghiệm,1,Độc_thân,2561,5355,7,Có,Không,11,3,3,80,0,8,2,2,0,0,0,0
28,Không,Ít_khi_công_tác,1423,Nghiên_cứu_và_Phát_triển,1,3,Khoa_học_sự_sống,1,1506,1,Nam,72,2,1,Nhà_nghiên_cứu_khoa_học,3,Ly_hôn,1563,12530,1,Có,Không,14,3,4,80,1,1,2,1,1,0,0,0
28,Không,Thường_xuyên_công_tác,467,Kinh_doanh,7,3,Khoa_học_sự_sống,1,1507,3,Nam,55,3,2,Chuyên_viên_kinh_doanh,1,Độc_thân,4898,11827,0,Có,Không,14,3,4,80,0,5,5,3,4,2,1,3
49,Không,Ít_khi_công_tác,271,Nghiên_cứu_và_Phát_triển,3,2,Y_khoa,1,1509,3,Nữ,43,2,2,Kỹ_thuật_viên_phòng_thí_nghiệm,1,Đã_kết_hôn,4789,23070,4,Có,Không,25,4,1,80,1,10,3,3,3,2,1,2
29,Không,Thường_xuyên_công_tác,410,Nghiên_cứu_và_Phát_triển,2,1,Khoa_học_sự_sống,1,1513,4,Nữ,97,3,1,Kỹ_thuật_viên_phòng_thí_nghiệm,2,Đã_kết_hôn,3180,4668,0,Có,Không,13,3,3,80,3,4,3,3,3,2,0,2
28,Không,Ít_khi_công_tác,1083,Nghiên_cứu_và_Phát_triển,29,1,Khoa_học_sự_sống,1,1514,3,Nam,96,1,2,Giám_đốc_sản_xuất,2,Đã_kết_hôn,6549,3173,1,Có,Không,14,3,2,80,2,8,2,2,8,6,1,7
33,Không,Ít_khi_công_tác,516,Nghiên_cứu_và_Phát_triển,8,5,Khoa_học_sự_sống,1,1515,4,Nam,69,3,2,Đại_diện_chăm_sóc_sức_khỏe,3,Độc_thân,6388,22049,2,Có,Có,17,3,1,80,0,14,6,3,0,0,0,0
32,Không,Ít_khi_công_tác,495,Nghiên_cứu_và_Phát_triển,10,3,Y_khoa,1,1516,3,Nam,64,3,3,Quản_lý,4,Độc_thân,11244,21072,2,Có,Không,25,4,2,80,0,10,5,4,5,2,0,0
54,Không,Thường_xuyên_công_tác,1050,Nghiên_cứu_và_Phát_triển,11,4,Y_khoa,1,1520,2,Nữ,87,3,4,Quản_lý,4,Ly_hôn,16032,24456,3,Có,Không,20,4,1,80,1,26,2,3,14,9,1,12
29,Có,Ít_khi_công_tác,224,Nghiên_cứu_và_Phát_triển,1,4,Bằng_kỹ_thuật,1,1522,1,Nam,100,2,1,Nhà_nghiên_cứu_khoa_học,1,Độc_thân,2362,7568,6,Có,Không,13,3,3,80,0,11,2,1,9,7,0,7
44,Không,Ít_khi_công_tác,136,Nghiên_cứu_và_Phát_triển,28,3,Khoa_học_sự_sống,1,1523,4,Nam,32,3,4,Giám_đốc_nghiên_cứu,1,Đã_kết_hôn,16328,22074,3,Có,Không,13,3,3,80,1,24,1,4,20,6,14,17
39,Không,Ít_khi_công_tác,1089,Nghiên_cứu_và_Phát_triển,6,3,Khoa_học_sự_sống,1,1525,2,Nữ,32,3,3,Giám_đốc_sản_xuất,2,Độc_thân,8376,9150,4,Có,Không,18,3,4,80,0,9,3,3,2,0,2,2
46,Không,Ít_khi_công_tác,228,Kinh_doanh,3,3,Khoa_học_sự_sống,1,1527,3,Nữ,51,3,4,Quản_lý,2,Đã_kết_hôn,16606,11380,8,Có,Không,12,3,4,80,1,23,2,4,13,12,5,1
35,Không,Ít_khi_công_tác,1029,Nghiên_cứu_và_Phát_triển,16,3,Khoa_học_sự_sống,1,1529,4,Nữ,91,2,3,Đại_diện_chăm_sóc_sức_khỏe,2,Độc_thân,8606,21195,1,Có,Không,19,3,4,80,0,11,3,1,11,8,3,3
23,Không,Ít_khi_công_tác,507,Nghiên_cứu_và_Phát_triển,20,1,Khoa_học_sự_sống,1,1533,1,Nam,97,3,2,Kỹ_thuật_viên_phòng_thí_nghiệm,3,Độc_thân,2272,24812,0,Có,Không,14,3,2,80,0,5,2,3,4,3,1,2
40,Có,Ít_khi_công_tác,676,Nghiên_cứu_và_Phát_triển,9,4,Khoa_học_sự_sống,1,1534,4,Nam,86,3,1,Kỹ_thuật_viên_phòng_thí_nghiệm,1,Độc_thân,2018,21831,3,Có,Không,14,3,2,80,0,15,3,1,5,4,1,0
34,Không,Ít_khi_công_tác,971,Kinh_doanh,1,3,Bằng_kỹ_thuật,1,1535,4,Nam,64,2,3,Chuyên_viên_kinh_doanh,3,Đã_kết_hôn,7083,12288,1,Có,Có,14,3,4,80,0,10,3,3,10,9,8,6
31,Có,Thường_xuyên_công_tác,561,Nghiên_cứu_và_Phát_triển,3,3,Khoa_học_sự_sống,1,1537,4,Nữ,33,3,1,Nhà_nghiên_cứu_khoa_học,3,Độc_thân,4084,4156,1,Có,Không,12,3,1,80,0,7,2,1,7,2,7,7
50,Không,Thường_xuyên_công_tác,333,Nghiên_cứu_và_Phát_triển,22,5,Y_khoa,1,1539,3,Nam,88,1,4,Giám_đốc_nghiên_cứu,4,Độc_thân,14411,24450,1,Có,Có,13,3,4,80,0,32,2,3,32,6,13,9
34,Không,Ít_khi_công_tác,1440,Kinh_doanh,7,2,Bằng_kỹ_thuật,1,1541,2,Nam,55,3,1,Đại_diện_kinh_doanh,3,Đã_kết_hôn,2308,4944,0,Có,Có,25,4,2,80,1,12,4,3,11,10,5,7
42,Không,Ít_khi_công_tác,1210,Nghiên_cứu_và_Phát_triển,2,3,Y_khoa,1,1542,3,Nam,68,2,1,Kỹ_thuật_viên_phòng_thí_nghiệm,2,Đã_kết_hôn,4841,24052,4,Có,Không,14,3,2,80,1,4,3,3,1,0,0,0
37,Không,Ít_khi_công_tác,674,Nghiên_cứu_và_Phát_triển,13,3,Y_khoa,1,1543,1,Nam,47,3,2,Nhà_nghiên_cứu_khoa_học,4,Đã_kết_hôn,4285,3031,1,Có,Không,17,3,1,80,0,10,2,3,10,8,3,7
29,Không,Ít_khi_công_tác,441,Nghiên_cứu_và_Phát_triển,8,1,Khác,1,1544,3,Nữ,39,1,2,Đại_diện_chăm_sóc_sức_khỏe,1,Đã_kết_hôn,9715,7288,3,Có,Không,13,3,3,80,1,9,3,3,7,7,0,7
33,Không,Ít_khi_công_tác,575,Nghiên_cứu_và_Phát_triển,25,3,Khoa_học_sự_sống,1,1545,4,Nam,44,2,2,Giám_đốc_sản_xuất,2,Độc_thân,4320,24152,1,Có,Không,13,3,4,80,0,5,2,3,5,3,0,2
45,Không,Ít_khi_công_tác,950,Nghiên_cứu_và_Phát_triển,28,3,Bằng_kỹ_thuật,1,1546,4,Nam,97,3,1,Nhà_nghiên_cứu_khoa_học,4,Đã_kết_hôn,2132,4585,4,Có,Không,20,4,4,80,1,8,3,3,5,4,0,3
42,Không,Thường_xuyên_công_tác,288,Nghiên_cứu_và_Phát_triển,2,3,Khoa_học_sự_sống,1,1547,4,Nam,40,3,3,Đại_diện_chăm_sóc_sức_khỏe,4,Đã_kết_hôn,10124,18611,2,Có,Có,14,3,3,80,1,24,3,1,20,8,13,9
40,Không,Ít_khi_công_tác,1342,Kinh_doanh,9,2,Y_khoa,1,1548,1,Nam,47,3,2,Chuyên_viên_kinh_doanh,1,Đã_kết_hôn,5473,19345,0,Có,Không,12,3,4,80,0,9,5,4,8,4,7,1
33,Không,Ít_khi_công_tác,589,Nghiên_cứu_và_Phát_triển,28,4,Khoa_học_sự_sống,1,1549,2,Nam,79,3,2,Kỹ_thuật_viên_phòng_thí_nghiệm,3,Đã_kết_hôn,5207,22949,1,Có,Có,12,3,2,80,1,15,3,3,15,14,5,7
40,Không,Ít_khi_công_tác,898,Nhân_sự,6,2,Y_khoa,1,1550,3,Nam,38,3,4,Quản_lý,4,Độc_thân,16437,17381,1,Có,Có,21,4,4,80,0,21,2,3,21,7,7,7
24,Không,Ít_khi_công_tác,350,Nghiên_cứu_và_Phát_triển,21,2,Bằng_kỹ_thuật,1,1551,3,Nam,57,2,1,Kỹ_thuật_viên_phòng_thí_nghiệm,1,Ly_hôn,2296,10036,0,Có,Không,14,3,2,80,3,2,3,3,1,1,0,0
40,Không,Không_công_tác,1142,Nghiên_cứu_và_Phát_triển,8,2,Khoa_học_sự_sống,1,1552,4,Nam,72,3,2,Đại_diện_chăm_sóc_sức_khỏe,4,Ly_hôn,4069,8841,3,Có,Có,18,3,3,80,0,8,2,3,2,2,2,2
45,Không,Ít_khi_công_tác,538,Nghiên_cứu_và_Phát_triển,1,4,Bằng_kỹ_thuật,1,1553,1,Nam,66,3,3,Đại_diện_chăm_sóc_sức_khỏe,2,Ly_hôn,7441,20933,1,Có,Không,12,3,1,80,3,10,4,3,10,8,7,7
35,Không,Ít_khi_công_tác,1402,Kinh_doanh,28,4,Khoa_học_sự_sống,1,1554,2,Nữ,98,2,1,Đại_diện_kinh_doanh,3,Đã_kết_hôn,2430,26204,0,Có,Không,23,4,1,80,2,6,5,3,5,3,4,2
32,Không,Ít_khi_công_tác,824,Nghiên_cứu_và_Phát_triển,5,2,Khoa_học_sự_sống,1,1555,4,Nữ,67,2,2,Nhà_nghiên_cứu_khoa_học,2,Đã_kết_hôn,5878,15624,3,Có,Không,12,3,1,80,1,12,2,3,7,1,2,5
36,Không,Ít_khi_công_tác,1157,Kinh_doanh,2,4,Khoa_học_sự_sống,1,1556,3,Nam,70,3,1,Đại_diện_kinh_doanh,4,Độc_thân,2644,17001,3,Có,Có,21,4,4,80,0,7,3,2,3,2,1,2
48,Không,Ít_khi_công_tác,492,Kinh_doanh,16,4,Khoa_học_sự_sống,1,1557,3,Nữ,96,3,2,Chuyên_viên_kinh_doanh,3,Ly_hôn,6439,13693,8,Có,Không,14,3,3,80,1,18,2,3,8,7,7,7
29,Không,Ít_khi_công_tác,598,Nghiên_cứu_và_Phát_triển,9,3,Khoa_học_sự_sống,1,1558,3,Nam,91,4,1,Nhà_nghiên_cứu_khoa_học,3,Đã_kết_hôn,2451,22376,6,Có,Không,18,3,1,80,2,5,2,2,1,0,0,0
33,Không,Ít_khi_công_tác,1242,Kinh_doanh,8,4,Khoa_học_sự_sống,1,1560,1,Nam,46,3,2,Chuyên_viên_kinh_doanh,1,Đã_kết_hôn,6392,10589,2,Có,Không,13,3,4,80,1,8,6,1,2,2,2,2
30,Có,Ít_khi_công_tác,740,Kinh_doanh,1,3,Khoa_học_sự_sống,1,1562,2,Nam,64,2,2,Chuyên_viên_kinh_doanh,1,Đã_kết_hôn,9714,5323,1,Có,Không,11,3,4,80,1,10,4,3,10,8,6,7
38,Không,Thường_xuyên_công_tác,888,Nhân_sự,10,4,Nhân_sự,1,1563,3,Nam,71,3,2,Nhân_sự,3,Đã_kết_hôn,6077,14814,3,Có,Không,11,3,3,80,0,10,2,3,6,3,1,2
35,Không,Ít_khi_công_tác,992,Nghiên_cứu_và_Phát_triển,1,3,Y_khoa,1,1564,4,Nam,68,2,1,Kỹ_thuật_viên_phòng_thí_nghiệm,1,Độc_thân,2450,21731,1,Có,Không,19,3,2,80,0,3,3,3,3,0,1,2
30,Không,Ít_khi_công_tác,1288,Kinh_doanh,29,4,Bằng_kỹ_thuật,1,1568,3,Nam,33,3,3,Chuyên_viên_kinh_doanh,2,Đã_kết_hôn,9250,17799,3,Có,Không,12,3,2,80,1,9,3,3,4,2,1,3
35,Có,Ít_khi_công_tác,104,Nghiên_cứu_và_Phát_triển,2,3,Khoa_học_sự_sống,1,1569,1,Nữ,69,3,1,Kỹ_thuật_viên_phòng_thí_nghiệm,1,Ly_hôn,2074,26619,1,Có,Có,12,3,4,80,1,1,2,3,1,0,0,0
53,Có,Ít_khi_công_tác,607,Nghiên_cứu_và_Phát_triển,2,5,Bằng_kỹ_thuật,1,1572,3,Nữ,78,2,3,Giám_đốc_sản_xuất,4,Đã_kết_hôn,10169,14618,0,Có,Không,16,3,2,80,1,34,4,3,33,7,1,9
38,Có,Ít_khi_công_tác,903,Nghiên_cứu_và_Phát_triển,2,3,Y_khoa,1,1573,3,Nam,81,3,2,Giám_đốc_sản_xuất,2,Đã_kết_hôn,4855,7653,4,Có,Không,11,3,1,80,2,7,2,3,5,2,1,4
32,Không,Không_công_tác,1200,Nghiên_cứu_và_Phát_triển,1,4,Bằng_kỹ_thuật,1,1574,4,Nam,62,3,2,Nhà_nghiên_cứu_khoa_học,1,Đã_kết_hôn,4087,25174,4,Có,Không,14,3,2,80,1,9,3,2,6,5,1,2
48,Không,Ít_khi_công_tác,1108,Nghiên_cứu_và_Phát_triển,15,4,Khác,1,1576,3,Nữ,65,3,1,Nhà_nghiên_cứu_khoa_học,1,Đã_kết_hôn,2367,16530,8,Có,Không,12,3,4,80,1,10,3,2,8,2,7,6
34,Không,Ít_khi_công_tác,479,Nghiên_cứu_và_Phát_triển,7,4,Y_khoa,1,1577,1,Nam,35,3,1,Nhà_nghiên_cứu_khoa_học,4,Độc_thân,2972,22061,1,Có,Không,13,3,3,80,0,1,4,1,1,0,0,0
55,Không,Ít_khi_công_tác,685,Kinh_doanh,26,5,Tiếp_thị,1,1578,3,Nam,60,2,5,Quản_lý,4,Đã_kết_hôn,19586,23037,1,Có,Không,21,4,3,80,1,36,3,3,36,6,2,13
34,Không,Ít_khi_công_tác,1351,Nghiên_cứu_và_Phát_triển,1,4,Khoa_học_sự_sống,1,1580,2,Nam,45,3,2,Nhà_nghiên_cứu_khoa_học,4,Đã_kết_hôn,5484,13008,9,Có,Không,17,3,2,80,1,9,3,2,2,2,2,1
26,Không,Ít_khi_công_tác,474,Nghiên_cứu_và_Phát_triển,3,3,Khoa_học_sự_sống,1,1581,1,Nữ,89,3,1,Nhà_nghiên_cứu_khoa_học,4,Đã_kết_hôn,2061,11133,1,Có,Không,21,4,1,80,0,1,5,3,1,0,0,0
38,Không,Ít_khi_công_tác,1245,Kinh_doanh,14,3,Khoa_học_sự_sống,1,1582,3,Nam,80,3,2,Chuyên_viên_kinh_doanh,2,Đã_kết_hôn,9924,12355,0,Có,Không,11,3,4,80,1,10,3,3,9,8,7,7
38,Không,Ít_khi_công_tác,437,Kinh_doanh,16,3,Khoa_học_sự_sống,1,1583,2,Nữ,90,3,2,Chuyên_viên_kinh_doanh,2,Độc_thân,4198,16379,2,Có,Không,12,3,2,80,0,8,5,4,3,2,1,2
36,Không,Ít_khi_công_tác,884,Kinh_doanh,1,4,Khoa_học_sự_sống,1,1585,2,Nữ,73,3,2,Chuyên_viên_kinh_doanh,3,Độc_thân,6815,21447,6,Có,Không,13,3,1,80,0,15,5,3,1,0,0,0
29,Không,Ít_khi_công_tác,1370,Nghiên_cứu_và_Phát_triển,3,1,Y_khoa,1,1586,2,Nam,87,3,1,Kỹ_thuật_viên_phòng_thí_nghiệm,1,Độc_thân,4723,16213,1,Có,Có,18,3,4,80,0,10,3,3,10,9,1,5
35,Không,Ít_khi_công_tác,670,Nghiên_cứu_và_Phát_triển,10,4,Y_khoa,1,1587,1,Nữ,51,3,2,Đại_diện_chăm_sóc_sức_khỏe,3,Độc_thân,6142,4223,3,Có,Có,16,3,3,80,0,10,4,3,5,2,0,4
39,Không,Ít_khi_công_tác,1462,Kinh_doanh,6,3,Y_khoa,1,1588,4,Nam,38,4,3,Chuyên_viên_kinh_doanh,3,Đã_kết_hôn,8237,4658,2,Có,Không,11,3,1,80,1,11,3,3,7,6,7,6
29,Không,Thường_xuyên_công_tác,995,Nghiên_cứu_và_Phát_triển,2,1,Khoa_học_sự_sống,1,1590,1,Nam,87,3,2,Đại_diện_chăm_sóc_sức_khỏe,4,Ly_hôn,8853,24483,1,Có,Không,19,3,4,80,1,6,0,4,6,4,1,3
50,Không,Ít_khi_công_tác,264,Kinh_doanh,9,3,Tiếp_thị,1,1591,3,Nam,59,3,5,Quản_lý,3,Đã_kết_hôn,19331,19519,4,Có,Có,16,3,3,80,1,27,2,3,1,0,0,0
23,Không,Ít_khi_công_tác,977,Nghiên_cứu_và_Phát_triển,10,3,Bằng_kỹ_thuật,1,1592,4,Nam,45,4,1,Nhà_nghiên_cứu_khoa_học,3,Đã_kết_hôn,2073,12826,2,Có,Không,16,3,4,80,1,4,2,3,2,2,2,2
36,Không,Thường_xuyên_công_tác,1302,Nghiên_cứu_và_Phát_triển,6,4,Khoa_học_sự_sống,1,1594,1,Nam,80,4,2,Kỹ_thuật_viên_phòng_thí_nghiệm,1,Đã_kết_hôn,5562,19711,3,Có,Có,13,3,4,80,1,9,3,3,3,2,0,2
42,Không,Ít_khi_công_tác,1059,Nghiên_cứu_và_Phát_triển,9,2,Khác,1,1595,4,Nam,93,2,5,Quản_lý,4,Độc_thân,19613,26362,8,Có,Không,22,4,4,80,0,24,2,3,1,0,0,1
35,Không,Ít_khi_công_tác,750,Nghiên_cứu_và_Phát_triển,28,3,Khoa_học_sự_sống,1,1596,2,Nam,46,4,2,Kỹ_thuật_viên_phòng_thí_nghiệm,3,Đã_kết_hôn,3407,25348,1,Có,Không,17,3,4,80,2,10,3,2,10,9,6,8
34,Không,Thường_xuyên_công_tác,653,Nghiên_cứu_và_Phát_triển,10,4,Bằng_kỹ_thuật,1,1597,4,Nam,92,2,2,Đại_diện_chăm_sóc_sức_khỏe,3,Đã_kết_hôn,5063,15332,1,Có,Không,14,3,2,80,1,8,3,2,8,2,7,7
40,Không,Ít_khi_công_tác,118,Kinh_doanh,14,2,Khoa_học_sự_sống,1,1598,4,Nữ,84,3,2,Chuyên_viên_kinh_doanh,1,Đã_kết_hôn,4639,11262,1,Có,Không,15,3,3,80,1,5,2,3,5,4,1,2
43,Không,Ít_khi_công_tác,990,Nghiên_cứu_và_Phát_triển,27,3,Bằng_kỹ_thuật,1,1599,4,Nam,87,4,1,Kỹ_thuật_viên_phòng_thí_nghiệm,2,Ly_hôn,4876,5855,5,Có,Không,12,3,3,80,1,8,0,3,6,4,0,2
35,Không,Ít_khi_công_tác,1349,Nghiên_cứu_và_Phát_triển,7,2,Khoa_học_sự_sống,1,1601,3,Nam,63,2,1,Kỹ_thuật_viên_phòng_thí_nghiệm,4,Đã_kết_hôn,2690,7713,1,Có,Không,18,3,4,80,1,1,5,2,1,0,0,1
46,Không,Ít_khi_công_tác,563,Kinh_doanh,1,4,Khoa_học_sự_sống,1,1602,4,Nam,56,4,4,Quản_lý,1,Độc_thân,17567,3156,1,Có,Không,15,3,2,80,0,27,5,1,26,0,0,12
28,Có,Ít_khi_công_tác,329,Nghiên_cứu_và_Phát_triển,24,3,Y_khoa,1,1604,3,Nam,51,3,1,Kỹ_thuật_viên_phòng_thí_nghiệm,2,Đã_kết_hôn,2408,7324,1,Có,Có,17,3,3,80,3,1,3,3,1,1,0,0
22,Không,Không_công_tác,457,Nghiên_cứu_và_Phát_triển,26,2,Khác,1,1605,2,Nữ,85,2,1,Nhà_nghiên_cứu_khoa_học,3,Đã_kết_hôn,2814,10293,1,Có,Có,14,3,2,80,0,4,2,2,4,2,1,3
50,Không,Thường_xuyên_công_tác,1234,Nghiên_cứu_và_Phát_triển,20,5,Y_khoa,1,1606,2,Nam,41,3,4,Đại_diện_chăm_sóc_sức_khỏe,3,Đã_kết_hôn,11245,20689,2,Có,Có,15,3,3,80,1,32,3,3,30,8,12,13
32,Không,Ít_khi_công_tác,634,Nghiên_cứu_và_Phát_triển,5,4,Khác,1,1607,2,Nữ,35,4,1,Nhà_nghiên_cứu_khoa_học,4,Đã_kết_hôn,3312,18783,3,Có,Không,17,3,4,80,2,6,3,3,3,2,0,2
44,Không,Ít_khi_công_tác,1313,Nghiên_cứu_và_Phát_triển,7,3,Y_khoa,1,1608,2,Nữ,31,3,5,Giám_đốc_nghiên_cứu,4,Ly_hôn,19049,3549,0,Có,Có,14,3,4,80,1,23,4,2,22,7,1,10
30,Không,Ít_khi_công_tác,241,Nghiên_cứu_và_Phát_triển,7,3,Y_khoa,1,1609,2,Nam,48,2,1,Nhà_nghiên_cứu_khoa_học,2,Đã_kết_hôn,2141,5348,1,Có,Không,12,3,2,80,1,6,3,2,6,4,1,1
45,Không,Ít_khi_công_tác,1015,Nghiên_cứu_và_Phát_triển,5,5,Y_khoa,1,1611,3,Nữ,50,1,2,Kỹ_thuật_viên_phòng_thí_nghiệm,1,Độc_thân,5769,23447,1,Có,Có,14,3,1,80,0,10,3,3,10,7,1,4
45,Không,Không_công_tác,336,Kinh_doanh,26,3,Tiếp_thị,1,1612,1,Nam,52,2,2,Chuyên_viên_kinh_doanh,1,Đã_kết_hôn,4385,24162,1,Có,Không,15,3,1,80,1,10,2,3,10,7,4,5
31,Không,Thường_xuyên_công_tác,715,Kinh_doanh,2,4,Khác,1,1613,4,Nam,54,3,2,Chuyên_viên_kinh_doanh,1,Độc_thân,5332,21602,7,Có,Không,13,3,4,80,0,10,3,3,5,2,0,3
36,Không,Ít_khi_công_tác,559,Nghiên_cứu_và_Phát_triển,12,4,Khoa_học_sự_sống,1,1614,3,Nữ,76,3,2,Giám_đốc_sản_xuất,3,Đã_kết_hôn,4663,12421,9,Có,Có,12,3,2,80,2,7,2,3,3,2,1,1
34,Không,Thường_xuyên_công_tác,426,Nghiên_cứu_và_Phát_triển,10,4,Khoa_học_sự_sống,1,1615,3,Nam,42,4,2,Giám_đốc_sản_xuất,4,Ly_hôn,4724,17000,1,Có,Không,13,3,1,80,1,9,3,3,9,7,7,2
49,Không,Ít_khi_công_tác,722,Nghiên_cứu_và_Phát_triển,25,4,Khoa_học_sự_sống,1,1617,3,Nữ,84,3,1,Kỹ_thuật_viên_phòng_thí_nghiệm,1,Đã_kết_hôn,3211,22102,1,Có,Không,14,3,4,80,1,10,3,2,9,6,1,4
39,Không,Ít_khi_công_tác,1387,Nghiên_cứu_và_Phát_triển,10,5,Y_khoa,1,1618,2,Nam,76,3,2,Giám_đốc_sản_xuất,1,Đã_kết_hôn,5377,3835,2,Có,Không,13,3,4,80,3,10,3,3,7,7,7,7
27,Không,Ít_khi_công_tác,1302,Nghiên_cứu_và_Phát_triển,19,3,Khác,1,1619,4,Nam,67,2,1,Kỹ_thuật_viên_phòng_thí_nghiệm,1,Ly_hôn,4066,16290,1,Có,Không,11,3,1,80,2,7,3,3,7,7,0,7
35,Không,Ít_khi_công_tác,819,Nghiên_cứu_và_Phát_triển,18,5,Khoa_học_sự_sống,1,1621,2,Nam,48,4,2,Nhà_nghiên_cứu_khoa_học,1,Đã_kết_hôn,5208,26312,1,Có,Không,11,3,4,80,0,16,2,3,16,15,1,10
28,Không,Ít_khi_công_tác,580,Nghiên_cứu_và_Phát_triển,27,3,Y_khoa,1,1622,2,Nữ,39,1,2,Giám_đốc_sản_xuất,1,Ly_hôn,4877,20460,0,Có,Không,21,4,2,80,1,6,5,2,5,3,0,0
21,Không,Ít_khi_công_tác,546,Nghiên_cứu_và_Phát_triển,5,1,Y_khoa,1,1623,3,Nam,97,3,1,Nhà_nghiên_cứu_khoa_học,4,Độc_thân,3117,26009,1,Có,Không,18,3,3,80,0,3,2,3,2,2,2,2
18,Có,Thường_xuyên_công_tác,544,Kinh_doanh,3,2,Y_khoa,1,1624,2,Nữ,70,3,1,Đại_diện_kinh_doanh,4,Độc_thân,1569,18420,1,Có,Có,12,3,3,80,0,0,2,4,0,0,0,0
47,Không,Ít_khi_công_tác,1176,Nhân_sự,26,4,Khoa_học_sự_sống,1,1625,4,Nữ,98,3,5,Quản_lý,3,Đã_kết_hôn,19658,5220,3,Có,Không,11,3,3,80,1,27,2,3,5,2,1,0
39,Không,Ít_khi_công_tác,170,Nghiên_cứu_và_Phát_triển,3,2,Y_khoa,1,1627,3,Nam,76,2,2,Kỹ_thuật_viên_phòng_thí_nghiệm,3,Ly_hôn,3069,10302,0,Có,Không,15,3,4,80,1,11,3,3,10,8,0,7
40,Không,Ít_khi_công_tác,884,Nghiên_cứu_và_Phát_triển,15,3,Khoa_học_sự_sống,1,1628,1,Nữ,80,2,3,Giám_đốc_sản_xuất,3,Đã_kết_hôn,10435,25800,1,Có,Không,13,3,4,80,2,18,2,3,18,15,14,12
35,Không,Không_công_tác,208,Nghiên_cứu_và_Phát_triển,8,4,Khoa_học_sự_sống,1,1630,3,Nữ,52,3,2,Đại_diện_chăm_sóc_sức_khỏe,3,Đã_kết_hôn,4148,12250,1,Có,Không,12,3,4,80,1,15,5,3,14,11,2,9
37,Không,Ít_khi_công_tác,671,Nghiên_cứu_và_Phát_triển,19,3,Khoa_học_sự_sống,1,1631,3,Nam,85,3,2,Giám_đốc_sản_xuất,3,Đã_kết_hôn,5768,26493,3,Có,Không,17,3,1,80,3,9,2,2,4,3,0,2
39,Không,Thường_xuyên_công_tác,711,Nghiên_cứu_và_Phát_triển,4,3,Y_khoa,1,1633,1,Nữ,81,3,2,Giám_đốc_sản_xuất,3,Độc_thân,5042,3140,0,Có,Không,13,3,4,80,0,10,2,1,9,2,3,8
45,Không,Ít_khi_công_tác,1329,Nghiên_cứu_và_Phát_triển,2,2,Khác,1,1635,4,Nữ,59,2,2,Giám_đốc_sản_xuất,4,Ly_hôn,5770,5388,1,Có,Không,19,3,1,80,2,10,3,3,10,7,3,9
38,Không,Ít_khi_công_tác,397,Nghiên_cứu_và_Phát_triển,2,2,Y_khoa,1,1638,4,Nữ,54,2,3,Giám_đốc_sản_xuất,3,Đã_kết_hôn,7756,14199,3,Có,Có,19,3,4,80,1,10,6,4,5,4,0,2
35,Có,Ít_khi_công_tác,737,Kinh_doanh,10,3,Y_khoa,1,1639,4,Nam,55,2,3,Chuyên_viên_kinh_doanh,1,Đã_kết_hôn,10306,21530,9,Có,Không,17,3,3,80,0,15,3,3,13,12,6,0
37,Không,Ít_khi_công_tác,1470,Nghiên_cứu_và_Phát_triển,10,3,Y_khoa,1,1640,2,Nữ,71,3,1,Nhà_nghiên_cứu_khoa_học,2,Đã_kết_hôn,3936,9953,1,Có,Không,11,3,1,80,1,8,2,1,8,4,7,7
40,Không,Ít_khi_công_tác,448,Nghiên_cứu_và_Phát_triển,16,3,Khoa_học_sự_sống,1,1641,3,Nữ,84,3,3,Giám_đốc_sản_xuất,4,Độc_thân,7945,19948,6,Có,Có,15,3,4,80,0,18,2,2,4,2,3,3
44,Không,Thường_xuyên_công_tác,602,Nhân_sự,1,5,Nhân_sự,1,1642,1,Nam,37,3,2,Nhân_sự,4,Đã_kết_hôn,5743,10503,4,Có,Có,11,3,3,80,0,14,3,3,10,7,0,2
48,Không,Thường_xuyên_công_tác,365,Nghiên_cứu_và_Phát_triển,4,5,Y_khoa,1,1644,3,Nam,89,2,4,Quản_lý,4,Đã_kết_hôn,15202,5602,2,Có,Không,25,4,2,80,1,23,3,3,2,2,2,2
35,Có,Ít_khi_công_tác,763,Kinh_doanh,15,2,Y_khoa,1,1645,1,Nam,59,1,2,Chuyên_viên_kinh_doanh,4,Ly_hôn,5440,22098,6,Có,Có,14,3,4,80,2,7,2,2,2,2,2,2
24,Không,Thường_xuyên_công_tác,567,Nghiên_cứu_và_Phát_triển,2,1,Bằng_kỹ_thuật,1,1646,1,Nữ,32,3,1,Nhà_nghiên_cứu_khoa_học,4,Độc_thân,3760,17218,1,Có,Có,13,3,3,80,0,6,2,3,6,3,1,3
27,Không,Ít_khi_công_tác,486,Nghiên_cứu_và_Phát_triển,8,3,Y_khoa,1,1647,2,Nữ,86,4,1,Nhà_nghiên_cứu_khoa_học,3,Đã_kết_hôn,3517,22490,7,Có,Không,17,3,1,80,0,5,0,3,3,2,0,2
27,Không,Thường_xuyên_công_tác,591,Nghiên_cứu_và_Phát_triển,2,3,Y_khoa,1,1648,4,Nam,87,3,1,Nhà_nghiên_cứu_khoa_học,4,Độc_thân,2580,6297,2,Có,Không,13,3,3,80,0,6,0,2,4,2,1,2
40,Có,Ít_khi_công_tác,1329,Nghiên_cứu_và_Phát_triển,7,3,Khoa_học_sự_sống,1,1649,1,Nam,73,3,1,Kỹ_thuật_viên_phòng_thí_nghiệm,1,Độc_thân,2166,3339,3,Có,Có,14,3,2,80,0,10,3,1,4,2,0,3
29,Không,Ít_khi_công_tác,469,Kinh_doanh,10,3,Y_khoa,1,1650,3,Nam,42,2,2,Chuyên_viên_kinh_doanh,3,Độc_thân,5869,23413,9,Có,Không,11,3,3,80,0,8,2,3,5,2,1,4
36,Không,Ít_khi_công_tác,711,Nghiên_cứu_và_Phát_triển,5,4,Khoa_học_sự_sống,1,1651,2,Nữ,42,3,3,Đại_diện_chăm_sóc_sức_khỏe,1,Đã_kết_hôn,8008,22792,4,Có,Không,12,3,3,80,2,9,6,3,3,2,0,2
25,Không,Thường_xuyên_công_tác,772,Nghiên_cứu_và_Phát_triển,2,1,Khoa_học_sự_sống,1,1653,4,Nam,77,4,2,Giám_đốc_sản_xuất,3,Ly_hôn,5206,4973,1,Có,Không,17,3,3,80,2,7,6,3,7,7,0,7
39,Không,Ít_khi_công_tác,492,Nghiên_cứu_và_Phát_triển,12,3,Y_khoa,1,1654,4,Nam,66,3,2,Giám_đốc_sản_xuất,2,Đã_kết_hôn,5295,7693,4,Có,Không,21,4,3,80,0,7,3,3,5,4,1,0
49,Không,Ít_khi_công_tác,301,Nghiên_cứu_và_Phát_triển,22,4,Khác,1,1655,1,Nữ,72,3,4,Giám_đốc_nghiên_cứu,2,Đã_kết_hôn,16413,3498,3,Có,Không,16,3,2,80,2,27,2,3,4,2,1,2
50,Không,Ít_khi_công_tác,813,Nghiên_cứu_và_Phát_triển,17,5,Khoa_học_sự_sống,1,1656,4,Nữ,50,2,3,Giám_đốc_nghiên_cứu,1,Ly_hôn,13269,21981,5,Có,Không,15,3,3,80,3,19,3,3,14,11,1,11
20,Không,Ít_khi_công_tác,1141,Kinh_doanh,2,3,Y_khoa,1,1657,3,Nữ,31,3,1,Đại_diện_kinh_doanh,3,Độc_thân,2783,13251,1,Có,Không,19,3,1,80,0,2,3,3,2,2,2,2
34,Không,Ít_khi_công_tác,1130,Nghiên_cứu_và_Phát_triển,3,3,Khoa_học_sự_sống,1,1658,4,Nữ,66,3,2,Nhà_nghiên_cứu_khoa_học,2,Ly_hôn,5433,19332,1,Có,Không,12,3,3,80,1,11,2,3,11,8,7,9
36,Không,Ít_khi_công_tác,311,Nghiên_cứu_và_Phát_triển,7,3,Khoa_học_sự_sống,1,1659,1,Nam,77,3,1,Kỹ_thuật_viên_phòng_thí_nghiệm,2,Độc_thân,2013,10950,2,Có,Không,11,3,3,80,0,15,4,3,4,3,1,3
49,Không,Ít_khi_công_tác,465,Nghiên_cứu_và_Phát_triển,6,1,Khoa_học_sự_sống,1,1661,3,Nữ,41,2,4,Đại_diện_chăm_sóc_sức_khỏe,3,Đã_kết_hôn,13966,11652,2,Có,Có,19,3,2,80,1,30,3,3,15,11,2,12
36,Không,Không_công_tác,894,Nghiên_cứu_và_Phát_triển,1,4,Y_khoa,1,1662,4,Nữ,33,2,2,Giám_đốc_sản_xuất,3,Đã_kết_hôn,4374,15411,0,Có,Không,15,3,3,80,0,4,6,3,3,2,1,2
36,Không,Ít_khi_công_tác,1040,Nghiên_cứu_và_Phát_triển,3,2,Khoa_học_sự_sống,1,1664,4,Nam,79,4,2,Đại_diện_chăm_sóc_sức_khỏe,1,Ly_hôn,6842,26308,6,Có,Không,20,4,1,80,1,13,3,3,5,4,0,4
54,Không,Ít_khi_công_tác,584,Nghiên_cứu_và_Phát_triển,22,5,Y_khoa,1,1665,2,Nữ,91,3,4,Quản_lý,3,Đã_kết_hôn,17426,18685,3,Có,Không,25,4,3,80,1,36,6,3,10,8,4,7
43,Không,Ít_khi_công_tác,1291,Nghiên_cứu_và_Phát_triển,15,2,Khoa_học_sự_sống,1,1666,3,Nam,65,2,4,Giám_đốc_nghiên_cứu,3,Đã_kết_hôn,17603,3525,1,Có,Không,24,4,1,80,1,14,3,3,14,10,6,11
35,Có,Thường_xuyên_công_tác,880,Kinh_doanh,12,4,Khác,1,1667,4,Nam,36,3,2,Chuyên_viên_kinh_doanh,4,Độc_thân,4581,10414,3,Có,Có,24,4,1,80,0,13,2,4,11,9,6,7
38,Không,Thường_xuyên_công_tác,1189,Nghiên_cứu_và_Phát_triển,1,3,Khoa_học_sự_sống,1,1668,4,Nam,90,3,2,Nhà_nghiên_cứu_khoa_học,4,Đã_kết_hôn,4735,9867,7,Có,Không,15,3,4,80,2,19,4,4,13,11,2,9
29,Không,Ít_khi_công_tác,991,Kinh_doanh,5,3,Y_khoa,1,1669,1,Nam,43,2,2,Chuyên_viên_kinh_doanh,2,Ly_hôn,4187,3356,1,Có,Có,13,3,2,80,1,10,3,2,10,0,0,9
33,Không,Ít_khi_công_tác,392,Kinh_doanh,2,4,Y_khoa,1,1670,4,Nam,93,3,2,Chuyên_viên_kinh_doanh,4,Ly_hôn,5505,3921,1,Có,Không,14,3,3,80,2,6,5,3,6,2,0,4
32,Không,Ít_khi_công_tác,977,Nghiên_cứu_và_Phát_triển,2,3,Y_khoa,1,1671,4,Nam,45,3,2,Nhà_nghiên_cứu_khoa_học,2,Ly_hôn,5470,25518,0,Có,Không,13,3,3,80,2,10,4,2,9,5,1,6
31,Không,Ít_khi_công_tác,1112,Kinh_doanh,5,4,Khoa_học_sự_sống,1,1673,1,Nữ,67,3,2,Chuyên_viên_kinh_doanh,4,Đã_kết_hôn,5476,22589,1,Có,Không,11,3,1,80,2,10,2,3,10,0,0,2
49,Không,Ít_khi_công_tác,464,Nghiên_cứu_và_Phát_triển,16,3,Y_khoa,1,1674,4,Nữ,74,3,1,Kỹ_thuật_viên_phòng_thí_nghiệm,1,Ly_hôn,2587,24941,4,Có,Có,16,3,2,80,1,17,2,2,2,2,2,2
38,Không,Thường_xuyên_công_tác,148,Nghiên_cứu_và_Phát_triển,2,3,Y_khoa,1,1675,4,Nữ,42,2,1,Kỹ_thuật_viên_phòng_thí_nghiệm,2,Độc_thân,2440,23826,1,Có,Không,22,4,2,80,0,4,3,3,4,3,3,3
47,Không,Ít_khi_công_tác,1225,Kinh_doanh,2,4,Khoa_học_sự_sống,1,1676,2,Nữ,47,4,4,Quản_lý,2,Ly_hôn,15972,21086,6,Có,Không,14,3,3,80,3,29,2,3,3,2,1,2
49,Không,Ít_khi_công_tác,809,Nghiên_cứu_và_Phát_triển,1,3,Khoa_học_sự_sống,1,1677,3,Nam,36,3,4,Quản_lý,3,Độc_thân,15379,22384,4,Có,Không,14,3,1,80,0,23,2,3,8,7,0,0
41,Không,Ít_khi_công_tác,1206,Kinh_doanh,23,2,Khoa_học_sự_sống,1,1678,4,Nam,80,3,3,Chuyên_viên_kinh_doanh,3,Độc_thân,7082,11591,3,Có,Có,16,3,4,80,0,21,2,3,2,0,0,2
20,Không,Ít_khi_công_tác,727,Kinh_doanh,9,1,Khoa_học_sự_sống,1,1680,4,Nam,54,3,1,Đại_diện_kinh_doanh,1,Độc_thân,2728,21082,1,Có,Không,11,3,1,80,0,2,3,3,2,2,0,2
33,Không,Không_công_tác,530,Kinh_doanh,16,3,Khoa_học_sự_sống,1,1681,3,Nữ,36,3,2,Chuyên_viên_kinh_doanh,4,Ly_hôn,5368,16130,1,Có,Có,25,4,3,80,1,7,2,3,6,5,1,2
36,Không,Ít_khi_công_tác,1351,Nghiên_cứu_và_Phát_triển,26,4,Khoa_học_sự_sống,1,1682,1,Nam,80,3,2,Đại_diện_chăm_sóc_sức_khỏe,3,Đã_kết_hôn,5347,7419,6,Có,Không,14,3,2,80,2,10,2,2,3,2,0,2
44,Không,Ít_khi_công_tác,528,Nhân_sự,1,3,Khoa_học_sự_sống,1,1683,3,Nữ,44,3,1,Nhân_sự,4,Ly_hôn,3195,4167,4,Có,Có,18,3,1,80,3,8,2,3,2,2,2,2
23,Có,Ít_khi_công_tác,1320,Nghiên_cứu_và_Phát_triển,8,1,Y_khoa,1,1684,4,Nam,93,2,1,Kỹ_thuật_viên_phòng_thí_nghiệm,3,Độc_thân,3989,20586,1,Có,Có,11,3,1,80,0,5,2,3,5,4,1,2
38,Không,Ít_khi_công_tác,1495,Nghiên_cứu_và_Phát_triển,4,2,Y_khoa,1,1687,4,Nữ,87,3,1,Kỹ_thuật_viên_phòng_thí_nghiệm,3,Đã_kết_hôn,3306,26176,7,Có,Không,19,3,4,80,1,7,5,2,0,0,0,0
53,Không,Ít_khi_công_tác,1395,Nghiên_cứu_và_Phát_triển,24,4,Y_khoa,1,1689,2,Nam,48,4,3,Đại_diện_chăm_sóc_sức_khỏe,4,Đã_kết_hôn,7005,3458,3,Có,Không,15,3,3,80,0,11,2,3,4,3,1,2
48,Có,Thường_xuyên_công_tác,708,Kinh_doanh,7,2,Y_khoa,1,1691,4,Nữ,95,3,1,Đại_diện_kinh_doanh,3,Đã_kết_hôn,2655,11740,2,Có,Có,11,3,3,80,2,19,3,3,9,7,7,7
32,Có,Ít_khi_công_tác,1259,Nghiên_cứu_và_Phát_triển,2,4,Khoa_học_sự_sống,1,1692,4,Nam,95,3,1,Kỹ_thuật_viên_phòng_thí_nghiệm,2,Độc_thân,1393,24852,1,Có,Không,12,3,1,80,0,1,2,3,1,0,0,0
26,Không,Không_công_tác,786,Nghiên_cứu_và_Phát_triển,7,3,Y_khoa,1,1693,4,Nam,76,3,1,Kỹ_thuật_viên_phòng_thí_nghiệm,4,Độc_thân,2570,11925,1,Có,Không,20,4,3,80,0,7,5,3,7,7,5,7
55,Không,Ít_khi_công_tác,1441,Nghiên_cứu_và_Phát_triển,22,3,Bằng_kỹ_thuật,1,1694,1,Nam,94,2,1,Nhà_nghiên_cứu_khoa_học,2,Ly_hôn,3537,23737,5,Có,Không,12,3,4,80,1,8,1,3,4,2,1,2
34,Không,Ít_khi_công_tác,1157,Nghiên_cứu_và_Phát_triển,5,2,Y_khoa,1,1696,2,Nam,57,2,2,Kỹ_thuật_viên_phòng_thí_nghiệm,4,Đã_kết_hôn,3986,11912,1,Có,Không,14,3,3,80,1,15,3,4,15,10,4,13
60,Không,Ít_khi_công_tác,370,Nghiên_cứu_và_Phát_triển,1,4,Y_khoa,1,1697,3,Nam,92,1,3,Đại_diện_chăm_sóc_sức_khỏe,4,Ly_hôn,10883,20467,3,Có,Không,20,4,3,80,1,19,2,4,1,0,0,0
33,Không,Ít_khi_công_tác,267,Nghiên_cứu_và_Phát_triển,21,3,Y_khoa,1,1698,2,Nam,79,4,1,Kỹ_thuật_viên_phòng_thí_nghiệm,2,Đã_kết_hôn,2028,13637,1,Có,Không,18,3,4,80,3,14,6,3,14,11,2,13
37,Không,Thường_xuyên_công_tác,1278,Kinh_doanh,1,4,Y_khoa,1,1700,3,Nam,31,1,2,Chuyên_viên_kinh_doanh,4,Ly_hôn,9525,7677,1,Có,Không,14,3,3,80,2,6,2,2,6,3,1,3
34,Không,Ít_khi_công_tác,678,Nghiên_cứu_và_Phát_triển,19,3,Khoa_học_sự_sống,1,1701,2,Nữ,35,2,1,Nhà_nghiên_cứu_khoa_học,4,Đã_kết_hôn,2929,20338,1,Có,Không,12,3,2,80,0,10,3,3,10,9,8,7
23,Có,Ít_khi_công_tác,427,Kinh_doanh,7,3,Khoa_học_sự_sống,1,1702,3,Nam,99,3,1,Đại_diện_kinh_doanh,4,Ly_hôn,2275,25103,1,Có,Có,21,4,2,80,1,3,2,3,3,2,0,2
44,Không,Ít_khi_công_tác,921,Nghiên_cứu_và_Phát_triển,2,3,Khoa_học_sự_sống,1,1703,3,Nữ,96,4,3,Đại_diện_chăm_sóc_sức_khỏe,4,Đã_kết_hôn,7879,14810,1,Có,Có,19,3,2,80,1,9,2,3,8,7,6,7
35,Không,Thường_xuyên_công_tác,146,Nghiên_cứu_và_Phát_triển,2,4,Y_khoa,1,1704,1,Nam,79,2,1,Nhà_nghiên_cứu_khoa_học,4,Độc_thân,4930,13970,0,Có,Có,14,3,3,80,0,6,2,4,5,4,1,4
43,Không,Ít_khi_công_tác,1179,Kinh_doanh,2,3,Y_khoa,1,1706,4,Nam,73,3,2,Chuyên_viên_kinh_doanh,4,Đã_kết_hôn,7847,6069,1,Có,Có,17,3,1,80,1,10,3,3,10,9,8,8
24,Không,Ít_khi_công_tác,581,Nghiên_cứu_và_Phát_triển,9,3,Y_khoa,1,1707,3,Nam,62,4,1,Nhà_nghiên_cứu_khoa_học,3,Đã_kết_hôn,4401,17616,1,Có,Không,16,3,4,80,1,5,1,3,5,3,0,4
41,Không,Ít_khi_công_tác,918,Kinh_doanh,6,3,Tiếp_thị,1,1708,4,Nam,35,3,3,Chuyên_viên_kinh_doanh,3,Độc_thân,9241,15869,1,Có,Không,12,3,2,80,0,10,3,3,10,8,8,7
29,Không,Ít_khi_công_tác,1082,Nghiên_cứu_và_Phát_triển,9,4,Y_khoa,1,1709,4,Nữ,43,3,1,Kỹ_thuật_viên_phòng_thí_nghiệm,3,Đã_kết_hôn,2974,25412,9,Có,Không,17,3,3,80,1,9,2,3,5,3,1,2
36,Không,Ít_khi_công_tác,530,Kinh_doanh,2,4,Khoa_học_sự_sống,1,1710,3,Nữ,51,3,2,Đại_diện_kinh_doanh,4,Độc_thân,4502,7439,3,Có,Không,15,3,3,80,0,17,2,2,13,7,6,7
45,Không,Không_công_tác,1238,Nghiên_cứu_và_Phát_triển,1,1,Khoa_học_sự_sống,1,1712,3,Nam,74,2,3,Đại_diện_chăm_sóc_sức_khỏe,3,Đã_kết_hôn,10748,3395,3,Có,Không,23,4,4,80,1,25,3,2,23,15,14,4
24,Có,Ít_khi_công_tác,240,Nhân_sự,22,1,Nhân_sự,1,1714,4,Nam,58,1,1,Nhân_sự,3,Đã_kết_hôn,1555,11585,1,Có,Không,11,3,3,80,1,1,2,3,1,0,0,0
47,Có,Thường_xuyên_công_tác,1093,Kinh_doanh,9,3,Khoa_học_sự_sống,1,1716,3,Nam,82,1,4,Chuyên_viên_kinh_doanh,3,Đã_kết_hôn,12936,24164,7,Có,Không,11,3,3,80,0,25,3,1,23,5,14,10
26,Không,Ít_khi_công_tác,390,Nghiên_cứu_và_Phát_triển,17,4,Y_khoa,1,1718,4,Nam,62,1,1,Kỹ_thuật_viên_phòng_thí_nghiệm,3,Đã_kết_hôn,2305,6217,1,Có,Không,15,3,3,80,3,3,3,4,3,2,0,2
45,Không,Ít_khi_công_tác,1005,Nghiên_cứu_và_Phát_triển,28,2,Bằng_kỹ_thuật,1,1719,4,Nữ,48,2,4,Giám_đốc_nghiên_cứu,2,Độc_thân,16704,17119,1,Có,Không,11,3,3,80,0,21,2,3,21,6,8,6
32,Không,Thường_xuyên_công_tác,585,Nghiên_cứu_và_Phát_triển,10,3,Khoa_học_sự_sống,1,1720,1,Nam,56,3,1,Nhà_nghiên_cứu_khoa_học,3,Đã_kết_hôn,3433,17360,6,Có,Không,13,3,1,80,1,10,3,2,5,2,1,3
31,Không,Ít_khi_công_tác,741,Nghiên_cứu_và_Phát_triển,2,4,Khoa_học_sự_sống,1,1721,2,Nam,69,3,1,Kỹ_thuật_viên_phòng_thí_nghiệm,3,Đã_kết_hôn,3477,18103,1,Có,Không,14,3,4,80,1,6,2,4,5,2,0,3
41,Không,Không_công_tác,552,Nhân_sự,4,3,Nhân_sự,1,1722,3,Nam,60,1,2,Nhân_sự,2,Đã_kết_hôn,6430,20794,6,Có,Không,19,3,2,80,1,10,4,3,3,2,1,2
40,Không,Ít_khi_công_tác,369,Nghiên_cứu_và_Phát_triển,8,2,Khoa_học_sự_sống,1,1724,2,Nữ,92,3,2,Giám_đốc_sản_xuất,1,Đã_kết_hôn,6516,5041,2,Có,Có,16,3,2,80,1,18,3,3,1,0,0,0
24,Không,Ít_khi_công_tác,506,Nghiên_cứu_và_Phát_triển,29,1,Y_khoa,1,1725,2,Nam,91,3,1,Kỹ_thuật_viên_phòng_thí_nghiệm,1,Ly_hôn,3907,3622,1,Có,Không,13,3,2,80,3,6,2,4,6,2,1,2
46,Không,Ít_khi_công_tác,717,Nghiên_cứu_và_Phát_triển,13,4,Khoa_học_sự_sống,1,1727,3,Nam,34,3,2,Đại_diện_chăm_sóc_sức_khỏe,2,Độc_thân,5562,9697,6,Có,Không,14,3,4,80,0,19,3,3,10,7,0,9
35,Không,Ít_khi_công_tác,1370,Nghiên_cứu_và_Phát_triển,27,4,Khoa_học_sự_sống,1,1728,4,Nam,49,3,2,Giám_đốc_sản_xuất,3,Đã_kết_hôn,6883,5151,2,Có,Không,16,3,2,80,1,17,3,3,7,7,0,7
30,Không,Ít_khi_công_tác,793,Nghiên_cứu_và_Phát_triển,16,1,Khoa_học_sự_sống,1,1729,2,Nam,33,3,1,Nhà_nghiên_cứu_khoa_học,4,Đã_kết_hôn,2862,3811,1,Có,Không,12,3,2,80,1,10,2,2,10,0,0,8
47,Không,Không_công_tác,543,Kinh_doanh,2,4,Tiếp_thị,1,1731,3,Nam,87,3,2,Chuyên_viên_kinh_doanh,2,Đã_kết_hôn,4978,3536,7,Có,Không,11,3,4,80,1,4,3,1,1,0,0,0
46,Không,Ít_khi_công_tác,1277,Kinh_doanh,2,3,Khoa_học_sự_sống,1,1732,3,Nam,74,3,3,Chuyên_viên_kinh_doanh,4,Ly_hôn,10368,5596,4,Có,Có,12,3,2,80,1,13,5,2,10,6,0,3
36,Có,Ít_khi_công_tác,1456,Kinh_doanh,13,5,Tiếp_thị,1,1733,2,Nam,96,2,2,Chuyên_viên_kinh_doanh,1,Ly_hôn,6134,8658,5,Có,Có,13,3,2,80,3,16,3,3,2,2,2,2
32,Có,Ít_khi_công_tác,964,Kinh_doanh,1,2,Khoa_học_sự_sống,1,1734,1,Nam,34,1,2,Chuyên_viên_kinh_doanh,2,Độc_thân,6735,12147,6,Có,Không,15,3,2,80,0,10,2,3,0,0,0,0
23,Không,Ít_khi_công_tác,160,Nghiên_cứu_và_Phát_triển,4,1,Y_khoa,1,1735,3,Nữ,51,3,1,Kỹ_thuật_viên_phòng_thí_nghiệm,2,Độc_thân,3295,12862,1,Có,Không,13,3,3,80,0,3,3,1,3,2,1,2
31,Không,Thường_xuyên_công_tác,163,Nghiên_cứu_và_Phát_triển,24,1,Bằng_kỹ_thuật,1,1736,4,Nữ,30,3,2,Giám_đốc_sản_xuất,4,Độc_thân,5238,6670,2,Có,Không,20,4,4,80,0,9,3,2,5,4,1,4
39,Không,Không_công_tác,792,Nghiên_cứu_và_Phát_triển,1,3,Khoa_học_sự_sống,1,1737,4,Nam,77,3,2,Kỹ_thuật_viên_phòng_thí_nghiệm,4,Đã_kết_hôn,6472,8989,1,Có,Có,15,3,4,80,1,9,2,3,9,8,5,8
32,Không,Ít_khi_công_tác,371,Kinh_doanh,19,3,Khoa_học_sự_sống,1,1739,4,Nam,80,1,3,Chuyên_viên_kinh_doanh,3,Đã_kết_hôn,9610,3840,3,Có,Không,13,3,3,80,1,10,2,1,4,3,0,2
40,Không,Ít_khi_công_tác,611,Kinh_doanh,7,4,Y_khoa,1,1740,2,Nam,88,3,5,Quản_lý,2,Độc_thân,19833,4349,1,Có,Không,14,3,2,80,0,21,3,2,21,8,12,8
45,Không,Ít_khi_công_tác,176,Nhân_sự,4,3,Khoa_học_sự_sống,1,1744,3,Nữ,56,1,3,Nhân_sự,3,Đã_kết_hôn,9756,6595,4,Có,Không,21,4,3,80,2,9,2,4,5,0,0,3
30,Không,Thường_xuyên_công_tác,1312,Nghiên_cứu_và_Phát_triển,2,4,Bằng_kỹ_thuật,1,1745,4,Nữ,78,2,1,Nhà_nghiên_cứu_khoa_học,1,Độc_thân,4968,26427,0,Có,Không,16,3,4,80,0,10,2,3,9,7,0,7
24,Không,Thường_xuyên_công_tác,897,Nhân_sự,10,3,Y_khoa,1,1746,1,Nam,59,3,1,Nhân_sự,4,Đã_kết_hôn,2145,2097,0,Có,Không,14,3,4,80,1,3,2,3,2,2,2,1
30,Có,Thường_xuyên_công_tác,600,Nhân_sự,8,3,Nhân_sự,1,1747,3,Nữ,66,2,1,Nhân_sự,4,Ly_hôn,2180,9732,6,Có,Không,11,3,3,80,1,6,0,2,4,2,1,2
31,Không,Ít_khi_công_tác,1003,Kinh_doanh,5,3,Bằng_kỹ_thuật,1,1749,1,Nam,51,3,2,Chuyên_viên_kinh_doanh,3,Đã_kết_hôn,8346,20943,1,Có,Không,19,3,3,80,1,6,3,3,5,2,0,2
27,Không,Ít_khi_công_tác,1054,Nghiên_cứu_và_Phát_triển,8,3,Y_khoa,1,1751,3,Nữ,67,3,1,Nhà_nghiên_cứu_khoa_học,4,Độc_thân,3445,6152,1,Có,Không,11,3,3,80,0,6,5,2,6,2,1,4
29,Có,Ít_khi_công_tác,428,Kinh_doanh,9,3,Tiếp_thị,1,1752,2,Nữ,52,1,1,Đại_diện_kinh_doanh,2,Độc_thân,2760,14630,1,Có,Không,13,3,3,80,0,2,3,3,2,2,2,2
29,Không,Thường_xuyên_công_tác,461,Nghiên_cứu_và_Phát_triển,1,3,Khoa_học_sự_sống,1,1753,4,Nam,70,4,2,Đại_diện_chăm_sóc_sức_khỏe,3,Độc_thân,6294,23060,8,Có,Có,12,3,4,80,0,10,5,4,3,2,0,2
30,Không,Ít_khi_công_tác,979,Kinh_doanh,15,2,Tiếp_thị,1,1754,3,Nam,94,2,3,Chuyên_viên_kinh_doanh,1,Ly_hôn,7140,3088,2,Có,Không,11,3,1,80,1,12,2,3,7,7,1,7
34,Không,Ít_khi_công_tác,181,Nghiên_cứu_và_Phát_triển,2,4,Y_khoa,1,1755,4,Nam,97,4,1,Nhà_nghiên_cứu_khoa_học,4,Đã_kết_hôn,2932,5586,0,Có,Có,14,3,1,80,3,6,3,3,5,0,1,2
33,Không,Không_công_tác,1283,Kinh_doanh,2,3,Tiếp_thị,1,1756,4,Nữ,62,3,2,Chuyên_viên_kinh_doanh,2,Độc_thân,5147,10697,8,Có,Không,15,3,4,80,0,13,2,2,11,7,1,7
49,Không,Ít_khi_công_tác,1313,Kinh_doanh,11,4,Tiếp_thị,1,1757,4,Nữ,80,3,2,Chuyên_viên_kinh_doanh,4,Độc_thân,4507,8191,3,Có,Không,12,3,3,80,0,8,1,4,5,1,0,4
33,Có,Ít_khi_công_tác,211,Kinh_doanh,16,3,Khoa_học_sự_sống,1,1758,1,Nữ,74,3,3,Chuyên_viên_kinh_doanh,1,Độc_thân,8564,10092,2,Có,Có,20,4,3,80,0,11,2,2,0,0,0,0
38,Không,Thường_xuyên_công_tác,594,Nghiên_cứu_và_Phát_triển,2,2,Y_khoa,1,1760,3,Nữ,75,2,1,Kỹ_thuật_viên_phòng_thí_nghiệm,2,Đã_kết_hôn,2468,15963,4,Có,Không,14,3,2,80,1,9,4,2,6,1,0,5
31,Có,Ít_khi_công_tác,1079,Kinh_doanh,16,4,Tiếp_thị,1,1761,1,Nam,70,3,3,Chuyên_viên_kinh_doanh,3,Đã_kết_hôn,8161,19002,2,Có,Không,13,3,1,80,3,10,2,3,1,0,0,0
29,Không,Ít_khi_công_tác,590,Nghiên_cứu_và_Phát_triển,4,3,Bằng_kỹ_thuật,1,1762,4,Nữ,91,2,1,Nhà_nghiên_cứu_khoa_học,1,Ly_hôn,2109,10007,1,Có,Không,13,3,3,80,1,1,2,3,1,0,0,0
30,Không,Ít_khi_công_tác,305,Nghiên_cứu_và_Phát_triển,16,3,Khoa_học_sự_sống,1,1763,3,Nam,58,4,2,Đại_diện_chăm_sóc_sức_khỏe,3,Đã_kết_hôn,5294,9128,3,Có,Không,16,3,3,80,1,10,3,3,7,0,1,7
32,Không,Không_công_tác,953,Nghiên_cứu_và_Phát_triển,5,4,Bằng_kỹ_thuật,1,1764,2,Nam,65,3,1,Nhà_nghiên_cứu_khoa_học,2,Độc_thân,2718,17674,2,Có,Không,14,3,2,80,0,12,3,3,7,7,0,7
38,Không,Ít_khi_công_tác,833,Nghiên_cứu_và_Phát_triển,18,3,Y_khoa,1,1766,2,Nam,60,1,2,Đại_diện_chăm_sóc_sức_khỏe,4,Đã_kết_hôn,5811,24539,3,Có,Có,16,3,3,80,1,15,2,3,1,0,1,0
43,Có,Thường_xuyên_công_tác,807,Nghiên_cứu_và_Phát_triển,17,3,Bằng_kỹ_thuật,1,1767,3,Nam,38,2,1,Nhà_nghiên_cứu_khoa_học,3,Đã_kết_hôn,2437,15587,9,Có,Có,16,3,4,80,1,6,4,3,1,0,0,0
42,Không,Ít_khi_công_tác,855,Nghiên_cứu_và_Phát_triển,12,3,Y_khoa,1,1768,2,Nam,57,3,1,Kỹ_thuật_viên_phòng_thí_nghiệm,2,Ly_hôn,2766,8952,8,Có,Không,22,4,2,80,3,7,6,2,5,3,0,4
55,Không,Ít_khi_công_tác,478,Nghiên_cứu_và_Phát_triển,2,3,Y_khoa,1,1770,3,Nam,60,2,5,Giám_đốc_nghiên_cứu,1,Đã_kết_hôn,19038,19805,8,Có,Không,12,3,2,80,3,34,2,3,1,0,0,0
33,Không,Không_công_tác,775,Nghiên_cứu_và_Phát_triển,4,3,Bằng_kỹ_thuật,1,1771,4,Nam,90,3,2,Nhà_nghiên_cứu_khoa_học,2,Ly_hôn,3055,6194,5,Có,Không,15,3,4,80,2,11,2,2,9,8,1,7
41,Không,Ít_khi_công_tác,548,Nghiên_cứu_và_Phát_triển,9,4,Khoa_học_sự_sống,1,1772,3,Nam,94,3,1,Kỹ_thuật_viên_phòng_thí_nghiệm,1,Ly_hôn,2289,20520,1,Có,Không,20,4,2,80,2,5,2,3,5,3,0,4
34,Không,Không_công_tác,1375,Kinh_doanh,10,3,Khoa_học_sự_sống,1,1774,4,Nam,87,3,2,Chuyên_viên_kinh_doanh,3,Ly_hôn,4001,12313,1,Có,Có,14,3,3,80,1,15,3,3,15,14,0,7
53,Không,Không_công_tác,661,Nghiên_cứu_và_Phát_triển,1,4,Y_khoa,1,1775,1,Nữ,60,2,4,Giám_đốc_sản_xuất,3,Đã_kết_hôn,12965,22308,4,Có,Có,20,4,4,80,3,27,2,2,3,2,0,2
43,Không,Ít_khi_công_tác,244,Nhân_sự,2,3,Khoa_học_sự_sống,1,1778,2,Nam,97,3,1,Nhân_sự,4,Độc_thân,3539,5033,0,Có,Không,13,3,2,80,0,10,5,3,9,7,1,8
34,Không,Ít_khi_công_tác,511,Kinh_doanh,3,2,Khoa_học_sự_sống,1,1779,4,Nữ,32,1,2,Chuyên_viên_kinh_doanh,4,Độc_thân,6029,25353,5,Có,Không,12,3,1,80,0,6,3,3,2,2,2,2
21,Có,Ít_khi_công_tác,337,Kinh_doanh,7,1,Tiếp_thị,1,1780,2,Nam,31,3,1,Đại_diện_kinh_doanh,2,Độc_thân,2679,4567,1,Có,Không,13,3,2,80,0,1,3,3,1,0,1,0
38,Không,Ít_khi_công_tác,1153,Nghiên_cứu_và_Phát_triển,6,2,Khác,1,1782,4,Nữ,40,2,1,Kỹ_thuật_viên_phòng_thí_nghiệm,3,Đã_kết_hôn,3702,16376,1,Có,Không,11,3,2,80,1,5,3,3,5,4,0,4
22,Có,Ít_khi_công_tác,1294,Nghiên_cứu_và_Phát_triển,8,1,Y_khoa,1,1783,3,Nữ,79,3,1,Kỹ_thuật_viên_phòng_thí_nghiệm,1,Đã_kết_hôn,2398,15999,1,Có,Có,17,3,3,80,0,1,6,3,1,0,0,0
31,Không,Ít_khi_công_tác,196,Kinh_doanh,29,4,Tiếp_thị,1,1784,1,Nữ,91,2,2,Chuyên_viên_kinh_doanh,4,Đã_kết_hôn,5468,13402,1,Có,Không,14,3,1,80,2,13,3,3,12,7,5,7
51,Không,Ít_khi_công_tác,942,Nghiên_cứu_và_Phát_triển,3,3,Bằng_kỹ_thuật,1,1786,1,Nữ,53,3,3,Quản_lý,3,Đã_kết_hôn,13116,22984,2,Có,Không,11,3,4,80,0,15,2,3,2,2,2,2
37,Không,Ít_khi_công_tác,589,Kinh_doanh,9,2,Tiếp_thị,1,1787,2,Nam,46,2,2,Chuyên_viên_kinh_doanh,2,Đã_kết_hôn,4189,8800,1,Có,Không,14,3,1,80,2,5,2,3,5,2,0,3
46,Không,Ít_khi_công_tác,734,Nghiên_cứu_và_Phát_triển,2,4,Y_khoa,1,1789,3,Nam,46,3,5,Giám_đốc_nghiên_cứu,4,Ly_hôn,19328,14218,7,Có,Có,17,3,3,80,1,24,3,3,2,1,2,2
36,Không,Ít_khi_công_tác,1383,Nghiên_cứu_và_Phát_triển,10,3,Khoa_học_sự_sống,1,1790,4,Nam,90,3,3,Đại_diện_chăm_sóc_sức_khỏe,1,Đã_kết_hôn,8321,25949,7,Có,Có,13,3,4,80,1,15,1,3,12,8,5,7
44,Có,Thường_xuyên_công_tác,429,Nghiên_cứu_và_Phát_triển,1,2,Y_khoa,1,1792,3,Nam,99,3,1,Nhà_nghiên_cứu_khoa_học,2,Ly_hôn,2342,11092,1,Có,Có,12,3,3,80,3,6,2,2,5,3,2,3
37,Không,Ít_khi_công_tác,1239,Nhân_sự,8,2,Khác,1,1794,3,Nam,89,3,2,Nhân_sự,2,Ly_hôn,4071,12832,2,Có,Không,13,3,3,80,0,19,4,2,10,0,4,7
35,Có,Ít_khi_công_tác,303,Kinh_doanh,27,3,Khoa_học_sự_sống,1,1797,3,Nam,84,3,2,Chuyên_viên_kinh_doanh,4,Độc_thân,5813,13492,1,Có,Có,18,3,4,80,0,10,2,3,10,7,7,7
33,Không,Ít_khi_công_tác,867,Nghiên_cứu_và_Phát_triển,8,4,Khoa_học_sự_sống,1,1798,4,Nam,90,4,1,Nhà_nghiên_cứu_khoa_học,1,Đã_kết_hôn,3143,6076,6,Có,Không,19,3,2,80,1,14,1,3,10,8,7,6
28,Không,Ít_khi_công_tác,1181,Nghiên_cứu_và_Phát_triển,1,3,Khoa_học_sự_sống,1,1799,3,Nam,82,3,1,Nhà_nghiên_cứu_khoa_học,4,Đã_kết_hôn,2044,5531,1,Có,Không,11,3,3,80,1,5,6,4,5,3,0,3
39,Không,Ít_khi_công_tác,1253,Nghiên_cứu_và_Phát_triển,10,1,Y_khoa,1,1800,3,Nam,65,3,3,Giám_đốc_nghiên_cứu,3,Độc_thân,13464,7914,7,Có,Không,21,4,3,80,0,9,3,3,4,3,2,2
46,Không,Không_công_tác,849,Kinh_doanh,26,2,Khoa_học_sự_sống,1,1801,2,Nam,98,2,2,Chuyên_viên_kinh_doanh,2,Độc_thân,7991,25166,8,Có,Không,15,3,3,80,0,6,3,3,2,2,2,2
40,Không,Ít_khi_công_tác,616,Nghiên_cứu_và_Phát_triển,2,2,Khoa_học_sự_sống,1,1802,3,Nữ,99,3,1,Kỹ_thuật_viên_phòng_thí_nghiệm,1,Đã_kết_hôn,3377,25605,4,Có,Không,17,3,4,80,1,7,5,2,4,3,0,2
42,Không,Ít_khi_công_tác,1128,Nghiên_cứu_và_Phát_triển,13,3,Y_khoa,1,1803,2,Nam,95,4,2,Đại_diện_chăm_sóc_sức_khỏe,1,Đã_kết_hôn,5538,5696,5,Có,Không,18,3,3,80,2,10,2,2,0,0,0,0
35,Không,Không_công_tác,1180,Nghiên_cứu_và_Phát_triển,2,2,Y_khoa,1,1804,2,Nam,90,3,2,Giám_đốc_sản_xuất,4,Ly_hôn,5762,24442,2,Có,Không,14,3,3,80,1,15,6,3,7,7,1,7
38,Không,Không_công_tác,1336,Nhân_sự,2,3,Nhân_sự,1,1805,1,Nam,100,3,1,Nhân_sự,2,Ly_hôn,2592,7129,5,Có,Không,13,3,4,80,3,13,3,3,11,10,3,8
34,Có,Thường_xuyên_công_tác,234,Nghiên_cứu_và_Phát_triển,9,4,Khoa_học_sự_sống,1,1807,4,Nam,93,3,2,Kỹ_thuật_viên_phòng_thí_nghiệm,1,Đã_kết_hôn,5346,6208,4,Có,Không,17,3,3,80,1,11,3,2,7,1,0,7
37,Có,Ít_khi_công_tác,370,Nghiên_cứu_và_Phát_triển,10,4,Y_khoa,1,1809,4,Nam,58,3,2,Giám_đốc_sản_xuất,1,Độc_thân,4213,4992,1,Có,Không,15,3,2,80,0,10,4,1,10,3,0,8
39,Không,Thường_xuyên_công_tác,766,Kinh_doanh,20,3,Khoa_học_sự_sống,1,1812,3,Nam,83,3,2,Chuyên_viên_kinh_doanh,4,Ly_hôn,4127,19188,2,Có,Không,18,3,4,80,1,7,6,3,2,1,2,2
43,Không,Không_công_tác,343,Nghiên_cứu_và_Phát_triển,9,3,Khoa_học_sự_sống,1,1813,1,Nam,52,3,1,Nhà_nghiên_cứu_khoa_học,3,Độc_thân,2438,24978,4,Có,Không,13,3,3,80,0,7,2,2,3,2,1,2
41,Không,Ít_khi_công_tác,447,Nghiên_cứu_và_Phát_triển,5,3,Khoa_học_sự_sống,1,1814,2,Nam,85,4,2,Đại_diện_chăm_sóc_sức_khỏe,2,Độc_thân,6870,15530,3,Có,Không,12,3,1,80,0,11,3,1,3,2,1,2
41,Không,Ít_khi_công_tác,796,Kinh_doanh,4,1,Tiếp_thị,1,1815,3,Nữ,81,3,3,Chuyên_viên_kinh_doanh,3,Ly_hôn,10447,26458,0,Có,Có,13,3,4,80,1,23,3,4,22,14,13,5
30,Không,Ít_khi_công_tác,1092,Nghiên_cứu_và_Phát_triển,10,3,Y_khoa,1,1816,1,Nữ,64,3,3,Giám_đốc_sản_xuất,3,Độc_thân,9667,2739,9,Có,Không,14,3,2,80,0,9,3,3,7,7,0,2
26,Có,Ít_khi_công_tác,920,Nhân_sự,20,2,Y_khoa,1,1818,4,Nữ,69,3,1,Nhân_sự,2,Đã_kết_hôn,2148,6889,0,Có,Có,11,3,3,80,0,6,3,3,5,1,1,4
46,Có,Ít_khi_công_tác,261,Nghiên_cứu_và_Phát_triển,21,2,Y_khoa,1,1821,4,Nữ,66,3,2,Đại_diện_chăm_sóc_sức_khỏe,2,Đã_kết_hôn,8926,10842,4,Có,Không,22,4,4,80,1,13,2,4,9,7,3,7
40,Không,Ít_khi_công_tác,1194,Nghiên_cứu_và_Phát_triển,1,3,Khoa_học_sự_sống,1,1822,3,Nữ,52,3,2,Đại_diện_chăm_sóc_sức_khỏe,4,Ly_hôn,6513,9060,4,Có,Không,17,3,4,80,1,12,3,3,5,3,0,3
34,Không,Ít_khi_công_tác,810,Kinh_doanh,8,2,Bằng_kỹ_thuật,1,1823,2,Nam,92,4,2,Chuyên_viên_kinh_doanh,3,Đã_kết_hôn,6799,22128,1,Có,Không,21,4,3,80,2,10,5,3,10,8,4,8
58,Không,Không_công_tác,350,Kinh_doanh,2,3,Y_khoa,1,1824,2,Nam,52,3,4,Quản_lý,2,Ly_hôn,16291,22577,4,Có,Không,22,4,4,80,1,37,0,2,16,9,14,14
35,Không,Ít_khi_công_tác,185,Nghiên_cứu_và_Phát_triển,23,4,Y_khoa,1,1826,2,Nam,91,1,1,Kỹ_thuật_viên_phòng_thí_nghiệm,3,Đã_kết_hôn,2705,9696,0,Có,Không,16,3,2,80,1,6,2,4,5,4,0,3
47,Không,Ít_khi_công_tác,1001,Nghiên_cứu_và_Phát_triển,4,3,Khoa_học_sự_sống,1,1827,3,Nữ,92,2,3,Giám_đốc_sản_xuất,2,Ly_hôn,10333,19271,8,Có,Có,12,3,3,80,1,28,4,3,22,11,14,10
40,Không,Ít_khi_công_tác,750,Nghiên_cứu_và_Phát_triển,12,3,Khoa_học_sự_sống,1,1829,2,Nữ,47,3,2,Đại_diện_chăm_sóc_sức_khỏe,1,Ly_hôn,4448,10748,2,Có,Không,12,3,2,80,1,15,3,3,7,4,7,7
54,Không,Ít_khi_công_tác,431,Nghiên_cứu_và_Phát_triển,7,4,Y_khoa,1,1830,4,Nữ,68,3,2,Nhà_nghiên_cứu_khoa_học,4,Đã_kết_hôn,6854,15696,4,Có,Không,15,3,2,80,1,14,2,2,7,1,1,7
31,Không,Thường_xuyên_công_tác,1125,Kinh_doanh,7,4,Tiếp_thị,1,1833,1,Nữ,68,3,3,Chuyên_viên_kinh_doanh,1,Đã_kết_hôn,9637,8277,2,Có,Không,14,3,4,80,2,9,3,3,3,2,2,2
28,Không,Ít_khi_công_tác,1217,Nghiên_cứu_và_Phát_triển,1,3,Y_khoa,1,1834,3,Nữ,67,3,1,Nhà_nghiên_cứu_khoa_học,1,Đã_kết_hôn,3591,12719,1,Có,Không,25,4,3,80,1,3,3,3,3,2,1,2
38,Không,Ít_khi_công_tác,723,Kinh_doanh,2,4,Tiếp_thị,1,1835,2,Nữ,77,1,2,Đại_diện_kinh_doanh,4,Đã_kết_hôn,5405,4244,2,Có,Có,20,4,1,80,2,20,4,2,4,2,0,3
26,Không,Ít_khi_công_tác,572,Kinh_doanh,10,3,Y_khoa,1,1836,3,Nam,46,3,2,Chuyên_viên_kinh_doanh,4,Độc_thân,4684,9125,1,Có,Không,13,3,1,80,0,5,4,3,5,3,1,2
58,Không,Thường_xuyên_công_tác,1216,Nghiên_cứu_và_Phát_triển,15,4,Khoa_học_sự_sống,1,1837,1,Nam,87,3,4,Giám_đốc_nghiên_cứu,3,Đã_kết_hôn,15787,21624,2,Có,Có,14,3,2,80,0,23,3,3,2,2,2,2
18,Không,Không_công_tác,1431,Nghiên_cứu_và_Phát_triển,14,3,Y_khoa,1,1839,2,Nữ,33,3,1,Nhà_nghiên_cứu_khoa_học,3,Độc_thân,1514,8018,1,Có,Không,16,3,3,80,0,0,4,1,0,0,0,0
31,Có,Ít_khi_công_tác,359,Nhân_sự,18,5,Nhân_sự,1,1842,4,Nam,89,4,1,Nhân_sự,1,Đã_kết_hôn,2956,21495,0,Có,Không,17,3,3,80,0,2,4,3,1,0,0,0
29,Có,Ít_khi_công_tác,350,Nhân_sự,13,3,Nhân_sự,1,1844,1,Nam,56,2,1,Nhân_sự,1,Ly_hôn,2335,3157,4,Có,Có,15,3,4,80,3,4,3,3,2,2,2,0
45,Không,Không_công_tác,589,Kinh_doanh,2,4,Khoa_học_sự_sống,1,1845,3,Nữ,67,3,2,Chuyên_viên_kinh_doanh,3,Đã_kết_hôn,5154,19665,4,Có,Không,22,4,2,80,2,10,3,4,8,7,5,7
36,Không,Ít_khi_công_tác,430,Nghiên_cứu_và_Phát_triển,2,4,Khác,1,1847,4,Nữ,73,3,2,Nhà_nghiên_cứu_khoa_học,2,Đã_kết_hôn,6962,19573,4,Có,Có,22,4,4,80,1,15,2,3,1,0,0,0
43,Không,Thường_xuyên_công_tác,1422,Kinh_doanh,2,4,Khoa_học_sự_sống,1,1849,1,Nam,92,3,2,Chuyên_viên_kinh_doanh,4,Đã_kết_hôn,5675,19246,1,Có,Không,20,4,3,80,1,7,5,3,7,7,7,7
27,Không,Thường_xuyên_công_tác,1297,Nghiên_cứu_và_Phát_triển,5,2,Khoa_học_sự_sống,1,1850,4,Nữ,53,3,1,Kỹ_thuật_viên_phòng_thí_nghiệm,4,Độc_thân,2379,19826,0,Có,Có,14,3,3,80,0,6,3,2,5,4,0,2
29,Không,Thường_xuyên_công_tác,574,Nghiên_cứu_và_Phát_triển,20,1,Y_khoa,1,1852,4,Nam,40,3,1,Kỹ_thuật_viên_phòng_thí_nghiệm,4,Đã_kết_hôn,3812,7003,1,Có,Không,13,3,2,80,0,11,3,4,11,8,3,10
32,Không,Thường_xuyên_công_tác,1318,Kinh_doanh,10,4,Tiếp_thị,1,1853,4,Nam,79,3,2,Chuyên_viên_kinh_doanh,4,Độc_thân,4648,26075,8,Có,Không,13,3,3,80,0,4,2,4,0,0,0,0
42,Không,Không_công_tác,355,Nghiên_cứu_và_Phát_triển,10,4,Bằng_kỹ_thuật,1,1854,3,Nam,38,3,1,Nhà_nghiên_cứu_khoa_học,3,Đã_kết_hôn,2936,6161,3,Có,Không,22,4,2,80,2,10,1,2,6,3,3,3
47,Không,Ít_khi_công_tác,207,Nghiên_cứu_và_Phát_triển,9,4,Khoa_học_sự_sống,1,1856,2,Nữ,64,3,1,Kỹ_thuật_viên_phòng_thí_nghiệm,3,Độc_thân,2105,5411,4,Có,Không,12,3,3,80,0,7,2,3,2,2,2,0
46,Không,Ít_khi_công_tác,706,Nghiên_cứu_và_Phát_triển,2,2,Khoa_học_sự_sống,1,1857,4,Nam,82,3,3,Giám_đốc_sản_xuất,4,Ly_hôn,8578,19989,3,Có,Không,14,3,3,80,1,12,4,2,9,8,4,7
28,Không,Không_công_tác,280,Nhân_sự,1,2,Khoa_học_sự_sống,1,1858,3,Nam,43,3,1,Nhân_sự,4,Ly_hôn,2706,10494,1,Có,Không,15,3,2,80,1,3,2,3,3,2,2,2
29,Không,Ít_khi_công_tác,726,Nghiên_cứu_và_Phát_triển,29,1,Khoa_học_sự_sống,1,1859,4,Nam,93,1,2,Đại_diện_chăm_sóc_sức_khỏe,3,Ly_hôn,6384,21143,8,Có,Không,17,3,4,80,2,11,3,3,7,0,1,6
42,Không,Ít_khi_công_tác,1142,Nghiên_cứu_và_Phát_triển,8,3,Khoa_học_sự_sống,1,1860,4,Nam,81,3,1,Kỹ_thuật_viên_phòng_thí_nghiệm,3,Độc_thân,3968,13624,4,Có,Không,13,3,4,80,0,8,3,3,0,0,0,0
32,Có,Ít_khi_công_tác,414,Kinh_doanh,2,4,Tiếp_thị,1,1862,3,Nam,82,2,2,Chuyên_viên_kinh_doanh,2,Độc_thân,9907,26186,7,Có,Có,12,3,3,80,0,7,3,2,2,2,2,2
46,Không,Ít_khi_công_tác,1319,Kinh_doanh,3,3,Bằng_kỹ_thuật,1,1863,1,Nữ,45,4,4,Chuyên_viên_kinh_doanh,1,Ly_hôn,13225,7739,2,Có,Không,12,3,4,80,1,25,5,3,19,17,2,8
27,Không,Ít_khi_công_tác,728,Kinh_doanh,23,1,Y_khoa,1,1864,2,Nữ,36,2,2,Đại_diện_kinh_doanh,3,Đã_kết_hôn,3540,7018,1,Có,Không,21,4,4,80,1,9,5,3,9,8,5,8
29,Không,Ít_khi_công_tác,352,Nhân_sự,6,1,Y_khoa,1,1865,4,Nam,87,2,1,Nhân_sự,2,Đã_kết_hôn,2804,15434,1,Có,Không,11,3,4,80,0,1,3,3,1,0,0,0
43,Không,Ít_khi_công_tác,823,Nghiên_cứu_và_Phát_triển,6,3,Y_khoa,1,1866,1,Nữ,81,2,5,Quản_lý,3,Đã_kết_hôn,19392,22539,7,Có,Không,13,3,4,80,0,21,2,3,16,12,6,14
48,Không,Ít_khi_công_tác,1224,Nghiên_cứu_và_Phát_triển,10,3,Khoa_học_sự_sống,1,1867,4,Nam,91,2,5,Giám_đốc_nghiên_cứu,2,Đã_kết_hôn,19665,13583,4,Có,Không,12,3,4,80,0,29,3,3,22,10,12,9
29,Có,Thường_xuyên_công_tác,459,Nghiên_cứu_và_Phát_triển,24,2,Khoa_học_sự_sống,1,1868,4,Nam,73,2,1,Nhà_nghiên_cứu_khoa_học,4,Độc_thân,2439,14753,1,Có,Có,24,4,2,80,0,1,3,2,1,0,1,0
46,Có,Ít_khi_công_tác,1254,Kinh_doanh,10,3,Khoa_học_sự_sống,1,1869,3,Nữ,64,3,3,Chuyên_viên_kinh_doanh,2,Đã_kết_hôn,7314,14011,5,Có,Không,21,4,3,80,3,14,2,3,8,7,0,7
27,Không,Thường_xuyên_công_tác,1131,Nghiên_cứu_và_Phát_triển,15,3,Khoa_học_sự_sống,1,1870,4,Nữ,77,2,1,Nhà_nghiên_cứu_khoa_học,1,Đã_kết_hôn,4774,23844,0,Có,Không,19,3,4,80,1,8,2,2,7,6,7,3
39,Không,Ít_khi_công_tác,835,Nghiên_cứu_và_Phát_triển,19,4,Khác,1,1871,4,Nam,41,3,2,Nhà_nghiên_cứu_khoa_học,4,Ly_hôn,3902,5141,8,Có,Không,14,3,2,80,3,7,2,3,2,2,2,2
55,Không,Ít_khi_công_tác,836,Nghiên_cứu_và_Phát_triển,2,4,Bằng_kỹ_thuật,1,1873,2,Nam,98,2,1,Nhà_nghiên_cứu_khoa_học,4,Đã_kết_hôn,2662,7975,8,Có,Không,20,4,2,80,1,19,2,4,5,2,0,4
28,Không,Ít_khi_công_tác,1172,Kinh_doanh,3,3,Y_khoa,1,1875,2,Nữ,78,3,1,Đại_diện_kinh_doanh,2,Đã_kết_hôn,2856,3692,1,Có,Không,19,3,4,80,1,1,3,3,1,0,0,0
30,Có,Ít_khi_công_tác,945,Kinh_doanh,9,3,Y_khoa,1,1876,2,Nam,89,3,1,Đại_diện_kinh_doanh,4,Độc_thân,1081,16019,1,Có,Không,13,3,3,80,0,1,3,2,1,0,0,0
22,Có,Ít_khi_công_tác,391,Nghiên_cứu_và_Phát_triển,7,1,Khoa_học_sự_sống,1,1878,4,Nam,75,3,1,Nhà_nghiên_cứu_khoa_học,2,Độc_thân,2472,26092,1,Có,Có,23,4,1,80,0,1,2,3,1,0,0,0
36,Không,Ít_khi_công_tác,1266,Kinh_doanh,10,4,Bằng_kỹ_thuật,1,1880,2,Nữ,63,2,2,Chuyên_viên_kinh_doanh,3,Đã_kết_hôn,5673,6060,1,Có,Có,13,3,1,80,1,10,4,3,10,9,1,7
31,Không,Ít_khi_công_tác,311,Nghiên_cứu_và_Phát_triển,20,3,Khoa_học_sự_sống,1,1881,2,Nam,89,3,2,Kỹ_thuật_viên_phòng_thí_nghiệm,3,Ly_hôn,4197,18624,1,Có,Không,11,3,1,80,1,10,2,3,10,8,0,2
34,Không,Ít_khi_công_tác,1480,Kinh_doanh,4,3,Khoa_học_sự_sống,1,1882,3,Nam,64,3,3,Chuyên_viên_kinh_doanh,4,Đã_kết_hôn,9713,24444,2,Có,Có,13,3,4,80,3,9,3,3,5,3,1,0
29,Không,Ít_khi_công_tác,592,Nghiên_cứu_và_Phát_triển,7,3,Khoa_học_sự_sống,1,1883,4,Nam,59,3,1,Kỹ_thuật_viên_phòng_thí_nghiệm,1,Độc_thân,2062,19384,3,Có,Không,14,3,2,80,0,11,2,3,3,2,1,2
37,Không,Ít_khi_công_tác,783,Nghiên_cứu_và_Phát_triển,7,4,Y_khoa,1,1885,4,Nam,78,3,2,Nhà_nghiên_cứu_khoa_học,1,Đã_kết_hôn,4284,13588,5,Có,Có,22,4,3,80,1,16,2,3,5,3,0,4
35,Không,Ít_khi_công_tác,219,Nghiên_cứu_và_Phát_triển,16,2,Khác,1,1886,4,Nữ,44,2,2,Giám_đốc_sản_xuất,2,Đã_kết_hôn,4788,25388,0,Có,Có,11,3,4,80,0,4,2,3,3,2,0,2
45,Không,Ít_khi_công_tác,556,Nghiên_cứu_và_Phát_triển,25,2,Khoa_học_sự_sống,1,1888,2,Nữ,93,2,2,Giám_đốc_sản_xuất,4,Đã_kết_hôn,5906,23888,0,Có,Không,13,3,4,80,2,10,2,2,9,8,3,8
36,Không,Thường_xuyên_công_tác,1213,Nhân_sự,2,1,Nhân_sự,1,1890,2,Nam,94,2,2,Nhân_sự,4,Độc_thân,3886,4223,1,Có,Không,21,4,4,80,0,10,2,2,10,1,0,8
40,Không,Ít_khi_công_tác,1137,Nghiên_cứu_và_Phát_triển,1,4,Khoa_học_sự_sống,1,1892,1,Nam,98,3,4,Quản_lý,1,Ly_hôn,16823,18991,2,Có,Không,11,3,1,80,1,22,3,3,19,7,11,16
26,Không,Ít_khi_công_tác,482,Nghiên_cứu_và_Phát_triển,1,2,Khoa_học_sự_sống,1,1893,2,Nữ,90,2,1,Nhà_nghiên_cứu_khoa_học,3,Đã_kết_hôn,2933,14908,1,Có,Có,13,3,3,80,1,1,3,2,1,0,1,0
27,Không,Ít_khi_công_tác,511,Kinh_doanh,2,2,Y_khoa,1,1898,1,Nữ,89,4,2,Chuyên_viên_kinh_doanh,3,Độc_thân,6500,26997,0,Có,Không,14,3,2,80,0,9,5,2,8,7,0,7
48,Không,Thường_xuyên_công_tác,117,Nghiên_cứu_và_Phát_triển,22,3,Y_khoa,1,1900,4,Nữ,58,3,4,Quản_lý,4,Ly_hôn,17174,2437,3,Có,Không,11,3,2,80,1,24,3,3,22,17,4,7
44,Không,Ít_khi_công_tác,170,Nghiên_cứu_và_Phát_triển,1,4,Khoa_học_sự_sống,1,1903,2,Nam,78,4,2,Đại_diện_chăm_sóc_sức_khỏe,1,Đã_kết_hôn,5033,9364,2,Có,Không,15,3,4,80,1,10,5,3,2,0,2,2
34,Có,Không_công_tác,967,Nghiên_cứu_và_Phát_triển,16,4,Bằng_kỹ_thuật,1,1905,4,Nam,85,1,1,Nhà_nghiên_cứu_khoa_học,1,Đã_kết_hôn,2307,14460,1,Có,Có,23,4,2,80,1,5,2,3,5,2,3,0
56,Có,Ít_khi_công_tác,1162,Nghiên_cứu_và_Phát_triển,24,2,Khoa_học_sự_sống,1,1907,1,Nam,97,3,1,Kỹ_thuật_viên_phòng_thí_nghiệm,4,Độc_thân,2587,10261,1,Có,Không,16,3,4,80,0,5,3,3,4,2,1,0
36,Không,Ít_khi_công_tác,335,Kinh_doanh,17,2,Tiếp_thị,1,1908,3,Nam,33,2,2,Chuyên_viên_kinh_doanh,2,Đã_kết_hôn,5507,16822,2,Có,Không,16,3,3,80,2,12,1,1,4,2,1,3
41,Không,Ít_khi_công_tác,337,Kinh_doanh,8,3,Tiếp_thị,1,1909,3,Nữ,54,3,2,Chuyên_viên_kinh_doanh,2,Đã_kết_hôn,4393,26841,5,Có,Không,21,4,3,80,1,14,3,3,5,4,1,4
42,Không,Ít_khi_công_tác,1396,Nghiên_cứu_và_Phát_triển,6,3,Y_khoa,1,1911,3,Nam,83,3,3,Giám_đốc_nghiên_cứu,1,Đã_kết_hôn,13348,14842,9,Có,Không,13,3,2,80,1,18,3,4,13,7,5,7
31,Không,Ít_khi_công_tác,1079,Kinh_doanh,10,2,Y_khoa,1,1912,3,Nữ,86,3,2,Chuyên_viên_kinh_doanh,4,Ly_hôn,6583,20115,2,Có,Có,11,3,4,80,1,8,2,3,5,2,1,4
34,Không,Ít_khi_công_tác,735,Kinh_doanh,3,1,Y_khoa,1,1915,4,Nữ,75,2,2,Chuyên_viên_kinh_doanh,4,Đã_kết_hôn,8103,16495,3,Có,Có,12,3,3,80,0,9,3,2,4,2,0,1
31,Không,Ít_khi_công_tác,471,Nghiên_cứu_và_Phát_triển,4,3,Y_khoa,1,1916,1,Nữ,62,4,1,Kỹ_thuật_viên_phòng_thí_nghiệm,3,Ly_hôn,3978,16031,8,Có,Không,12,3,2,80,1,4,0,2,2,2,2,2
26,Không,Thường_xuyên_công_tác,1096,Nghiên_cứu_và_Phát_triển,6,3,Khác,1,1918,3,Nam,61,4,1,Kỹ_thuật_viên_phòng_thí_nghiệm,4,Đã_kết_hôn,2544,7102,0,Có,Không,18,3,1,80,1,8,3,3,7,7,7,7
45,Không,Thường_xuyên_công_tác,1297,Nghiên_cứu_và_Phát_triển,1,4,Y_khoa,1,1922,2,Nam,44,3,2,Đại_diện_chăm_sóc_sức_khỏe,3,Độc_thân,5399,14511,4,Có,Không,12,3,3,80,0,12,3,3,4,2,0,3
33,Không,Ít_khi_công_tác,217,Kinh_doanh,10,4,Tiếp_thị,1,1924,2,Nam,43,3,2,Chuyên_viên_kinh_doanh,3,Độc_thân,5487,10410,1,Có,Không,14,3,2,80,0,10,2,2,10,4,0,9
28,Không,Thường_xuyên_công_tác,783,Kinh_doanh,1,2,Khoa_học_sự_sống,1,1927,3,Nam,42,2,2,Chuyên_viên_kinh_doanh,4,Đã_kết_hôn,6834,19255,1,Có,Có,12,3,3,80,1,7,2,3,7,7,0,7
29,Có,Thường_xuyên_công_tác,746,Kinh_doanh,24,3,Bằng_kỹ_thuật,1,1928,3,Nam,45,4,1,Đại_diện_kinh_doanh,1,Độc_thân,1091,10642,1,Có,Không,17,3,4,80,0,1,3,3,1,0,0,0
39,Không,Không_công_tác,1251,Kinh_doanh,21,4,Khoa_học_sự_sống,1,1929,1,Nữ,32,1,2,Chuyên_viên_kinh_doanh,3,Đã_kết_hôn,5736,3987,6,Có,Không,19,3,3,80,1,10,1,3,3,2,1,2
27,Không,Ít_khi_công_tác,1354,Nghiên_cứu_và_Phát_triển,2,4,Bằng_kỹ_thuật,1,1931,2,Nam,41,3,1,Nhà_nghiên_cứu_khoa_học,2,Đã_kết_hôn,2226,6073,1,Có,Không,11,3,3,80,1,6,3,2,5,3,1,2
34,Không,Thường_xuyên_công_tác,735,Nghiên_cứu_và_Phát_triển,22,4,Khác,1,1932,3,Nam,86,2,2,Nhà_nghiên_cứu_khoa_học,4,Đã_kết_hôn,5747,26496,1,Có,Có,15,3,2,80,0,16,3,3,15,10,6,11
28,Có,Ít_khi_công_tác,1475,Kinh_doanh,13,2,Tiếp_thị,1,1933,4,Nữ,84,3,2,Chuyên_viên_kinh_doanh,3,Độc_thân,9854,23352,3,Có,Có,11,3,4,80,0,6,0,3,2,0,2,2
47,Không,Không_công_tác,1169,Nghiên_cứu_và_Phát_triển,14,4,Bằng_kỹ_thuật,1,1934,3,Nam,64,3,2,Nhà_nghiên_cứu_khoa_học,2,Đã_kết_hôn,5467,2125,8,Có,Không,18,3,3,80,1,16,4,4,8,7,1,7
56,Không,Ít_khi_công_tác,1443,Kinh_doanh,11,5,Tiếp_thị,1,1935,4,Nữ,89,2,2,Chuyên_viên_kinh_doanh,1,Đã_kết_hôn,5380,20328,4,Có,Không,16,3,3,80,1,6,3,3,0,0,0,0
39,Không,Ít_khi_công_tác,867,Nghiên_cứu_và_Phát_triển,9,2,Y_khoa,1,1936,1,Nam,87,3,2,Giám_đốc_sản_xuất,1,Đã_kết_hôn,5151,12315,1,Có,Không,25,4,4,80,1,10,3,3,10,0,7,9
38,Không,Thường_xuyên_công_tác,1394,Nghiên_cứu_và_Phát_triển,8,3,Y_khoa,1,1937,4,Nữ,58,2,2,Nhà_nghiên_cứu_khoa_học,2,Ly_hôn,2133,18115,1,Có,Có,16,3,3,80,1,20,3,3,20,11,0,7
58,Không,Ít_khi_công_tác,605,Kinh_doanh,21,3,Khoa_học_sự_sống,1,1938,4,Nữ,72,3,4,Quản_lý,4,Đã_kết_hôn,17875,11761,4,Có,Có,13,3,3,80,1,29,2,2,1,0,0,0
32,Có,Thường_xuyên_công_tác,238,Nghiên_cứu_và_Phát_triển,5,2,Khoa_học_sự_sống,1,1939,1,Nữ,47,4,1,Nhà_nghiên_cứu_khoa_học,3,Độc_thân,2432,15318,3,Có,Có,14,3,1,80,0,8,2,3,4,1,0,3
38,Không,Ít_khi_công_tác,1206,Nghiên_cứu_và_Phát_triển,9,2,Khoa_học_sự_sống,1,1940,2,Nam,71,3,1,Nhà_nghiên_cứu_khoa_học,4,Ly_hôn,4771,14293,2,Có,Không,19,3,4,80,2,10,0,4,5,2,0,3
49,Không,Thường_xuyên_công_tác,1064,Nghiên_cứu_và_Phát_triển,2,1,Khoa_học_sự_sống,1,1941,2,Nam,42,3,5,Giám_đốc_nghiên_cứu,4,Đã_kết_hôn,19161,13738,3,Có,Không,15,3,4,80,0,28,3,3,5,4,4,3
42,Không,Ít_khi_công_tác,419,Kinh_doanh,12,4,Tiếp_thị,1,1943,2,Nam,77,3,2,Chuyên_viên_kinh_doanh,4,Ly_hôn,5087,2900,3,Có,Có,12,3,3,80,2,14,4,3,0,0,0,0
27,Có,Thường_xuyên_công_tác,1337,Nhân_sự,22,3,Nhân_sự,1,1944,1,Nữ,58,2,1,Nhân_sự,2,Đã_kết_hôn,2863,19555,1,Có,Không,12,3,1,80,0,1,2,3,1,0,0,0
35,Không,Ít_khi_công_tác,682,Kinh_doanh,18,4,Y_khoa,1,1945,2,Nam,71,3,2,Chuyên_viên_kinh_doanh,1,Đã_kết_hôn,5561,15975,0,Có,Không,16,3,4,80,1,6,2,1,5,3,0,4
28,Không,Không_công_tác,1103,Nghiên_cứu_và_Phát_triển,16,3,Y_khoa,1,1947,3,Nam,49,3,1,Nhà_nghiên_cứu_khoa_học,3,Độc_thân,2144,2122,1,Có,Không,14,3,3,80,0,5,3,2,5,3,1,4
31,Không,Không_công_tác,976,Nghiên_cứu_và_Phát_triển,3,2,Y_khoa,1,1948,3,Nam,48,3,1,Nhà_nghiên_cứu_khoa_học,1,Ly_hôn,3065,3995,1,Có,Có,13,3,4,80,1,4,3,4,4,2,2,3
36,Không,Không_công_tác,1351,Nghiên_cứu_và_Phát_triển,9,4,Khoa_học_sự_sống,1,1949,1,Nam,66,4,1,Kỹ_thuật_viên_phòng_thí_nghiệm,2,Đã_kết_hôn,2810,9238,1,Có,Không,22,4,2,80,0,5,3,3,5,4,0,2
34,Không,Ít_khi_công_tác,937,Kinh_doanh,1,3,Tiếp_thị,1,1950,1,Nam,32,3,3,Chuyên_viên_kinh_doanh,4,Độc_thân,9888,6770,1,Có,Không,21,4,1,80,0,14,3,2,14,8,2,1
34,Không,Ít_khi_công_tác,1239,Kinh_doanh,13,4,Y_khoa,1,1951,4,Nam,39,3,3,Chuyên_viên_kinh_doanh,3,Ly_hôn,8628,22914,1,Có,Không,18,3,3,80,1,9,2,2,8,7,1,1
26,Không,Ít_khi_công_tác,157,Nghiên_cứu_và_Phát_triển,1,3,Y_khoa,1,1952,3,Nam,95,3,1,Kỹ_thuật_viên_phòng_thí_nghiệm,1,Độc_thân,2867,20006,0,Có,Không,13,3,4,80,0,8,6,2,7,7,7,6
29,Không,Ít_khi_công_tác,136,Nghiên_cứu_và_Phát_triển,1,3,Khoa_học_sự_sống,1,1954,1,Nam,89,3,2,Đại_diện_chăm_sóc_sức_khỏe,1,Đã_kết_hôn,5373,6225,0,Có,Không,12,3,1,80,1,6,5,2,5,3,0,2
32,Không,Không_công_tác,1146,Nghiên_cứu_và_Phát_triển,15,4,Y_khoa,1,1955,3,Nữ,34,3,2,Đại_diện_chăm_sóc_sức_khỏe,4,Ly_hôn,6667,16542,5,Có,Không,18,3,2,80,1,9,6,3,5,1,1,2
31,Không,Thường_xuyên_công_tác,1125,Nghiên_cứu_và_Phát_triển,1,3,Khoa_học_sự_sống,1,1956,4,Nam,48,1,2,Nhà_nghiên_cứu_khoa_học,1,Đã_kết_hôn,5003,5771,1,Có,Không,21,4,2,80,0,10,6,3,10,8,8,7
28,Có,Ít_khi_công_tác,1404,Nghiên_cứu_và_Phát_triển,17,3,Bằng_kỹ_thuật,1,1960,3,Nam,32,2,1,Kỹ_thuật_viên_phòng_thí_nghiệm,4,Ly_hôn,2367,18779,5,Có,Không,12,3,1,80,1,6,2,2,4,1,0,3
38,Không,Ít_khi_công_tác,1404,Kinh_doanh,1,3,Khoa_học_sự_sống,1,1961,1,Nam,59,2,1,Đại_diện_kinh_doanh,1,Độc_thân,2858,11473,4,Có,Không,14,3,1,80,0,20,3,2,1,0,0,0
35,Không,Ít_khi_công_tác,1224,Kinh_doanh,7,4,Khoa_học_sự_sống,1,1962,3,Nữ,55,3,2,Chuyên_viên_kinh_doanh,4,Đã_kết_hôn,5204,13586,1,Có,Có,11,3,4,80,0,10,2,3,10,8,0,9
27,Không,Ít_khi_công_tác,954,Kinh_doanh,9,3,Tiếp_thị,1,1965,4,Nam,44,3,2,Chuyên_viên_kinh_doanh,4,Độc_thân,4105,5099,1,Có,Không,14,3,1,80,0,7,5,3,7,7,0,7
32,Không,Ít_khi_công_tác,1373,Nghiên_cứu_và_Phát_triển,5,4,Khoa_học_sự_sống,1,1966,4,Nam,56,2,2,Giám_đốc_sản_xuất,4,Độc_thân,9679,10138,8,Có,Không,24,4,2,80,0,8,1,3,1,0,0,0
31,Có,Thường_xuyên_công_tác,754,Kinh_doanh,26,4,Tiếp_thị,1,1967,1,Nam,63,3,2,Chuyên_viên_kinh_doanh,4,Đã_kết_hôn,5617,21075,1,Có,Có,11,3,3,80,0,10,4,3,10,7,0,8
53,Có,Ít_khi_công_tác,1168,Kinh_doanh,24,4,Khoa_học_sự_sống,1,1968,1,Nam,66,3,3,Chuyên_viên_kinh_doanh,1,Độc_thân,10448,5843,6,Có,Có,13,3,2,80,0,15,2,2,2,2,2,2
54,Không,Ít_khi_công_tác,155,Nghiên_cứu_và_Phát_triển,9,2,Khoa_học_sự_sống,1,1969,1,Nữ,67,3,2,Nhà_nghiên_cứu_khoa_học,3,Đã_kết_hôn,2897,22474,3,Có,Không,11,3,3,80,2,9,6,2,4,3,2,3
33,Không,Thường_xuyên_công_tác,1303,Nghiên_cứu_và_Phát_triển,7,2,Khoa_học_sự_sống,1,1970,4,Nam,36,3,2,Đại_diện_chăm_sóc_sức_khỏe,3,Ly_hôn,5968,18079,1,Có,Không,20,4,3,80,3,9,2,3,9,7,2,8
43,Không,Ít_khi_công_tác,574,Nghiên_cứu_và_Phát_triển,11,3,Khoa_học_sự_sống,1,1971,1,Nam,30,3,3,Đại_diện_chăm_sóc_sức_khỏe,3,Đã_kết_hôn,7510,16873,1,Có,Không,17,3,2,80,1,10,1,3,10,9,0,9
38,Không,Thường_xuyên_công_tác,1444,Nhân_sự,1,4,Khác,1,1972,4,Nam,88,3,1,Nhân_sự,2,Đã_kết_hôn,2991,5224,0,Có,Có,11,3,2,80,1,7,2,3,6,2,1,2
55,Không,Ít_khi_công_tác,189,Nhân_sự,26,4,Nhân_sự,1,1973,3,Nam,71,4,5,Quản_lý,2,Đã_kết_hôn,19636,25811,4,Có,Có,18,3,1,80,1,35,0,3,10,9,1,4
31,Không,Ít_khi_công_tác,1276,Nghiên_cứu_và_Phát_triển,2,1,Y_khoa,1,1974,4,Nữ,59,1,1,Kỹ_thuật_viên_phòng_thí_nghiệm,4,Ly_hôn,1129,17536,1,Có,Có,11,3,3,80,3,1,4,3,1,0,0,0
39,Không,Ít_khi_công_tác,119,Kinh_doanh,15,4,Tiếp_thị,1,1975,2,Nam,77,3,4,Chuyên_viên_kinh_doanh,1,Độc_thân,13341,25098,0,Có,Không,12,3,1,80,0,21,3,3,20,8,11,10
42,Không,Không_công_tác,335,Nghiên_cứu_và_Phát_triển,23,2,Khoa_học_sự_sống,1,1976,4,Nam,37,2,2,Nhà_nghiên_cứu_khoa_học,3,Độc_thân,4332,14811,1,Có,Không,12,3,4,80,0,20,2,3,20,9,3,7
31,Không,Không_công_tác,697,Nghiên_cứu_và_Phát_triển,10,3,Y_khoa,1,1979,3,Nữ,40,3,3,Giám_đốc_nghiên_cứu,3,Đã_kết_hôn,11031,26862,4,Có,Không,20,4,3,80,1,13,2,4,11,7,4,8
54,Không,Ít_khi_công_tác,157,Nghiên_cứu_và_Phát_triển,10,3,Y_khoa,1,1980,3,Nữ,77,3,2,Giám_đốc_sản_xuất,1,Độc_thân,4440,25198,6,Có,Có,19,3,4,80,0,9,3,3,5,2,1,4
24,Không,Ít_khi_công_tác,771,Nghiên_cứu_và_Phát_triển,1,2,Khoa_học_sự_sống,1,1981,2,Nam,45,2,2,Đại_diện_chăm_sóc_sức_khỏe,3,Độc_thân,4617,14120,1,Có,Không,12,3,2,80,0,4,2,2,4,3,1,2
23,Không,Ít_khi_công_tác,571,Nghiên_cứu_và_Phát_triển,12,2,Khác,1,1982,4,Nam,78,3,1,Kỹ_thuật_viên_phòng_thí_nghiệm,4,Độc_thân,2647,13672,1,Có,Không,13,3,3,80,0,5,6,4,5,2,1,4
40,Không,Thường_xuyên_công_tác,692,Nghiên_cứu_và_Phát_triển,11,3,Bằng_kỹ_thuật,1,1985,4,Nữ,73,3,2,Kỹ_thuật_viên_phòng_thí_nghiệm,3,Đã_kết_hôn,6323,26849,1,Có,Không,11,3,1,80,1,10,2,4,10,9,9,4
40,Không,Ít_khi_công_tác,444,Kinh_doanh,2,2,Tiếp_thị,1,1986,2,Nữ,92,3,2,Chuyên_viên_kinh_doanh,2,Đã_kết_hôn,5677,4258,3,Có,Không,14,3,3,80,1,15,4,3,11,8,5,10
25,Không,Ít_khi_công_tác,309,Nhân_sự,2,3,Nhân_sự,1,1987,3,Nữ,82,3,1,Nhân_sự,2,Đã_kết_hôn,2187,19655,4,Có,Không,14,3,3,80,0,6,3,3,2,0,1,2
30,Không,Ít_khi_công_tác,911,Nghiên_cứu_và_Phát_triển,1,2,Y_khoa,1,1989,4,Nam,76,3,1,Kỹ_thuật_viên_phòng_thí_nghiệm,2,Đã_kết_hôn,3748,4077,1,Có,Không,13,3,3,80,0,12,6,2,12,8,1,7
25,Không,Ít_khi_công_tác,977,Nghiên_cứu_và_Phát_triển,2,1,Khác,1,1992,4,Nam,57,3,1,Kỹ_thuật_viên_phòng_thí_nghiệm,3,Ly_hôn,3977,7298,6,Có,Có,19,3,3,80,1,7,2,2,2,2,0,2
47,Không,Ít_khi_công_tác,1180,Nghiên_cứu_và_Phát_triển,25,3,Y_khoa,1,1993,1,Nam,84,3,3,Đại_diện_chăm_sóc_sức_khỏe,3,Độc_thân,8633,13084,2,Có,Không,23,4,2,80,0,25,3,3,17,14,12,11
33,Không,Không_công_tác,1313,Nghiên_cứu_và_Phát_triển,1,2,Y_khoa,1,1994,2,Nam,59,2,1,Kỹ_thuật_viên_phòng_thí_nghiệm,3,Ly_hôn,2008,20439,1,Có,Không,12,3,3,80,3,1,2,2,1,1,0,0
38,Không,Ít_khi_công_tác,1321,Kinh_doanh,1,4,Khoa_học_sự_sống,1,1995,4,Nam,86,3,2,Chuyên_viên_kinh_doanh,2,Đã_kết_hôn,4440,7636,0,Có,Không,15,3,1,80,2,16,3,3,15,13,5,8
31,Không,Ít_khi_công_tác,1154,Kinh_doanh,2,2,Khoa_học_sự_sống,1,1996,1,Nam,54,3,1,Đại_diện_kinh_doanh,3,Đã_kết_hôn,3067,6393,0,Có,Không,19,3,3,80,1,3,1,3,2,2,1,2
38,Không,Thường_xuyên_công_tác,508,Nghiên_cứu_và_Phát_triển,6,4,Khoa_học_sự_sống,1,1997,1,Nam,72,2,2,Giám_đốc_sản_xuất,3,Đã_kết_hôn,5321,14284,2,Có,Không,11,3,4,80,1,10,1,3,8,3,7,7
42,Không,Ít_khi_công_tác,557,Nghiên_cứu_và_Phát_triển,18,4,Khoa_học_sự_sống,1,1998,4,Nam,35,3,2,Nhà_nghiên_cứu_khoa_học,1,Ly_hôn,5410,11189,6,Có,Có,17,3,3,80,1,9,3,2,4,3,1,2
41,Không,Ít_khi_công_tác,642,Nghiên_cứu_và_Phát_triển,1,3,Khoa_học_sự_sống,1,1999,4,Nam,76,3,1,Nhà_nghiên_cứu_khoa_học,4,Đã_kết_hôn,2782,21412,3,Có,Không,22,4,1,80,1,12,3,3,5,3,1,0
47,Không,Không_công_tác,1162,Nghiên_cứu_và_Phát_triển,1,1,Y_khoa,1,2000,3,Nữ,98,3,3,Giám_đốc_nghiên_cứu,2,Đã_kết_hôn,11957,17231,0,Có,Không,18,3,1,80,2,14,3,1,13,8,5,12
35,Không,Ít_khi_công_tác,1490,Nghiên_cứu_và_Phát_triển,11,4,Y_khoa,1,2003,4,Nam,43,3,1,Kỹ_thuật_viên_phòng_thí_nghiệm,3,Đã_kết_hôn,2660,20232,7,Có,Có,11,3,3,80,1,5,3,3,2,2,2,2
22,Không,Ít_khi_công_tác,581,Nghiên_cứu_và_Phát_triển,1,2,Khoa_học_sự_sống,1,2007,4,Nam,63,3,1,Nhà_nghiên_cứu_khoa_học,3,Độc_thân,3375,17624,0,Có,Không,12,3,4,80,0,4,2,4,3,2,1,2
35,Không,Ít_khi_công_tác,1395,Nghiên_cứu_và_Phát_triển,9,4,Y_khoa,1,2008,2,Nam,48,3,2,Nhà_nghiên_cứu_khoa_học,3,Độc_thân,5098,18698,1,Có,Không,19,3,2,80,0,10,5,3,10,7,0,8
33,Không,Ít_khi_công_tác,501,Nghiên_cứu_và_Phát_triển,15,2,Y_khoa,1,2009,2,Nữ,95,3,2,Đại_diện_chăm_sóc_sức_khỏe,4,Đã_kết_hôn,4878,21653,0,Có,Có,13,3,1,80,1,10,6,3,9,7,8,1
32,Không,Ít_khi_công_tác,267,Nghiên_cứu_và_Phát_triển,29,4,Khoa_học_sự_sống,1,2010,3,Nữ,49,2,1,Kỹ_thuật_viên_phòng_thí_nghiệm,2,Độc_thân,2837,15919,1,Có,Không,13,3,3,80,0,6,3,3,6,2,4,1
40,Không,Ít_khi_công_tác,543,Nghiên_cứu_và_Phát_triển,1,4,Khoa_học_sự_sống,1,2012,1,Nam,83,3,1,Kỹ_thuật_viên_phòng_thí_nghiệm,4,Đã_kết_hôn,2406,4060,8,Có,Không,19,3,3,80,2,8,3,2,1,0,0,0
32,Không,Ít_khi_công_tác,234,Kinh_doanh,1,4,Y_khoa,1,2013,2,Nam,68,2,1,Đại_diện_kinh_doanh,2,Đã_kết_hôn,2269,18024,0,Có,Không,14,3,2,80,1,3,2,3,2,2,2,2
39,Không,Ít_khi_công_tác,116,Nghiên_cứu_và_Phát_triển,24,1,Khoa_học_sự_sống,1,2014,1,Nam,52,3,2,Nhà_nghiên_cứu_khoa_học,4,Độc_thân,4108,5340,7,Có,Không,13,3,1,80,0,18,2,3,7,7,1,7
38,Không,Ít_khi_công_tác,201,Nghiên_cứu_và_Phát_triển,10,3,Y_khoa,1,2015,2,Nữ,99,1,3,Giám_đốc_nghiên_cứu,3,Đã_kết_hôn,13206,3376,3,Có,Không,12,3,1,80,1,20,3,3,18,16,1,11
32,Không,Ít_khi_công_tác,801,Kinh_doanh,1,4,Tiếp_thị,1,2016,3,Nữ,48,3,3,Chuyên_viên_kinh_doanh,4,Đã_kết_hôn,10422,24032,1,Có,Không,19,3,3,80,2,14,3,3,14,10,5,7
37,Không,Ít_khi_công_tác,161,Nghiên_cứu_và_Phát_triển,10,3,Khoa_học_sự_sống,1,2017,3,Nữ,42,4,3,Giám_đốc_nghiên_cứu,4,Đã_kết_hôn,13744,15471,1,Có,Có,25,4,1,80,1,16,2,3,16,11,6,8
25,Không,Ít_khi_công_tác,1382,Kinh_doanh,8,2,Khác,1,2018,1,Nữ,85,3,2,Chuyên_viên_kinh_doanh,3,Ly_hôn,4907,13684,0,Có,Có,22,4,2,80,1,6,3,2,5,3,0,4
52,Không,Không_công_tác,585,Kinh_doanh,29,4,Khoa_học_sự_sống,1,2019,1,Nam,40,3,1,Đại_diện_kinh_doanh,4,Ly_hôn,3482,19788,2,Có,Không,15,3,2,80,2,16,3,2,9,8,0,0
44,Không,Ít_khi_công_tác,1037,Nghiên_cứu_và_Phát_triển,1,3,Y_khoa,1,2020,2,Nam,42,3,1,Nhà_nghiên_cứu_khoa_học,4,Độc_thân,2436,13422,6,Có,Có,12,3,3,80,0,6,2,3,4,3,1,2
21,Không,Ít_khi_công_tác,501,Kinh_doanh,5,1,Y_khoa,1,2021,3,Nam,58,3,1,Đại_diện_kinh_doanh,1,Độc_thân,2380,25479,1,Có,Có,11,3,4,80,0,2,6,3,2,2,1,2
39,Không,Không_công_tác,105,Nghiên_cứu_và_Phát_triển,9,3,Khoa_học_sự_sống,1,2022,4,Nam,87,3,5,Quản_lý,4,Độc_thân,19431,15302,2,Có,Không,13,3,3,80,0,21,3,2,6,0,1,3
23,Có,Thường_xuyên_công_tác,638,Kinh_doanh,9,3,Tiếp_thị,1,2023,4,Nam,33,3,1,Đại_diện_kinh_doanh,1,Đã_kết_hôn,1790,26956,1,Có,Không,19,3,1,80,1,1,3,2,1,0,1,0
36,Không,Ít_khi_công_tác,557,Kinh_doanh,3,3,Y_khoa,1,2024,1,Nữ,94,2,3,Chuyên_viên_kinh_doanh,4,Đã_kết_hôn,7644,12695,0,Có,Không,19,3,3,80,2,10,2,3,9,7,3,4
36,Không,Thường_xuyên_công_tác,688,Nghiên_cứu_và_Phát_triển,4,2,Khoa_học_sự_sống,1,2025,4,Nữ,97,3,2,Giám_đốc_sản_xuất,2,Ly_hôn,5131,9192,7,Có,Không,13,3,2,80,3,18,3,3,4,2,0,2
56,Không,Không_công_tác,667,Nghiên_cứu_và_Phát_triển,1,4,Khoa_học_sự_sống,1,2026,3,Nam,57,3,2,Đại_diện_chăm_sóc_sức_khỏe,3,Ly_hôn,6306,26236,1,Có,Không,21,4,1,80,1,13,2,2,13,12,1,9
29,Có,Ít_khi_công_tác,1092,Nghiên_cứu_và_Phát_triển,1,4,Y_khoa,1,2027,1,Nam,36,3,1,Nhà_nghiên_cứu_khoa_học,4,Đã_kết_hôn,4787,26124,9,Có,Có,14,3,2,80,3,4,3,4,2,2,2,2
42,Không,Ít_khi_công_tác,300,Nghiên_cứu_và_Phát_triển,2,3,Khoa_học_sự_sống,1,2031,1,Nam,56,3,5,Quản_lý,3,Đã_kết_hôn,18880,17312,5,Có,Không,11,3,1,80,0,24,2,2,22,6,4,14
56,Có,Ít_khi_công_tác,310,Nghiên_cứu_và_Phát_triển,7,2,Bằng_kỹ_thuật,1,2032,4,Nam,72,3,1,Kỹ_thuật_viên_phòng_thí_nghiệm,3,Đã_kết_hôn,2339,3666,8,Có,Không,11,3,4,80,1,14,4,1,10,9,9,8
41,Không,Ít_khi_công_tác,582,Nghiên_cứu_và_Phát_triển,28,4,Khoa_học_sự_sống,1,2034,1,Nữ,60,2,4,Giám_đốc_sản_xuất,2,Đã_kết_hôn,13570,5640,0,Có,Không,23,4,3,80,1,21,3,3,20,7,0,10
34,Không,Ít_khi_công_tác,704,Kinh_doanh,28,3,Tiếp_thị,1,2035,4,Nữ,95,2,2,Chuyên_viên_kinh_doanh,3,Đã_kết_hôn,6712,8978,1,Có,Không,21,4,4,80,2,8,2,3,8,7,1,7
36,Không,Không_công_tác,301,Kinh_doanh,15,4,Tiếp_thị,1,2036,4,Nam,88,1,2,Chuyên_viên_kinh_doanh,4,Ly_hôn,5406,10436,1,Có,Không,24,4,1,80,1,15,4,2,15,12,11,11
41,Không,Ít_khi_công_tác,930,Kinh_doanh,3,3,Khoa_học_sự_sống,1,2037,3,Nam,57,2,2,Chuyên_viên_kinh_doanh,2,Ly_hôn,8938,12227,2,Có,Không,11,3,3,80,1,14,5,3,5,4,0,4
32,Không,Ít_khi_công_tác,529,Nghiên_cứu_và_Phát_triển,2,3,Bằng_kỹ_thuật,1,2038,4,Nam,78,3,1,Nhà_nghiên_cứu_khoa_học,1,Độc_thân,2439,11288,1,Có,Không,14,3,4,80,0,4,4,3,4,2,1,2
35,Không,Ít_khi_công_tác,1146,Nhân_sự,26,4,Khoa_học_sự_sống,1,2040,3,Nữ,31,3,3,Nhân_sự,4,Độc_thân,8837,16642,1,Có,Có,16,3,3,80,0,9,2,3,9,0,1,7
38,Không,Ít_khi_công_tác,345,Kinh_doanh,10,2,Khoa_học_sự_sống,1,2041,1,Nữ,100,3,2,Chuyên_viên_kinh_doanh,4,Đã_kết_hôn,5343,5982,1,Có,Không,11,3,3,80,1,10,1,3,10,7,1,9
50,Có,Thường_xuyên_công_tác,878,Kinh_doanh,1,4,Khoa_học_sự_sống,1,2044,2,Nam,94,3,2,Chuyên_viên_kinh_doanh,3,Ly_hôn,6728,14255,7,Có,Không,12,3,4,80,2,12,3,3,6,3,0,1
36,Không,Ít_khi_công_tác,1120,Kinh_doanh,11,4,Tiếp_thị,1,2045,2,Nữ,100,2,2,Chuyên_viên_kinh_doanh,4,Đã_kết_hôn,6652,14369,4,Có,Không,13,3,1,80,1,8,2,2,6,3,0,0
45,Không,Ít_khi_công_tác,374,Kinh_doanh,20,3,Khoa_học_sự_sống,1,2046,4,Nữ,50,3,2,Chuyên_viên_kinh_doanh,3,Độc_thân,4850,23333,8,Có,Không,15,3,3,80,0,8,3,3,5,3,0,1
40,Không,Ít_khi_công_tác,1322,Nghiên_cứu_và_Phát_triển,2,4,Khoa_học_sự_sống,1,2048,3,Nam,52,2,1,Nhà_nghiên_cứu_khoa_học,3,Độc_thân,2809,2725,2,Có,Không,14,3,4,80,0,8,2,3,2,2,2,2
35,Không,Thường_xuyên_công_tác,1199,Nghiên_cứu_và_Phát_triển,18,4,Khoa_học_sự_sống,1,2049,3,Nam,80,3,2,Đại_diện_chăm_sóc_sức_khỏe,3,Đã_kết_hôn,5689,24594,1,Có,Có,14,3,4,80,2,10,2,4,10,2,0,2
40,Không,Ít_khi_công_tác,1194,Nghiên_cứu_và_Phát_triển,2,4,Y_khoa,1,2051,3,Nữ,98,3,1,Nhà_nghiên_cứu_khoa_học,3,Đã_kết_hôn,2001,12549,2,Có,Không,14,3,2,80,3,20,2,3,5,3,0,2
35,Không,Ít_khi_công_tác,287,Nghiên_cứu_và_Phát_triển,1,4,Khoa_học_sự_sống,1,2052,3,Nữ,62,1,1,Nhà_nghiên_cứu_khoa_học,4,Đã_kết_hôn,2977,8952,1,Có,Không,12,3,4,80,1,4,5,3,4,3,1,1
29,Không,Ít_khi_công_tác,1378,Nghiên_cứu_và_Phát_triển,13,2,Khác,1,2053,4,Nam,46,2,2,Kỹ_thuật_viên_phòng_thí_nghiệm,2,Đã_kết_hôn,4025,23679,4,Có,Có,13,3,1,80,1,10,2,3,4,3,0,3
29,Không,Ít_khi_công_tác,468,Nghiên_cứu_và_Phát_triển,28,4,Y_khoa,1,2054,4,Nữ,73,2,1,Nhà_nghiên_cứu_khoa_học,1,Độc_thân,3785,8489,1,Có,Không,14,3,2,80,0,5,3,1,5,4,0,4
50,Có,Ít_khi_công_tác,410,Kinh_doanh,28,3,Tiếp_thị,1,2055,4,Nam,39,2,3,Chuyên_viên_kinh_doanh,1,Ly_hôn,10854,16586,4,Có,Có,13,3,2,80,1,20,3,3,3,2,2,0
39,Không,Ít_khi_công_tác,722,Kinh_doanh,24,1,Tiếp_thị,1,2056,2,Nữ,60,2,4,Chuyên_viên_kinh_doanh,4,Đã_kết_hôn,12031,8828,0,Có,Không,11,3,1,80,1,21,2,2,20,9,9,6
31,Không,Không_công_tác,325,Nghiên_cứu_và_Phát_triển,5,3,Y_khoa,1,2057,2,Nam,74,3,2,Giám_đốc_sản_xuất,1,Độc_thân,9936,3787,0,Có,Không,19,3,2,80,0,10,2,3,9,4,1,7
26,Không,Ít_khi_công_tác,1167,Kinh_doanh,5,3,Khác,1,2060,4,Nữ,30,2,1,Đại_diện_kinh_doanh,3,Độc_thân,2966,21378,0,Có,Không,18,3,4,80,0,5,2,3,4,2,0,0
36,Không,Thường_xuyên_công_tác,884,Nghiên_cứu_và_Phát_triển,23,2,Y_khoa,1,2061,3,Nam,41,4,2,Kỹ_thuật_viên_phòng_thí_nghiệm,4,Đã_kết_hôn,2571,12290,4,Có,Không,17,3,3,80,1,17,3,3,5,2,0,3
39,Không,Ít_khi_công_tác,613,Nghiên_cứu_và_Phát_triển,6,1,Y_khoa,1,2062,4,Nam,42,2,3,Đại_diện_chăm_sóc_sức_khỏe,1,Đã_kết_hôn,9991,21457,4,Có,Không,15,3,1,80,1,9,5,3,7,7,1,7
27,Không,Ít_khi_công_tác,155,Nghiên_cứu_và_Phát_triển,4,3,Khoa_học_sự_sống,1,2064,2,Nam,87,4,2,Giám_đốc_sản_xuất,2,Đã_kết_hôn,6142,5174,1,Có,Có,20,4,2,80,1,6,0,3,6,2,0,3
49,Không,Thường_xuyên_công_tác,1023,Kinh_doanh,2,3,Y_khoa,1,2065,4,Nam,63,2,2,Chuyên_viên_kinh_doanh,2,Đã_kết_hôn,5390,13243,2,Có,Không,14,3,4,80,0,17,3,2,9,6,0,8
34,Không,Ít_khi_công_tác,628,Nghiên_cứu_và_Phát_triển,8,3,Y_khoa,1,2068,2,Nam,82,4,2,Kỹ_thuật_viên_phòng_thí_nghiệm,3,Đã_kết_hôn,4404,10228,2,Có,Không,12,3,1,80,0,6,3,4,4,3,1,2
